case_id,group_id,row,col,baseline_score,baseline_rank,score_gap_to_top1,score_gap_to_top3,candidate_count,row_norm,col_norm,dist_to_center,is_border,is_corner,module_consensus_top1,module_consensus_top3,module_consensus_top5,label,module_score_logic_rule,module_rank_logic_rule,module_score_pattern_model,module_rank_pattern_model,module_score_prior_model,module_rank_prior_model
default_0,default_0,4,10,0.758442,1,0.0,-0.08571499999999999,40,0.5,1.0,0.5,1,0,1,2,3,0,1.0,1,0.681818,3,0.428571,5
default_0,default_0,5,10,0.758442,1,0.0,-0.08571499999999999,40,0.625,1.0,0.5,1,0,1,2,3,0,1.0,1,0.681818,3,0.428571,5
default_0,default_0,1,10,0.672727,2,0.08571499999999999,0.0,40,0.125,1.0,0.8,1,1,1,2,2,0,1.0,1,0.681818,3,0.0,8
default_0,default_0,1,8,0.602597,3,0.1558449999999999,0.07012999999999991,40,0.125,0.8,0.6,1,0,1,1,1,0,1.0,1,0.363636,6,0.285714,6
default_0,default_0,7,10,0.574026,4,0.1844159999999999,0.09870099999999993,40,0.875,1.0,0.7,1,0,1,1,1,0,1.0,1,0.363636,6,0.142857,7
default_0,default_0,5,5,0.561399,5,0.19704299999999997,0.11132799999999998,40,0.625,0.5,0.1,0,0,1,2,2,0,0.030769,19,0.872727,2,1.0,1
default_0,default_0,1,3,0.5198,6,0.2386419999999999,0.15292699999999992,40,0.125,0.3,0.6,1,0,1,1,1,0,0.156643,8,1.0,1,0.285714,6
default_0,default_0,5,6,0.466517,7,0.29192499999999993,0.20620999999999995,40,0.625,0.6,0.1,0,0,1,1,2,0,0.175385,6,0.490909,4,1.0,1
default_0,default_0,6,5,0.458561,8,0.29988099999999995,0.21416599999999997,40,0.75,0.5,0.2,0,0,0,2,3,0,0.226923,3,0.490909,4,0.857143,2
default_0,default_0,1,4,0.436357,9,0.32208499999999995,0.23636999999999997,40,0.125,0.4,0.5,1,0,0,1,2,0,0.003878,29,0.872727,2,0.428571,5
default_0,default_0,6,1,0.34022,10,0.4182219999999999,0.33250699999999994,40,0.75,0.1,0.6,1,0,0,1,1,0,0.344056,2,0.363636,6,0.285714,6
default_0,default_0,4,4,0.339418,11,0.41902399999999995,0.33330899999999997,40,0.5,0.4,0.2,0,0,0,1,1,0,0.056338,13,0.363636,6,0.857143,2
default_0,default_0,6,10,0.339263,12,0.41917899999999997,0.333464,40,0.75,1.0,0.6,1,0,0,1,1,0,0.023482,20,0.681818,3,0.285714,6
default_0,default_0,1,9,0.332392,13,0.42604999999999993,0.34033499999999994,40,0.125,0.9,0.7,1,0,0,1,1,0,0.077733,11,0.681818,3,0.142857,7
default_0,default_0,3,4,0.326284,14,0.43215799999999993,0.34644299999999995,40,0.375,0.4,0.3,0,0,0,1,2,0,0.015385,24,0.443182,5,0.714286,3
default_0,default_0,1,2,0.319532,15,0.43890999999999997,0.353195,40,0.125,0.2,0.7,1,0,0,1,1,0,0.045584,16,0.681818,3,0.142857,7
default_0,default_0,7,4,0.301212,16,0.45722999999999997,0.371515,40,0.875,0.4,0.4,0,0,0,0,1,0,0.103679,10,0.363636,6,0.571429,4
default_0,default_0,8,10,0.292136,17,0.46630599999999994,0.38059099999999996,40,1.0,1.0,0.8,1,1,0,1,1,0,0.048521,15,0.681818,3,0.0,8
default_0,default_0,5,3,0.267436,18,0.49100599999999994,0.40529099999999996,40,0.625,0.3,0.3,0,0,0,1,1,0,0.038721,17,0.272727,7,0.714286,3
default_0,default_0,4,9,0.264978,19,0.49346399999999996,0.407749,40,0.5,0.9,0.4,0,0,0,0,1,0,0.013093,25,0.363636,6,0.571429,4
default_0,default_0,6,6,0.257268,20,0.501174,0.41545899999999997,40,0.75,0.6,0.2,0,0,0,1,1,0,0.010053,27,0.204545,8,0.857143,2
default_0,default_0,1,7,0.242026,21,0.516416,0.430701,40,0.125,0.7,0.5,1,0,0,0,2,0,0.186235,5,0.204545,8,0.428571,5
default_0,default_0,2,2,0.233728,22,0.5247139999999999,0.438999,40,0.25,0.2,0.6,0,0,0,0,0,0,0.168734,7,0.272727,7,0.285714,6
default_0,default_0,4,8,0.231109,23,0.5273329999999999,0.44161799999999996,40,0.5,0.8,0.3,0,0,0,1,1,0,0.016084,23,0.204545,8,0.714286,3
default_0,default_0,2,8,0.23019,24,0.5282519999999999,0.44253699999999996,40,0.25,0.8,0.5,0,0,0,0,1,0,0.156643,8,0.204545,8,0.428571,5
default_0,default_0,8,4,0.218657,25,0.539785,0.45407,40,1.0,0.4,0.5,1,0,0,0,1,0,0.127811,9,0.204545,8,0.428571,5
default_0,default_0,8,3,0.209246,26,0.549196,0.463481,40,1.0,0.3,0.6,1,0,0,0,0,0,0.016622,22,0.363636,6,0.285714,6
default_0,default_0,3,10,0.207835,27,0.550607,0.46489199999999997,40,0.375,1.0,0.6,1,0,0,0,0,0,0.013093,25,0.363636,6,0.285714,6
default_0,default_0,8,8,0.207835,27,0.550607,0.46489199999999997,40,1.0,0.8,0.6,1,0,0,0,0,0,0.013093,25,0.363636,6,0.285714,6
default_0,default_0,2,10,0.205119,28,0.553323,0.46760799999999997,40,0.25,1.0,0.7,1,0,0,0,0,0,0.077733,11,0.363636,6,0.142857,7
default_0,default_0,5,9,0.203666,29,0.5547759999999999,0.46906099999999995,40,0.625,0.9,0.4,0,0,0,0,1,0,0.018906,21,0.204545,8,0.571429,4
default_0,default_0,5,7,0.194602,30,0.5638399999999999,0.47812499999999997,40,0.625,0.7,0.2,0,0,0,1,1,0,0.01248,26,0.045455,10,0.857143,2
default_0,default_0,7,1,0.189706,31,0.5687359999999999,0.4830209999999999,40,0.875,0.1,0.7,1,0,0,0,1,0,0.198291,4,0.204545,8,0.142857,7
default_0,default_0,3,7,0.181716,32,0.576726,0.491011,40,0.375,0.7,0.3,0,0,0,1,1,0,0.051692,14,0.045455,10,0.714286,3
default_0,default_0,8,7,0.167532,33,0.5909099999999999,0.505195,40,1.0,0.7,0.5,1,0,0,0,1,0,0.0,30,0.204545,8,0.428571,5
default_0,default_0,3,8,0.163159,34,0.595283,0.509568,40,0.375,0.8,0.4,0,0,0,0,1,1,0.013093,25,0.109091,9,0.571429,4
default_0,default_0,5,2,0.138901,35,0.6195409999999999,0.5338259999999999,40,0.625,0.2,0.4,0,0,0,0,1,0,0.061538,12,0.0,11,0.571429,4
default_0,default_0,7,7,0.134798,36,0.623644,0.537929,40,0.875,0.7,0.4,0,0,0,0,1,0,0.005826,28,0.045455,10,0.571429,4
default_0,default_0,7,9,0.107213,37,0.651229,0.565514,40,0.875,0.9,0.6,0,0,0,0,0,0,0.016084,23,0.109091,9,0.285714,6
default_0,default_0,7,2,0.089334,38,0.6691079999999999,0.5833929999999999,40,0.875,0.2,0.6,0,0,0,0,0,0,0.035025,18,0.045455,10,0.285714,6
default_1,default_1,1,5,0.787013,1,0.0,-0.15584399999999998,40,0.125,0.5,0.4,1,0,1,2,3,0,1.0,1,0.681818,2,0.571429,4
default_1,default_1,3,1,0.72987,2,0.057142999999999944,-0.09870100000000004,40,0.375,0.1,0.6,1,0,1,2,2,0,1.0,1,0.681818,2,0.285714,6
default_1,default_1,1,7,0.631169,3,0.15584399999999998,0.0,40,0.125,0.7,0.5,1,0,1,1,3,0,1.0,1,0.363636,4,0.428571,5
default_1,default_1,1,8,0.602597,4,0.1844159999999999,0.02857199999999993,40,0.125,0.8,0.6,1,0,1,1,2,0,1.0,1,0.363636,4,0.285714,6
default_1,default_1,2,4,0.524122,5,0.262891,0.107047,40,0.25,0.4,0.4,0,0,0,2,3,0,0.342772,2,0.681818,2,0.571429,4
default_1,default_1,1,4,0.4888,6,0.29821299999999995,0.14236899999999997,40,0.125,0.4,0.5,1,0,1,1,2,0,0.007715,27,1.0,1,0.428571,5
default_1,default_1,2,2,0.420034,7,0.36697899999999994,0.21113499999999996,40,0.25,0.2,0.6,0,0,0,1,2,0,0.22541,5,0.681818,2,0.285714,6
default_1,default_1,6,8,0.388479,8,0.39853399999999994,0.24268999999999996,40,0.75,0.8,0.4,0,0,0,1,2,0,0.003664,30,0.681818,2,0.571429,4
default_1,default_1,5,8,0.347043,9,0.43996999999999997,0.284126,40,0.625,0.8,0.3,0,0,0,1,2,0,0.146828,8,0.363636,4,0.714286,3
default_1,default_1,2,1,0.315725,10,0.471288,0.315444,40,0.25,0.1,0.7,1,0,0,1,1,0,0.036066,19,0.681818,2,0.142857,7
default_1,default_1,7,7,0.312649,11,0.47436399999999995,0.31851999999999997,40,0.875,0.7,0.4,0,0,0,1,2,0,0.004998,29,0.490909,3,0.571429,4
default_1,default_1,5,10,0.312449,12,0.474564,0.31872,40,0.625,1.0,0.5,1,0,0,1,2,0,0.075928,14,0.490909,3,0.428571,5
default_1,default_1,1,2,0.308585,13,0.47842799999999996,0.322584,40,0.125,0.2,0.7,1,0,0,1,1,0,0.018215,24,0.681818,2,0.142857,7
default_1,default_1,8,5,0.287937,14,0.49907599999999996,0.343232,40,1.0,0.5,0.4,1,0,0,0,2,0,0.070492,15,0.363636,4,0.571429,4
default_1,default_1,4,7,0.284573,15,0.50244,0.34659599999999996,40,0.5,0.7,0.2,0,0,0,1,1,0,0.17377,7,0.109091,6,0.857143,2
default_1,default_1,8,6,0.270232,16,0.5167809999999999,0.36093699999999995,40,1.0,0.6,0.4,1,0,0,0,2,0,0.02623,21,0.363636,4,0.571429,4
default_1,default_1,6,5,0.269397,17,0.517616,0.361772,40,0.75,0.5,0.2,0,0,0,1,1,0,0.135831,9,0.109091,6,0.857143,2
default_1,default_1,1,6,0.267281,18,0.519732,0.363888,40,0.125,0.6,0.4,1,0,0,0,2,0,0.018852,23,0.363636,4,0.571429,4
default_1,default_1,5,6,0.267034,19,0.519979,0.364135,40,0.625,0.6,0.1,0,0,1,1,1,0,0.122131,11,0.045455,7,1.0,1
default_1,default_1,6,10,0.260064,20,0.5269489999999999,0.37110499999999996,40,0.75,1.0,0.6,1,0,0,1,1,0,0.016393,25,0.490909,3,0.285714,6
default_1,default_1,8,8,0.258752,21,0.528261,0.372417,40,1.0,0.8,0.6,1,0,0,1,1,0,0.013115,26,0.490909,3,0.285714,6
default_1,default_1,3,3,0.257058,22,0.529955,0.37411099999999997,40,0.375,0.3,0.4,0,0,0,1,2,0,0.311475,3,0.045455,7,0.571429,4
default_1,default_1,2,8,0.242942,23,0.544071,0.388227,40,0.25,0.8,0.5,0,0,0,0,2,0,0.188525,6,0.204545,5,0.428571,5
default_1,default_1,2,5,0.232216,24,0.554797,0.398953,40,0.25,0.5,0.3,0,0,0,1,2,0,0.018852,23,0.204545,5,0.714286,3
default_1,default_1,4,1,0.232058,25,0.554955,0.399111,40,0.5,0.1,0.5,1,0,0,0,2,0,0.002223,32,0.363636,4,0.428571,5
default_1,default_1,7,6,0.23036,26,0.556653,0.40080899999999997,40,0.875,0.6,0.3,0,0,0,1,1,0,0.109666,12,0.109091,6,0.714286,3
default_1,default_1,5,7,0.216196,27,0.5708169999999999,0.414973,40,0.625,0.7,0.2,0,0,0,1,1,0,0.002826,31,0.109091,6,0.857143,2
default_1,default_1,3,7,0.194971,28,0.592042,0.436198,40,0.375,0.7,0.3,0,0,0,1,1,0,0.130285,10,0.0,8,0.714286,3
default_1,default_1,3,5,0.194237,29,0.592776,0.436932,40,0.375,0.5,0.2,0,0,0,1,1,0,0.057021,16,0.0,8,0.857143,2
default_1,default_1,7,4,0.190709,30,0.596304,0.44045999999999996,40,0.875,0.4,0.4,0,0,0,0,1,0,0.081967,13,0.109091,6,0.571429,4
default_1,default_1,5,4,0.187822,31,0.599191,0.443347,40,0.625,0.4,0.2,0,0,0,1,1,0,0.040984,18,0.0,8,0.857143,2
default_1,default_1,6,3,0.184581,32,0.602432,0.446588,40,0.75,0.3,0.4,0,0,0,0,1,0,0.130285,10,0.045455,7,0.571429,4
default_1,default_1,7,3,0.182763,33,0.60425,0.44840599999999997,40,0.875,0.3,0.5,0,0,0,0,2,0,0.242623,4,0.0,8,0.428571,5
default_1,default_1,1,9,0.182097,34,0.604916,0.44907199999999997,40,0.125,0.9,0.7,1,0,0,0,1,0,0.020177,22,0.363636,4,0.142857,7
default_1,default_1,5,1,0.169718,35,0.6172949999999999,0.46145099999999994,40,0.625,0.1,0.5,1,0,0,0,2,1,0.005464,28,0.204545,5,0.428571,5
default_1,default_1,3,2,0.168422,36,0.618591,0.462747,40,0.375,0.2,0.5,0,0,0,0,2,0,0.002223,32,0.204545,5,0.428571,5
default_1,default_1,2,10,0.123366,37,0.663647,0.507803,40,0.25,1.0,0.7,1,0,0,0,1,0,0.032442,20,0.204545,5,0.142857,7
default_1,default_1,6,1,0.111271,38,0.675742,0.519898,40,0.75,0.1,0.6,1,0,0,0,0,0,0.02623,21,0.109091,6,0.285714,6
default_1,default_1,3,9,0.103778,39,0.6832349999999999,0.5273909999999999,40,0.375,0.9,0.5,0,0,0,0,1,0,0.045159,17,0.0,8,0.428571,5
default_1,default_1,8,1,0.081818,40,0.705195,0.5493509999999999,40,1.0,0.1,0.8,1,1,0,0,1,0,0.0,33,0.204545,5,0.0,8
default_2,default_2,4,6,0.745455,1,0.0,-0.12458499999999995,40,0.5,0.6,0.1,0,0,2,3,3,0,1.0,1,0.363636,3,1.0,1
default_2,default_2,5,7,0.716883,2,0.02857199999999993,-0.09601300000000001,40,0.625,0.7,0.2,0,0,1,3,3,0,1.0,1,0.363636,3,0.857143,2
default_2,default_2,5,6,0.62087,3,0.12458499999999995,0.0,40,0.625,0.6,0.1,0,0,2,2,2,0,0.052174,21,1.0,1,1.0,1
default_2,default_2,8,2,0.574026,4,0.17142899999999994,0.046844,40,1.0,0.2,0.7,1,0,1,2,2,0,1.0,1,0.363636,3,0.142857,7
default_2,default_2,4,5,0.514763,5,0.230692,0.10610700000000006,40,0.5,0.5,0.1,0,0,1,2,2,0,0.10509,11,0.681818,2,1.0,1
default_2,default_2,5,5,0.509394,6,0.23606099999999997,0.11147600000000002,40,0.625,0.5,0.1,0,0,1,2,2,0,0.091667,13,0.681818,2,1.0,1
default_2,default_2,3,10,0.424638,7,0.32081699999999996,0.19623200000000002,40,0.375,1.0,0.6,1,0,0,2,2,0,0.555102,2,0.363636,3,0.285714,6
default_2,default_2,8,8,0.35686,8,0.38859499999999997,0.26401,40,1.0,0.8,0.6,1,0,0,1,1,0,0.067474,19,0.681818,2,0.285714,6
default_2,default_2,3,6,0.356648,9,0.38880699999999996,0.264222,40,0.375,0.6,0.2,0,0,0,2,3,0,0.258503,3,0.204545,5,0.857143,2
default_2,default_2,4,7,0.337753,10,0.40770199999999995,0.283117,40,0.5,0.7,0.2,0,0,0,2,2,0,0.052174,21,0.363636,3,0.857143,2
default_2,default_2,6,7,0.309181,11,0.436274,0.31168900000000005,40,0.75,0.7,0.3,0,0,0,2,2,0,0.052174,21,0.363636,3,0.714286,3
default_2,default_2,8,1,0.303627,12,0.441828,0.31724300000000005,40,1.0,0.1,0.8,1,1,0,1,1,0,0.077249,16,0.681818,2,0.0,8
default_2,default_2,6,8,0.296407,13,0.449048,0.32446300000000006,40,0.75,0.8,0.4,0,0,0,1,2,0,0.091667,13,0.363636,3,0.571429,4
default_2,default_2,5,8,0.295519,14,0.449936,0.32535100000000006,40,0.625,0.8,0.3,0,0,0,2,2,0,0.018018,28,0.363636,3,0.714286,3
default_2,default_2,2,5,0.28853,15,0.45692499999999997,0.33234,40,0.25,0.5,0.3,0,0,0,1,2,0,0.159637,6,0.204545,5,0.714286,3
default_2,default_2,5,3,0.278234,16,0.467221,0.34263600000000005,40,0.625,0.3,0.3,0,0,0,1,2,0,0.065714,20,0.272727,4,0.714286,3
default_2,default_2,4,10,0.27525,17,0.470205,0.34562000000000004,40,0.5,1.0,0.5,1,0,0,1,2,0,0.110204,10,0.363636,3,0.428571,5
default_2,default_2,6,3,0.26823,18,0.47722499999999995,0.35264,40,0.75,0.3,0.4,0,0,0,1,2,0,0.021224,27,0.363636,3,0.571429,4
default_2,default_2,7,6,0.262936,19,0.482519,0.35793400000000003,40,0.875,0.6,0.3,0,0,0,1,2,1,0.027469,25,0.272727,4,0.714286,3
default_2,default_2,5,9,0.253081,20,0.492374,0.36778900000000003,40,0.625,0.9,0.4,0,0,0,0,2,0,0.142443,7,0.204545,5,0.571429,4
default_2,default_2,1,6,0.250072,21,0.49538299999999996,0.370798,40,0.125,0.6,0.4,1,0,0,0,2,0,0.134921,8,0.204545,5,0.571429,4
default_2,default_2,8,3,0.244634,22,0.500821,0.376236,40,1.0,0.3,0.6,1,0,0,1,1,0,0.10509,11,0.363636,3,0.285714,6
default_2,default_2,7,9,0.242724,23,0.502731,0.37814600000000004,40,0.875,0.9,0.6,0,0,0,1,1,0,0.100317,12,0.363636,3,0.285714,6
default_2,default_2,7,4,0.237025,24,0.5084299999999999,0.383845,40,0.875,0.4,0.4,0,0,0,0,2,0,0.03412,23,0.272727,4,0.571429,4
default_2,default_2,4,9,0.223454,25,0.5220009999999999,0.397416,40,0.5,0.9,0.4,0,0,0,0,2,0,0.068376,18,0.204545,5,0.571429,4
default_2,default_2,6,10,0.206771,26,0.5386839999999999,0.414099,40,0.75,1.0,0.6,1,0,0,0,2,0,0.169524,5,0.204545,5,0.285714,6
default_2,default_2,3,4,0.205121,27,0.540334,0.41574900000000004,40,0.375,0.4,0.3,0,0,0,1,1,0,0.110204,10,0.045455,7,0.714286,3
default_2,default_2,1,9,0.198961,28,0.546494,0.42190900000000003,40,0.125,0.9,0.7,1,0,0,0,2,0,0.221429,4,0.204545,5,0.142857,7
default_2,default_2,1,8,0.190161,29,0.555294,0.430709,40,0.125,0.8,0.6,1,0,0,0,1,0,0.128,9,0.204545,5,0.285714,6
default_2,default_2,2,9,0.189351,30,0.5561039999999999,0.43151900000000004,40,0.25,0.9,0.6,0,0,0,0,1,0,0.221429,4,0.109091,6,0.285714,6
default_2,default_2,7,7,0.186393,31,0.559062,0.434477,40,0.875,0.7,0.4,0,0,0,0,1,0,0.071178,17,0.109091,6,0.571429,4
default_2,default_2,4,1,0.176366,32,0.569089,0.444504,40,0.5,0.1,0.5,1,0,0,0,2,0,0.022084,26,0.204545,5,0.428571,5
default_2,default_2,3,8,0.168336,33,0.5771189999999999,0.452534,40,0.375,0.8,0.4,0,0,0,0,1,0,0.08967,14,0.045455,7,0.571429,4
default_2,default_2,2,6,0.163102,34,0.582353,0.45776800000000006,40,0.25,0.6,0.3,0,0,0,1,1,0,0.005159,30,0.045455,7,0.714286,3
default_2,default_2,4,2,0.151126,35,0.594329,0.46974400000000005,40,0.5,0.2,0.4,0,0,0,0,1,0,0.046647,22,0.045455,7,0.571429,4
default_2,default_2,1,3,0.139901,36,0.6055539999999999,0.48096900000000004,40,0.125,0.3,0.6,1,0,0,0,1,0,0.00235,31,0.204545,5,0.285714,6
default_2,default_2,3,2,0.13899,37,0.606465,0.48188000000000003,40,0.375,0.2,0.5,0,0,0,0,1,0,0.087734,15,0.045455,7,0.428571,5
default_2,default_2,2,4,0.132468,38,0.612987,0.488402,40,0.25,0.4,0.4,0,0,0,0,1,0,0.0,32,0.045455,7,0.571429,4
default_2,default_2,7,2,0.114178,39,0.631277,0.506692,40,0.875,0.2,0.6,0,0,0,0,0,0,0.033498,24,0.109091,6,0.285714,6
default_2,default_2,2,2,0.060224,40,0.6852309999999999,0.560646,40,0.25,0.2,0.6,0,0,0,0,0,0,0.007703,29,0.0,8,0.285714,6
default_3,default_3,1,10,0.8,1,0.0,-0.221144,40,0.125,1.0,0.8,1,1,2,2,2,0,1.0,1,1.0,1,0.0,8
default_3,default_3,1,3,0.679365,2,0.12063500000000005,-0.10050899999999996,40,0.125,0.3,0.6,1,0,1,2,2,0,1.0,1,0.555556,3,0.285714,6
default_3,default_3,5,7,0.578856,3,0.221144,0.0,40,0.625,0.7,0.2,0,0,1,2,2,0,0.018568,23,1.0,1,0.857143,2
default_3,default_3,2,10,0.493596,4,0.30640400000000007,0.08526000000000006,40,0.25,1.0,0.7,1,0,1,1,2,0,0.162562,4,1.0,1,0.142857,7
default_3,default_3,5,6,0.485057,5,0.31494300000000003,0.09379900000000002,40,0.625,0.6,0.1,0,0,1,2,3,0,0.37931,2,0.333333,5,1.0,1
default_3,default_3,4,8,0.458379,6,0.34162100000000006,0.12047700000000006,40,0.5,0.8,0.3,0,0,0,2,2,0,0.055472,13,0.733333,2,0.714286,3
default_3,default_3,1,2,0.442832,7,0.35716800000000004,0.13602400000000003,40,0.125,0.2,0.7,1,0,1,1,1,0,0.035652,16,1.0,1,0.142857,7
default_3,default_3,8,1,0.400726,8,0.399274,0.17813,40,1.0,0.1,0.8,1,1,1,1,1,0,0.001815,34,1.0,1,0.0,8
default_3,default_3,7,5,0.37599,9,0.42401000000000005,0.20286600000000005,40,0.875,0.5,0.3,0,0,0,2,2,0,0.027277,20,0.555556,3,0.714286,3
default_3,default_3,7,6,0.374932,10,0.42506800000000006,0.20392400000000005,40,0.875,0.6,0.3,0,0,0,2,2,0,0.024631,21,0.555556,3,0.714286,3
default_3,default_3,6,7,0.354351,11,0.445649,0.224505,40,0.75,0.7,0.3,0,0,0,2,3,0,0.195402,3,0.333333,5,0.714286,3
default_3,default_3,4,6,0.352644,12,0.44735600000000003,0.22621200000000002,40,0.5,0.6,0.1,0,0,1,1,2,0,0.048276,15,0.333333,5,1.0,1
default_3,default_3,1,4,0.310059,13,0.48994100000000007,0.26879700000000006,40,0.125,0.4,0.5,1,0,0,1,2,0,0.005305,31,0.555556,3,0.428571,5
default_3,default_3,4,7,0.30821,14,0.49179000000000006,0.27064600000000005,40,0.5,0.7,0.2,0,0,0,1,2,0,0.008621,28,0.333333,5,0.857143,2
default_3,default_3,6,6,0.304762,15,0.49523800000000007,0.27409400000000006,40,0.75,0.6,0.2,0,0,0,1,2,0,0.0,35,0.333333,5,0.857143,2
default_3,default_3,4,9,0.299507,16,0.5004930000000001,0.279349,40,0.5,0.9,0.4,0,0,0,0,2,0,0.034483,17,0.428571,4,0.571429,4
default_3,default_3,1,5,0.295129,17,0.5048710000000001,0.28372700000000006,40,0.125,0.5,0.4,1,0,0,0,2,0,0.118774,6,0.333333,5,0.571429,4
default_3,default_3,6,1,0.289217,18,0.510783,0.28963900000000004,40,0.75,0.1,0.6,1,0,0,1,1,0,0.024631,21,0.555556,3,0.285714,6
default_3,default_3,6,10,0.281187,19,0.518813,0.297669,40,0.75,1.0,0.6,1,0,0,1,1,0,0.004554,32,0.555556,3,0.285714,6
default_3,default_3,7,10,0.280558,20,0.5194420000000001,0.29829800000000006,40,0.875,1.0,0.7,1,0,0,1,1,0,0.07441,11,0.555556,3,0.142857,7
default_3,default_3,4,3,0.277045,21,0.5229550000000001,0.30181100000000005,40,0.5,0.3,0.3,0,0,0,1,2,0,0.002136,33,0.333333,5,0.714286,3
default_3,default_3,5,1,0.264368,22,0.5356320000000001,0.31448800000000005,40,0.625,0.1,0.5,1,0,0,0,2,0,0.1133,7,0.333333,5,0.428571,5
default_3,default_3,3,6,0.254877,23,0.545123,0.323979,40,0.375,0.6,0.2,0,0,0,1,1,0,0.008621,28,0.2,6,0.857143,2
default_3,default_3,5,9,0.251817,24,0.5481830000000001,0.327039,40,0.625,0.9,0.4,0,0,0,0,2,1,0.010495,27,0.333333,5,0.571429,4
default_3,default_3,3,5,0.248057,25,0.5519430000000001,0.33079900000000007,40,0.375,0.5,0.2,0,0,0,1,1,0,0.08046,10,0.111111,7,0.857143,2
default_3,default_3,2,6,0.242474,26,0.5575260000000001,0.33638200000000007,40,0.25,0.6,0.3,0,0,0,1,2,0,0.137931,5,0.111111,7,0.714286,3
default_3,default_3,2,3,0.223645,27,0.5763550000000001,0.35521100000000005,40,0.25,0.3,0.5,0,0,0,0,2,0,0.011494,26,0.333333,5,0.428571,5
default_3,default_3,3,3,0.213903,28,0.5860970000000001,0.364953,40,0.375,0.3,0.4,0,0,0,0,2,0,0.137931,5,0.111111,7,0.571429,4
default_3,default_3,5,4,0.210693,29,0.589307,0.368163,40,0.625,0.4,0.2,0,0,0,1,1,0,0.050543,14,0.047619,8,0.857143,2
default_3,default_3,5,2,0.206765,30,0.5932350000000001,0.37209100000000006,40,0.625,0.2,0.4,0,0,0,0,1,0,0.031199,19,0.2,6,0.571429,4
default_3,default_3,6,9,0.203645,31,0.5963550000000001,0.37521100000000007,40,0.75,0.9,0.5,0,0,0,0,1,0,0.094828,9,0.2,6,0.428571,5
default_3,default_3,8,2,0.203284,32,0.596716,0.375572,40,1.0,0.2,0.7,1,0,0,0,1,0,0.103448,8,0.333333,5,0.142857,7
default_3,default_3,6,8,0.19688,33,0.6031200000000001,0.38197600000000004,40,0.75,0.8,0.4,0,0,0,0,1,0,0.006487,30,0.2,6,0.571429,4
default_3,default_3,5,3,0.192755,34,0.607245,0.386101,40,0.625,0.3,0.3,0,0,0,1,1,0,0.013633,24,0.111111,7,0.714286,3
default_3,default_3,8,9,0.191669,35,0.6083310000000001,0.38718700000000006,40,1.0,0.9,0.7,1,0,0,0,1,0,0.07441,11,0.333333,5,0.142857,7
default_3,default_3,1,9,0.169607,36,0.630393,0.40924900000000003,40,0.125,0.9,0.7,1,0,0,0,1,0,0.019257,22,0.333333,5,0.142857,7
default_3,default_3,7,4,0.143299,37,0.656701,0.435557,40,0.875,0.4,0.4,0,0,0,0,1,0,0.072533,12,0.0,9,0.571429,4
default_3,default_3,8,8,0.142159,38,0.657841,0.436697,40,1.0,0.8,0.6,1,0,0,0,0,0,0.012539,25,0.2,6,0.285714,6
default_3,default_3,3,2,0.133255,39,0.666745,0.445601,40,0.375,0.2,0.5,0,0,0,0,1,0,0.007741,29,0.111111,7,0.428571,5
default_3,default_3,7,2,0.114207,40,0.6857930000000001,0.46464900000000003,40,0.875,0.2,0.6,0,0,0,0,0,0,0.031548,18,0.111111,7,0.285714,6
default_4,default_4,1,5,0.914286,1,0.0,-0.228572,40,0.125,0.5,0.4,1,0,2,2,3,1,1.0,1,1.0,1,0.571429,4
default_4,default_4,6,10,0.71961,2,0.19467600000000007,-0.033895999999999926,40,0.75,1.0,0.6,1,0,1,2,2,0,0.656168,3,1.0,1,0.285714,6
default_4,default_4,6,9,0.685714,3,0.228572,0.0,40,0.75,0.9,0.5,0,0,1,2,3,0,1.0,1,0.5,3,0.428571,5
default_4,default_4,1,4,0.564804,4,0.34948200000000007,0.12091000000000007,40,0.125,0.4,0.5,1,0,1,1,2,0,0.197725,8,1.0,1,0.428571,5
default_4,default_4,1,6,0.537565,5,0.3767210000000001,0.1481490000000001,40,0.125,0.6,0.4,1,0,1,1,2,0,0.058199,16,1.0,1,0.571429,4
default_4,default_4,2,5,0.536558,6,0.37772800000000006,0.14915600000000007,40,0.25,0.5,0.3,0,0,0,2,3,0,0.484252,4,0.5,3,0.714286,3
default_4,default_4,7,2,0.497143,7,0.41714300000000004,0.18857100000000004,40,0.875,0.2,0.6,0,0,1,1,1,0,1.0,1,0.1,6,0.285714,6
default_4,default_4,7,3,0.493243,8,0.42104300000000006,0.19247100000000006,40,0.875,0.3,0.5,0,0,1,1,2,0,0.018821,25,1.0,1,0.428571,5
default_4,default_4,5,9,0.471766,9,0.44252,0.21394800000000003,40,0.625,0.9,0.4,0,0,0,1,2,0,0.793701,2,0.1,6,0.571429,4
default_4,default_4,6,8,0.404837,10,0.509449,0.28087700000000004,40,0.75,0.8,0.4,0,0,0,1,2,0,0.226378,6,0.5,3,0.571429,4
default_4,default_4,1,1,0.401155,11,0.513131,0.28455900000000006,40,0.125,0.1,0.8,1,1,1,1,1,0,0.002887,30,1.0,1,0.0,8
default_4,default_4,5,5,0.399025,12,0.515261,0.286689,40,0.625,0.5,0.1,0,0,1,1,2,0,0.14042,11,0.357143,4,1.0,1
default_4,default_4,3,4,0.390639,13,0.523647,0.29507500000000003,40,0.375,0.4,0.3,0,0,0,2,2,0,0.119455,12,0.5,3,0.714286,3
default_4,default_4,2,1,0.381012,14,0.533274,0.30470200000000003,40,0.25,0.1,0.7,1,0,0,1,2,0,0.381102,5,0.5,3,0.142857,7
default_4,default_4,7,5,0.365126,15,0.5491600000000001,0.32058800000000004,40,0.875,0.5,0.3,0,0,0,2,2,0,0.055673,17,0.5,3,0.714286,3
default_4,default_4,7,9,0.362053,16,0.552233,0.32366100000000003,40,0.875,0.9,0.6,0,0,0,1,1,0,0.062276,15,0.7,2,0.285714,6
default_4,default_4,2,6,0.355265,17,0.559021,0.33044900000000005,40,0.25,0.6,0.3,0,0,0,2,2,0,0.031019,20,0.5,3,0.714286,3
default_4,default_4,3,2,0.323128,18,0.5911580000000001,0.362586,40,0.375,0.2,0.5,0,0,0,1,2,0,0.093534,13,0.5,3,0.428571,5
default_4,default_4,6,2,0.319825,19,0.594461,0.365889,40,0.75,0.2,0.5,0,0,0,1,2,0,0.085277,14,0.5,3,0.428571,5
default_4,default_4,7,4,0.317868,20,0.5964180000000001,0.36784600000000006,40,0.875,0.4,0.4,0,0,0,1,2,0,0.008955,27,0.5,3,0.571429,4
default_4,default_4,8,7,0.306124,21,0.6081620000000001,0.37959000000000004,40,1.0,0.7,0.5,1,0,0,1,2,0,0.051024,18,0.5,3,0.428571,5
default_4,default_4,6,6,0.294045,22,0.620241,0.39166900000000004,40,0.75,0.6,0.2,0,0,0,1,1,0,0.206541,7,0.1,6,0.857143,2
default_4,default_4,8,4,0.287102,23,0.627184,0.398612,40,1.0,0.4,0.5,1,0,0,1,2,0,0.00347,29,0.5,3,0.428571,5
default_4,default_4,5,7,0.270586,24,0.6437,0.41512800000000005,40,0.625,0.7,0.2,0,0,0,1,1,0,0.147895,10,0.1,6,0.857143,2
default_4,default_4,2,2,0.257143,25,0.657143,0.42857100000000004,40,0.25,0.2,0.6,0,0,0,1,1,0,0.0,32,0.5,3,0.285714,6
default_4,default_4,2,8,0.255636,26,0.6586500000000001,0.43007800000000007,40,0.25,0.8,0.5,0,0,0,0,2,0,0.174803,9,0.25,5,0.428571,5
default_4,default_4,5,8,0.246128,27,0.668158,0.43958600000000003,40,0.625,0.8,0.3,0,0,0,1,2,0,0.008177,28,0.25,5,0.714286,3
default_4,default_4,7,10,0.240243,28,0.6740430000000001,0.44547100000000006,40,0.875,1.0,0.7,1,0,0,1,1,0,0.02918,21,0.5,3,0.142857,7
default_4,default_4,2,7,0.237565,29,0.676721,0.448149,40,0.25,0.7,0.4,0,0,0,0,2,0,0.058199,16,0.25,5,0.571429,4
default_4,default_4,7,1,0.2361,30,0.6781860000000001,0.44961400000000007,40,0.875,0.1,0.7,1,0,0,1,1,0,0.018821,25,0.5,3,0.142857,7
default_4,default_4,8,2,0.229501,31,0.684785,0.45621300000000004,40,1.0,0.2,0.7,1,0,0,1,1,0,0.002323,31,0.5,3,0.142857,7
default_4,default_4,4,2,0.22399,32,0.690296,0.461724,40,0.5,0.2,0.4,0,0,0,0,2,0,0.02426,23,0.25,5,0.571429,4
default_4,default_4,3,5,0.223836,33,0.69045,0.461878,40,0.375,0.5,0.2,0,0,0,1,1,0,0.031019,20,0.1,6,0.857143,2
default_4,default_4,3,8,0.217556,34,0.6967300000000001,0.4681580000000001,40,0.375,0.8,0.4,0,0,0,0,2,0,0.008177,28,0.25,5,0.571429,4
default_4,default_4,1,10,0.21132,35,0.702966,0.47439400000000004,40,0.125,1.0,0.8,1,1,0,1,1,0,0.028301,22,0.5,3,0.0,8
default_4,default_4,4,5,0.208293,36,0.7059930000000001,0.47742100000000004,40,0.5,0.5,0.1,0,0,1,1,1,0,0.020732,24,0.0,7,1.0,1
default_4,default_4,3,7,0.201997,37,0.7122890000000001,0.48371700000000006,40,0.375,0.7,0.3,0,0,0,1,1,0,0.04785,19,0.1,6,0.714286,3
default_4,default_4,6,7,0.187816,38,0.7264700000000001,0.49789800000000006,40,0.75,0.7,0.3,0,0,0,1,1,0,0.012397,26,0.1,6,0.714286,3
default_4,default_4,2,9,0.108463,39,0.8058230000000001,0.5772510000000001,40,0.25,0.9,0.6,0,0,0,0,0,0,0.028301,22,0.1,6,0.285714,6
default_4,default_4,3,9,0.106124,40,0.808162,0.57959,40,0.375,0.9,0.5,0,0,0,0,1,0,0.051024,18,0.0,7,0.428571,5
default_5,default_5,6,8,0.668132,1,0.0,-0.12059999999999993,40,0.75,0.8,0.4,0,0,1,1,3,0,1.0,1,0.384615,4,0.571429,4
default_5,default_5,1,1,0.553846,2,0.114286,-0.006313999999999931,40,0.125,0.1,0.8,1,1,1,1,2,0,1.0,1,0.384615,4,0.0,8
default_5,default_5,8,4,0.547532,3,0.12059999999999993,0.0,40,1.0,0.4,0.5,1,0,1,1,2,0,0.154545,7,1.0,1,0.428571,5
default_5,default_5,1,5,0.432987,4,0.23514499999999994,0.11454500000000001,40,0.125,0.5,0.4,1,0,0,1,2,0,0.104444,12,0.692308,2,0.571429,4
default_5,default_5,8,6,0.418201,5,0.24993099999999996,0.12933100000000003,40,1.0,0.6,0.4,1,0,0,1,2,0,0.06748,17,0.692308,2,0.571429,4
default_5,default_5,1,10,0.416068,6,0.25206399999999995,0.13146400000000003,40,0.125,1.0,0.8,1,1,0,1,2,0,0.655556,2,0.384615,4,0.0,8
default_5,default_5,5,8,0.410549,7,0.25758299999999995,0.13698300000000002,40,0.625,0.8,0.3,0,0,0,1,3,0,0.284615,4,0.384615,4,0.714286,3
default_5,default_5,2,6,0.394601,8,0.27353099999999997,0.15293100000000004,40,0.25,0.6,0.3,0,0,0,2,2,0,0.121667,10,0.507692,3,0.714286,3
default_5,default_5,2,4,0.367619,9,0.300513,0.17991300000000005,40,0.25,0.4,0.4,0,0,0,1,2,0,0.125641,9,0.507692,3,0.571429,4
default_5,default_5,7,4,0.358132,10,0.30999999999999994,0.1894,40,0.875,0.4,0.4,0,0,0,0,3,0,0.225,5,0.384615,4,0.571429,4
default_5,default_5,3,5,0.3547,11,0.31343199999999993,0.192832,40,0.375,0.5,0.2,0,0,0,1,2,0,0.073563,16,0.384615,4,0.857143,2
default_5,default_5,7,6,0.340381,12,0.32775099999999996,0.20715100000000003,40,0.875,0.6,0.3,0,0,0,1,2,0,0.109195,11,0.384615,4,0.714286,3
default_5,default_5,7,1,0.339399,13,0.32873299999999994,0.208133,40,0.875,0.1,0.7,1,0,0,1,1,0,0.084762,14,0.692308,2,0.142857,7
default_5,default_5,3,6,0.337775,14,0.33035699999999996,0.20975700000000003,40,0.375,0.6,0.2,0,0,0,1,2,0,0.03125,25,0.384615,4,0.857143,2
default_5,default_5,6,7,0.320946,15,0.34718599999999994,0.226586,40,0.75,0.7,0.3,0,0,0,1,2,0,0.060606,18,0.384615,4,0.714286,3
default_5,default_5,3,3,0.286722,16,0.38140999999999997,0.26081000000000004,40,0.375,0.3,0.4,0,0,0,1,2,0,0.354167,3,0.076923,7,0.571429,4
default_5,default_5,1,7,0.251706,17,0.41642599999999996,0.29582600000000003,40,0.125,0.7,0.5,1,0,0,0,2,0,0.184211,6,0.230769,5,0.428571,5
default_5,default_5,6,2,0.251469,18,0.41666299999999995,0.296063,40,0.75,0.2,0.5,0,0,0,0,2,0,0.029771,27,0.384615,4,0.428571,5
default_5,default_5,4,7,0.247924,19,0.4202079999999999,0.299608,40,0.5,0.7,0.2,0,0,0,1,1,0,0.052778,20,0.138462,6,0.857143,2
default_5,default_5,6,9,0.230822,20,0.43731,0.31671000000000005,40,0.75,0.9,0.5,0,0,0,0,2,0,0.132,8,0.230769,5,0.428571,5
default_5,default_5,5,7,0.226813,21,0.44131899999999996,0.32071900000000003,40,0.625,0.7,0.2,0,0,0,1,1,0,0.0,36,0.138462,6,0.857143,2
default_5,default_5,7,7,0.220816,22,0.44731599999999994,0.326716,40,0.875,0.7,0.4,0,0,0,0,2,0,0.035556,23,0.230769,5,0.571429,4
default_5,default_5,3,10,0.216026,23,0.45210599999999995,0.331506,40,0.375,1.0,0.6,1,0,0,0,1,0,0.012593,31,0.384615,4,0.285714,6
default_5,default_5,8,3,0.212686,24,0.45544599999999996,0.33484600000000003,40,1.0,0.3,0.6,1,0,0,0,1,0,0.004242,34,0.384615,4,0.285714,6
default_5,default_5,5,5,0.202667,25,0.4654649999999999,0.344865,40,0.625,0.5,0.1,0,0,1,1,1,1,0.006667,32,0.0,9,1.0,1
default_5,default_5,4,9,0.199096,26,0.46903599999999995,0.348436,40,0.5,0.9,0.4,0,0,0,0,1,0,0.073563,16,0.138462,6,0.571429,4
default_5,default_5,5,4,0.193036,27,0.47509599999999996,0.35449600000000003,40,0.625,0.4,0.2,0,0,0,1,1,0,0.021053,28,0.032967,8,0.857143,2
default_5,default_5,5,3,0.185599,28,0.482533,0.36193300000000006,40,0.625,0.3,0.3,0,0,0,1,1,0,0.029932,26,0.076923,7,0.714286,3
default_5,default_5,4,10,0.179192,29,0.48893999999999993,0.36834,40,0.5,1.0,0.5,1,0,0,0,2,0,0.002924,35,0.230769,5,0.428571,5
default_5,default_5,7,3,0.160184,30,0.507948,0.387348,40,0.875,0.3,0.5,0,0,0,0,1,0,0.047712,21,0.138462,6,0.428571,5
default_5,default_5,4,2,0.158228,31,0.5099039999999999,0.389304,40,0.5,0.2,0.4,0,0,0,0,1,0,0.076889,15,0.032967,8,0.571429,4
default_5,default_5,2,10,0.156173,32,0.5119589999999999,0.391359,40,0.25,1.0,0.7,1,0,0,0,1,0,0.088235,13,0.230769,5,0.142857,7
default_5,default_5,7,8,0.155788,33,0.5123439999999999,0.391744,40,0.875,0.8,0.5,0,0,0,0,1,0,0.036723,22,0.138462,6,0.428571,5
default_5,default_5,8,1,0.155543,34,0.512589,0.39198900000000003,40,1.0,0.1,0.8,1,1,0,0,1,0,0.004242,34,0.384615,4,0.0,8
default_5,default_5,6,10,0.15062,35,0.517512,0.39691200000000004,40,0.75,1.0,0.6,1,0,0,0,1,0,0.002924,35,0.230769,5,0.285714,6
default_5,default_5,7,10,0.143488,36,0.5246439999999999,0.404044,40,0.875,1.0,0.7,1,0,0,0,1,0,0.056522,19,0.230769,5,0.142857,7
default_5,default_5,3,8,0.13418,37,0.533952,0.41335200000000005,40,0.375,0.8,0.4,0,0,0,0,1,0,0.016768,29,0.032967,8,0.571429,4
default_5,default_5,1,8,0.125438,38,0.542694,0.422094,40,0.125,0.8,0.6,1,0,0,0,0,0,0.032275,24,0.138462,6,0.285714,6
default_5,default_5,2,3,0.104356,39,0.5637759999999999,0.443176,40,0.25,0.3,0.5,0,0,0,0,1,0,0.013636,30,0.032967,8,0.428571,5
default_5,default_5,2,1,0.086369,40,0.5817629999999999,0.461163,40,0.25,0.1,0.7,1,0,0,0,0,0,0.006032,33,0.138462,6,0.142857,7
default_6,default_6,8,3,0.764835,1,0.0,-0.12804700000000002,40,1.0,0.3,0.6,1,0,1,2,2,0,1.0,1,0.769231,2,0.285714,6
default_6,default_6,1,1,0.707692,2,0.057143000000000055,-0.07090399999999997,40,0.125,0.1,0.8,1,1,1,2,2,0,1.0,1,0.769231,2,0.0,8
default_6,default_6,5,6,0.636788,3,0.12804700000000002,0.0,40,0.625,0.6,0.1,0,0,2,2,2,0,0.09197,15,1.0,1,1.0,1
default_6,default_6,4,7,0.537922,4,0.22691300000000003,0.09886600000000001,40,0.5,0.7,0.2,0,0,0,2,2,0,0.147002,11,0.769231,2,0.857143,2
default_6,default_6,6,7,0.445476,5,0.31935900000000006,0.19131200000000004,40,0.75,0.7,0.3,0,0,0,1,2,0,0.218085,6,0.538462,4,0.714286,3
default_6,default_6,8,2,0.44341,6,0.321425,0.193378,40,1.0,0.2,0.7,1,0,0,1,2,0,0.652482,2,0.384615,5,0.142857,7
default_6,default_6,5,5,0.420027,7,0.34480800000000006,0.21676100000000004,40,0.625,0.5,0.1,0,0,1,1,2,0,0.011605,27,0.538462,4,1.0,1
default_6,default_6,3,6,0.40187,8,0.36296500000000004,0.23491800000000002,40,0.375,0.6,0.2,0,0,0,1,2,0,0.037643,18,0.538462,4,0.857143,2
default_6,default_6,1,4,0.395782,9,0.369053,0.241006,40,0.125,0.4,0.5,1,0,0,1,2,0,0.005938,31,0.769231,2,0.428571,5
default_6,default_6,5,4,0.395066,10,0.36976900000000007,0.24172200000000005,40,0.625,0.4,0.2,0,0,0,1,2,0,0.020632,22,0.538462,4,0.857143,2
default_6,default_6,1,5,0.390118,11,0.374717,0.24667,40,0.125,0.5,0.4,1,0,0,0,3,0,0.304965,4,0.384615,5,0.571429,4
default_6,default_6,3,4,0.388061,12,0.37677400000000005,0.24872700000000003,40,0.375,0.4,0.3,0,0,0,2,2,0,0.008615,29,0.604396,3,0.714286,3
default_6,default_6,6,6,0.387923,13,0.376912,0.248865,40,0.75,0.6,0.2,0,0,0,1,2,0,0.002775,32,0.538462,4,0.857143,2
default_6,default_6,4,9,0.364844,14,0.39999100000000004,0.271944,40,0.5,0.9,0.4,0,0,0,0,3,0,0.241779,5,0.384615,5,0.571429,4
default_6,default_6,3,7,0.349186,15,0.41564900000000005,0.287602,40,0.375,0.7,0.3,0,0,0,1,2,0,0.131206,12,0.384615,5,0.714286,3
default_6,default_6,1,2,0.341191,16,0.423644,0.295597,40,0.125,0.2,0.7,1,0,0,1,1,0,0.012318,26,0.769231,2,0.142857,7
default_6,default_6,5,10,0.305943,17,0.458892,0.330845,40,0.625,1.0,0.5,1,0,0,0,2,0,0.165957,10,0.384615,5,0.428571,5
default_6,default_6,4,2,0.305775,18,0.45906,0.331013,40,0.5,0.2,0.4,0,0,0,1,2,0,0.478723,3,0.0,9,0.571429,4
default_6,default_6,2,6,0.290553,19,0.47428200000000004,0.346235,40,0.25,0.6,0.3,0,0,0,1,1,0,0.176932,9,0.192308,7,0.714286,3
default_6,default_6,6,8,0.27494,20,0.489895,0.361848,40,0.75,0.8,0.4,0,0,0,0,2,0,0.017021,25,0.384615,5,0.571429,4
default_6,default_6,3,9,0.261987,21,0.502848,0.374801,40,0.375,0.9,0.5,0,0,0,0,1,0,0.165957,10,0.274725,6,0.428571,5
default_6,default_6,8,4,0.259608,22,0.5052270000000001,0.37718,40,1.0,0.4,0.5,1,0,0,0,2,0,0.050118,17,0.384615,5,0.428571,5
default_6,default_6,7,8,0.243739,23,0.521096,0.393049,40,0.875,0.8,0.5,0,0,0,0,1,0,0.202753,7,0.192308,7,0.428571,5
default_6,default_6,6,3,0.243691,24,0.521144,0.39309700000000003,40,0.75,0.3,0.4,0,0,0,0,1,0,0.131206,12,0.192308,7,0.571429,4
default_6,default_6,2,2,0.242683,25,0.5221520000000001,0.39410500000000004,40,0.25,0.2,0.6,0,0,0,0,0,0,0.189125,8,0.274725,6,0.285714,6
default_6,default_6,7,3,0.242397,26,0.5224380000000001,0.39439100000000005,40,0.875,0.3,0.5,0,0,0,0,2,0,0.007092,30,0.384615,5,0.428571,5
default_6,default_6,1,7,0.23341,27,0.531425,0.403378,40,0.125,0.7,0.5,1,0,0,0,1,0,0.176932,9,0.192308,7,0.428571,5
default_6,default_6,2,5,0.22361,28,0.5412250000000001,0.41317800000000005,40,0.25,0.5,0.3,0,0,0,1,1,0,0.009574,28,0.192308,7,0.714286,3
default_6,default_6,6,4,0.21978,29,0.5450550000000001,0.41700800000000005,40,0.75,0.4,0.3,0,0,0,1,1,1,0.0,33,0.192308,7,0.714286,3
default_6,default_6,6,9,0.197585,30,0.56725,0.439203,40,0.75,0.9,0.5,0,0,0,0,1,0,0.202753,7,0.076923,8,0.428571,5
default_6,default_6,5,2,0.193879,31,0.570956,0.442909,40,0.625,0.2,0.4,0,0,0,0,1,0,0.12206,13,0.076923,8,0.571429,4
default_6,default_6,4,3,0.184407,32,0.580428,0.45238100000000003,40,0.5,0.3,0.3,0,0,0,1,1,0,0.02695,21,0.076923,8,0.714286,3
default_6,default_6,4,1,0.169791,33,0.595044,0.466997,40,0.5,0.1,0.5,1,0,0,0,1,0,0.017885,24,0.192308,7,0.428571,5
default_6,default_6,8,8,0.154956,34,0.6098790000000001,0.48183200000000004,40,1.0,0.8,0.6,1,0,0,0,0,0,0.052224,16,0.192308,7,0.285714,6
default_6,default_6,7,5,0.150187,35,0.6146480000000001,0.48660100000000006,40,0.875,0.5,0.3,0,0,0,1,1,0,0.018326,23,0.0,9,0.714286,3
default_6,default_6,3,10,0.147373,36,0.6174620000000001,0.48941500000000004,40,0.375,1.0,0.6,1,0,0,0,0,0,0.033269,19,0.192308,7,0.285714,6
default_6,default_6,6,10,0.144846,37,0.619989,0.491942,40,0.75,1.0,0.6,1,0,0,0,0,0,0.02695,21,0.192308,7,0.285714,6
default_6,default_6,8,9,0.144076,38,0.6207590000000001,0.49271200000000004,40,1.0,0.9,0.7,1,0,0,0,0,0,0.096454,14,0.192308,7,0.142857,7
default_6,default_6,1,8,0.099163,39,0.665672,0.537625,40,0.125,0.8,0.6,1,0,0,0,0,0,0.028128,20,0.076923,8,0.285714,6
default_6,default_6,7,2,0.094721,40,0.6701140000000001,0.5420670000000001,40,0.875,0.2,0.6,0,0,0,0,0,0,0.017021,25,0.076923,8,0.285714,6
default_7,default_7,5,1,0.885714,1,0.0,-0.24761900000000003,40,0.625,0.1,0.5,1,0,2,2,3,0,1.0,1,1.0,1,0.428571,5
default_7,default_7,1,7,0.657143,2,0.22857099999999997,-0.019048000000000065,40,0.125,0.7,0.5,1,0,1,2,3,0,1.0,1,0.428571,3,0.428571,5
default_7,default_7,7,6,0.638095,3,0.24761900000000003,0.0,40,0.875,0.6,0.3,0,0,1,2,3,0,1.0,1,0.238095,5,0.714286,3
default_7,default_7,1,4,0.580952,4,0.304762,0.057142999999999944,40,0.125,0.4,0.5,1,0,1,1,3,0,1.0,1,0.238095,5,0.428571,5
default_7,default_7,6,3,0.477204,5,0.40851,0.16089099999999995,40,0.75,0.3,0.4,0,0,0,2,3,0,0.478723,3,0.428571,3,0.571429,4
default_7,default_7,6,7,0.391489,6,0.494225,0.246606,40,0.75,0.7,0.3,0,0,0,2,2,0,0.478723,3,0.142857,7,0.714286,3
default_7,default_7,2,10,0.384802,7,0.500912,0.253293,40,0.25,1.0,0.7,1,0,0,1,2,0,0.652482,2,0.238095,5,0.142857,7
default_7,default_7,6,5,0.33305,8,0.552664,0.30504499999999996,40,0.75,0.5,0.2,0,0,0,1,2,0,0.165957,9,0.238095,5,0.857143,2
default_7,default_7,6,2,0.315944,9,0.56977,0.32215099999999997,40,0.75,0.2,0.5,0,0,0,1,2,0,0.147002,10,0.428571,3,0.428571,5
default_7,default_7,5,2,0.307486,10,0.578228,0.330609,40,0.625,0.2,0.4,0,0,0,1,2,0,0.054429,17,0.428571,3,0.571429,4
default_7,default_7,6,1,0.305117,11,0.580597,0.33297799999999994,40,0.75,0.1,0.6,1,0,0,1,1,0,0.000887,28,0.619048,2,0.285714,6
default_7,default_7,1,5,0.296758,12,0.588956,0.34133699999999995,40,0.125,0.5,0.4,1,0,0,0,2,0,0.218085,6,0.238095,5,0.571429,4
default_7,default_7,4,5,0.283353,13,0.6023609999999999,0.35474199999999995,40,0.5,0.5,0.1,0,0,1,1,1,0,0.024708,24,0.183673,6,1.0,1
default_7,default_7,1,8,0.281054,14,0.60466,0.35704099999999994,40,0.125,0.8,0.6,1,0,0,1,1,0,0.131206,12,0.428571,3,0.285714,6
default_7,default_7,5,8,0.26891,15,0.616804,0.369185,40,0.625,0.8,0.3,0,0,0,1,2,0,0.229417,5,0.085714,8,0.714286,3
default_7,default_7,4,1,0.258452,16,0.627262,0.37964299999999995,40,0.5,0.1,0.5,1,0,0,1,2,0,0.003273,27,0.428571,3,0.428571,5
default_7,default_7,3,5,0.249277,17,0.636437,0.388818,40,0.375,0.5,0.2,0,0,0,1,1,0,0.147002,10,0.047619,9,0.857143,2
default_7,default_7,1,1,0.245025,18,0.6406890000000001,0.39307,40,0.125,0.1,0.8,1,1,0,0,2,0,0.374468,4,0.238095,5,0.0,8
default_7,default_7,8,6,0.241564,19,0.64415,0.39653099999999997,40,1.0,0.6,0.4,1,0,0,0,2,0,0.0801,14,0.238095,5,0.571429,4
default_7,default_7,8,5,0.234205,20,0.651509,0.40388999999999997,40,1.0,0.5,0.4,1,0,0,0,2,0,0.061702,16,0.238095,5,0.571429,4
default_7,default_7,1,6,0.230414,21,0.6553,0.40768099999999996,40,0.125,0.6,0.4,1,0,0,0,2,1,0.052224,18,0.238095,5,0.571429,4
default_7,default_7,1,10,0.223911,22,0.661803,0.414184,40,0.125,1.0,0.8,1,1,0,1,1,0,0.131206,12,0.428571,3,0.0,8
default_7,default_7,7,10,0.220669,23,0.665045,0.41742599999999996,40,0.875,1.0,0.7,1,0,0,0,1,0,0.165957,9,0.314286,4,0.142857,7
default_7,default_7,7,8,0.213652,24,0.6720619999999999,0.42444299999999996,40,0.875,0.8,0.5,0,0,0,0,1,0,0.13617,11,0.183673,6,0.428571,5
default_7,default_7,5,10,0.20924,25,0.676474,0.428855,40,0.625,1.0,0.5,1,0,0,0,1,0,0.165957,9,0.142857,7,0.428571,5
default_7,default_7,4,9,0.208983,26,0.676731,0.42911199999999994,40,0.5,0.9,0.4,0,0,0,0,1,0,0.189125,7,0.047619,9,0.571429,4
default_7,default_7,6,6,0.205714,27,0.6799999999999999,0.43238099999999996,40,0.75,0.6,0.2,0,0,0,1,1,0,0.0,29,0.085714,8,0.857143,2
default_7,default_7,7,5,0.20552,28,0.680194,0.43257499999999993,40,0.875,0.5,0.3,0,0,0,1,1,0,0.013801,26,0.142857,7,0.714286,3
default_7,default_7,2,4,0.203469,29,0.682245,0.43462599999999996,40,0.25,0.4,0.4,0,0,0,0,1,0,0.0801,14,0.142857,7,0.571429,4
default_7,default_7,4,7,0.197734,30,0.68798,0.440361,40,0.5,0.7,0.2,0,0,0,1,1,0,0.065764,15,0.0,10,0.857143,2
default_7,default_7,3,9,0.190773,31,0.694941,0.447322,40,0.375,0.9,0.5,0,0,0,0,1,0,0.176932,8,0.085714,8,0.428571,5
default_7,default_7,2,8,0.177964,32,0.70775,0.46013099999999996,40,0.25,0.8,0.5,0,0,0,0,1,0,0.087766,13,0.142857,7,0.428571,5
default_7,default_7,7,3,0.176914,33,0.7088,0.46118099999999995,40,0.875,0.3,0.5,0,0,0,0,1,0,0.044326,20,0.183673,6,0.428571,5
default_7,default_7,3,4,0.167734,34,0.7179800000000001,0.470361,40,0.375,0.4,0.3,0,0,0,1,1,0,0.014573,25,0.047619,9,0.714286,3
default_7,default_7,1,3,0.167438,35,0.718276,0.470657,40,0.125,0.3,0.6,1,0,0,0,1,0,0.037643,21,0.238095,5,0.285714,6
default_7,default_7,2,9,0.166768,36,0.718946,0.47132699999999994,40,0.25,0.9,0.6,0,0,0,0,0,0,0.131206,12,0.142857,7,0.285714,6
default_7,default_7,2,7,0.158896,37,0.726818,0.47919899999999993,40,0.25,0.7,0.4,0,0,0,0,1,0,0.025811,23,0.085714,8,0.571429,4
default_7,default_7,6,8,0.152575,38,0.733139,0.48551999999999995,40,0.75,0.8,0.4,0,0,0,0,1,0,0.048104,19,0.047619,9,0.571429,4
default_7,default_7,6,10,0.133527,39,0.7521869999999999,0.5045679999999999,40,0.75,1.0,0.6,1,0,0,0,0,0,0.048104,19,0.142857,7,0.285714,6
default_7,default_7,1,2,0.097453,40,0.788261,0.540642,40,0.125,0.2,0.7,1,0,0,0,0,0,0.029347,22,0.142857,7,0.142857,7
default_8,default_8,4,8,0.782857,1,0.0,-0.318857,40,0.5,0.8,0.3,0,0,1,3,3,0,1.0,1,0.6,3,0.714286,3
default_8,default_8,2,10,0.486753,2,0.29610400000000003,-0.022752999999999968,40,0.25,1.0,0.7,1,0,1,1,2,0,0.145455,5,1.0,1,0.142857,7
default_8,default_8,1,10,0.464,3,0.318857,0.0,40,0.125,1.0,0.8,1,1,1,1,1,0,1.0,1,0.16,8,0.0,8
default_8,default_8,4,7,0.459762,4,0.323095,0.0042380000000000195,40,0.5,0.7,0.2,0,0,0,2,2,0,0.020833,25,0.7,2,0.857143,2
default_8,default_8,4,4,0.356869,5,0.42598800000000003,0.10713100000000003,40,0.5,0.4,0.2,0,0,0,1,2,0,0.063602,15,0.4,4,0.857143,2
default_8,default_8,5,7,0.33403,6,0.44882700000000003,0.12997000000000003,40,0.625,0.7,0.2,0,0,0,1,2,0,0.006504,31,0.4,4,0.857143,2
default_8,default_8,5,4,0.30961,7,0.47324700000000003,0.15439000000000003,40,0.625,0.4,0.2,0,0,0,1,2,0,0.145455,5,0.2,7,0.857143,2
default_8,default_8,2,6,0.304827,8,0.47803,0.159173,40,0.25,0.6,0.3,0,0,0,1,1,0,0.124925,7,0.28,6,0.714286,3
default_8,default_8,3,9,0.303896,9,0.478961,0.16010400000000002,40,0.375,0.9,0.5,0,0,0,0,3,0,0.145455,5,0.4,4,0.428571,5
default_8,default_8,4,9,0.292063,10,0.490794,0.171937,40,0.5,0.9,0.4,0,0,0,0,2,0,0.164444,4,0.28,6,0.571429,4
default_8,default_8,5,5,0.289469,11,0.49338800000000005,0.17453100000000005,40,0.625,0.5,0.1,0,0,1,1,1,0,0.023671,24,0.2,7,1.0,1
default_8,default_8,6,6,0.289078,12,0.493779,0.17492200000000002,40,0.75,0.6,0.2,0,0,0,1,1,1,0.014123,29,0.28,6,0.857143,2
default_8,default_8,1,5,0.288427,13,0.49443000000000004,0.17557300000000003,40,0.125,0.5,0.4,1,0,0,1,2,0,0.335354,2,0.1,9,0.571429,4
default_8,default_8,6,7,0.284825,14,0.49803200000000003,0.17917500000000003,40,0.75,0.7,0.3,0,0,0,1,1,0,0.074921,13,0.28,6,0.714286,3
default_8,default_8,3,8,0.280381,15,0.502476,0.18361900000000003,40,0.375,0.8,0.4,0,0,0,0,2,0,0.015238,28,0.4,4,0.571429,4
default_8,default_8,4,2,0.266199,16,0.5166580000000001,0.197801,40,0.5,0.2,0.4,0,0,0,0,2,0,0.065497,14,0.314286,5,0.571429,4
default_8,default_8,3,6,0.259762,17,0.5230950000000001,0.20423800000000003,40,0.375,0.6,0.2,0,0,0,1,1,0,0.020833,25,0.2,7,0.857143,2
default_8,default_8,5,2,0.247072,18,0.535785,0.216928,40,0.625,0.2,0.4,0,0,0,0,1,0,0.051966,17,0.28,6,0.571429,4
default_8,default_8,5,8,0.243942,19,0.538915,0.22005800000000003,40,0.625,0.8,0.3,0,0,0,1,1,0,0.052713,16,0.2,7,0.714286,3
default_8,default_8,2,9,0.22079,20,0.5620670000000001,0.24321000000000004,40,0.25,0.9,0.6,0,0,0,0,1,0,0.009117,30,0.4,4,0.285714,6
default_8,default_8,3,5,0.217924,21,0.564933,0.24607600000000002,40,0.375,0.5,0.2,0,0,0,1,1,0,0.116239,9,0.0,11,0.857143,2
default_8,default_8,8,8,0.194624,22,0.588233,0.26937600000000006,40,1.0,0.8,0.6,1,0,0,1,1,0,0.303704,3,0.04,10,0.285714,6
default_8,default_8,8,3,0.188995,23,0.593862,0.27500500000000005,40,1.0,0.3,0.6,1,0,0,0,0,0,0.12963,6,0.2,7,0.285714,6
default_8,default_8,7,4,0.176781,24,0.6060760000000001,0.287219,40,0.875,0.4,0.4,0,0,0,0,1,0,0.116239,9,0.04,10,0.571429,4
default_8,default_8,8,6,0.169478,25,0.613379,0.29452200000000006,40,1.0,0.6,0.4,1,0,0,0,1,0,0.09798,10,0.04,10,0.571429,4
default_8,default_8,6,3,0.160713,26,0.622144,0.30328700000000003,40,0.75,0.3,0.4,0,0,0,0,1,0,0.076068,12,0.04,10,0.571429,4
default_8,default_8,7,5,0.157216,27,0.625641,0.30678400000000006,40,0.875,0.5,0.3,0,0,0,1,1,0,0.035897,20,0.0,11,0.714286,3
default_8,default_8,7,8,0.133901,28,0.6489560000000001,0.33009900000000003,40,0.875,0.8,0.5,0,0,0,0,1,0,0.120468,8,0.0,11,0.428571,5
default_8,default_8,4,1,0.132156,29,0.650701,0.33184400000000003,40,0.5,0.1,0.5,1,0,0,0,1,0,0.016103,27,0.1,9,0.428571,5
default_8,default_8,7,3,0.127913,30,0.654944,0.336087,40,0.875,0.3,0.5,0,0,0,0,1,0,0.065497,14,0.04,10,0.428571,5
default_8,default_8,6,9,0.122429,31,0.660428,0.341571,40,0.75,0.9,0.5,0,0,0,0,1,0,0.091787,11,0.0,11,0.428571,5
default_8,default_8,1,7,0.114506,32,0.668351,0.349494,40,0.125,0.7,0.5,1,0,0,0,1,0,0.031978,22,0.04,10,0.428571,5
default_8,default_8,2,2,0.113239,33,0.669618,0.350761,40,0.25,0.2,0.6,0,0,0,0,0,0,0.04024,19,0.1,9,0.285714,6
default_8,default_8,1,4,0.111788,34,0.671069,0.352212,40,0.125,0.4,0.5,1,0,0,0,1,0,0.025185,23,0.04,10,0.428571,5
default_8,default_8,1,9,0.108571,35,0.674286,0.355429,40,0.125,0.9,0.7,1,0,0,0,0,0,0.0,32,0.2,7,0.142857,7
default_8,default_8,8,10,0.105778,36,0.677079,0.35822200000000004,40,1.0,1.0,0.8,1,1,0,0,1,0,0.164444,4,0.1,9,0.0,8
default_8,default_8,8,2,0.09854,37,0.6843170000000001,0.36546,40,1.0,0.2,0.7,1,0,0,0,0,0,0.074921,13,0.1,9,0.142857,7
default_8,default_8,6,10,0.086895,38,0.695962,0.377105,40,0.75,1.0,0.6,1,0,0,0,0,0,0.034382,21,0.04,10,0.285714,6
default_8,default_8,6,1,0.081207,39,0.70165,0.38279300000000005,40,0.75,0.1,0.6,1,0,0,0,0,0,0.02016,26,0.04,10,0.285714,6
default_8,default_8,2,1,0.063122,40,0.719735,0.400878,40,0.25,0.1,0.7,1,0,0,0,0,0,0.046377,18,0.04,10,0.142857,7
default_9,default_9,6,9,0.798214,1,0.0,-0.174404,40,0.75,0.9,0.5,0,0,1,2,3,0,1.0,1,0.78125,2,0.428571,5
default_9,default_9,3,5,0.62449,2,0.173724,-0.0006800000000000139,40,0.375,0.5,0.2,0,0,1,2,2,0,0.132653,6,1.0,1,0.857143,2
default_9,default_9,2,2,0.62381,3,0.174404,0.0,40,0.25,0.2,0.6,0,0,1,1,2,0,1.0,1,0.416667,4,0.285714,6
default_9,default_9,1,9,0.595238,4,0.20297599999999993,0.02857199999999993,40,0.125,0.9,0.7,1,0,1,1,2,0,1.0,1,0.416667,4,0.142857,7
default_9,default_9,1,1,0.5375,5,0.260714,0.08631,40,0.125,0.1,0.8,1,1,1,1,2,0,1.0,1,0.34375,5,0.0,8
default_9,default_9,2,6,0.462551,6,0.335663,0.16125899999999999,40,0.25,0.6,0.3,0,0,0,2,3,0,0.236735,4,0.5625,3,0.714286,3
default_9,default_9,3,3,0.4625,7,0.33571399999999996,0.16130999999999995,40,0.375,0.3,0.4,0,0,0,1,2,0,0.089286,10,0.78125,2,0.571429,4
default_9,default_9,3,4,0.455357,8,0.34285699999999997,0.16845299999999996,40,0.375,0.4,0.3,0,0,0,2,2,0,0.0,32,0.78125,2,0.714286,3
default_9,default_9,1,7,0.444218,9,0.353996,0.17959199999999997,40,0.125,0.7,0.5,1,0,0,1,3,0,0.479592,2,0.416667,4,0.428571,5
default_9,default_9,5,5,0.40406,10,0.394154,0.21975,40,0.625,0.5,0.1,0,0,1,1,2,0,0.093483,9,0.416667,4,1.0,1
default_9,default_9,1,8,0.37224,11,0.42597399999999996,0.25156999999999996,40,0.125,0.8,0.6,1,0,0,1,1,0,0.006494,30,0.78125,2,0.285714,6
default_9,default_9,2,5,0.370895,12,0.427319,0.252915,40,0.25,0.5,0.3,0,0,0,2,2,0,0.007594,29,0.5625,3,0.714286,3
default_9,default_9,7,4,0.370539,13,0.42767499999999997,0.25327099999999997,40,0.875,0.4,0.4,0,0,0,1,2,0,0.078134,11,0.5625,3,0.571429,4
default_9,default_9,1,2,0.3525,14,0.445714,0.27131,40,0.125,0.2,0.7,1,0,0,1,1,0,0.028571,19,0.78125,2,0.142857,7
default_9,default_9,2,1,0.342461,15,0.45575299999999996,0.28134899999999996,40,0.25,0.1,0.7,1,0,0,1,1,0,0.003474,31,0.78125,2,0.142857,7
default_9,default_9,6,4,0.327183,16,0.471031,0.296627,40,0.75,0.4,0.3,0,0,0,1,2,0,0.044148,15,0.416667,4,0.714286,3
default_9,default_9,1,10,0.322194,17,0.47602,0.301616,40,0.125,1.0,0.8,1,1,0,1,1,0,0.024235,21,0.78125,2,0.0,8
default_9,default_9,8,5,0.300828,18,0.497386,0.322982,40,1.0,0.5,0.4,1,0,0,0,2,0,0.049689,14,0.416667,4,0.571429,4
default_9,default_9,8,6,0.294363,19,0.503851,0.329447,40,1.0,0.6,0.4,1,0,0,0,2,0,0.033528,18,0.416667,4,0.571429,4
default_9,default_9,4,7,0.292107,20,0.506107,0.33170299999999997,40,0.5,0.7,0.2,0,0,0,1,1,0,0.06732,12,0.234375,7,0.857143,2
default_9,default_9,2,7,0.285442,21,0.512772,0.338368,40,0.25,0.7,0.4,0,0,0,0,2,0,0.011224,26,0.416667,4,0.571429,4
default_9,default_9,8,7,0.272257,22,0.525957,0.35155299999999995,40,1.0,0.7,0.5,1,0,0,0,2,0,0.049689,14,0.416667,4,0.428571,5
default_9,default_9,5,6,0.272019,23,0.526195,0.35179099999999996,40,0.625,0.6,0.1,0,0,1,1,1,0,0.127965,7,0.052083,9,1.0,1
default_9,default_9,2,3,0.26381,24,0.534404,0.36,40,0.25,0.3,0.5,0,0,0,0,2,0,0.028571,19,0.416667,4,0.428571,5
default_9,default_9,6,5,0.262526,25,0.5356879999999999,0.361284,40,0.75,0.5,0.2,0,0,0,1,1,0,0.102745,8,0.125,8,0.857143,2
default_9,default_9,5,9,0.245668,26,0.552546,0.378142,40,0.625,0.9,0.4,0,0,0,0,1,0,0.015955,24,0.3125,6,0.571429,4
default_9,default_9,7,10,0.24477,27,0.553444,0.37904,40,0.875,1.0,0.7,1,0,0,1,1,0,0.306122,3,0.234375,7,0.142857,7
default_9,default_9,2,4,0.223734,28,0.57448,0.400076,40,0.25,0.4,0.4,0,0,0,0,1,0,0.039246,16,0.234375,7,0.571429,4
default_9,default_9,6,8,0.21773,29,0.580484,0.40608,40,0.75,0.8,0.4,0,0,0,0,1,0,0.024235,21,0.234375,7,0.571429,4
default_9,default_9,7,8,0.19934,30,0.598874,0.42447,40,0.875,0.8,0.5,0,0,0,0,1,0,0.049689,14,0.234375,7,0.428571,5
default_9,default_9,7,9,0.194898,31,0.603316,0.42891199999999996,40,0.875,0.9,0.6,0,0,0,0,1,0,0.219388,5,0.125,8,0.285714,6
default_9,default_9,8,4,0.193977,32,0.6042369999999999,0.42983299999999997,40,1.0,0.4,0.5,1,0,0,0,1,0,0.036281,17,0.234375,7,0.428571,5
default_9,default_9,3,10,0.177266,33,0.6209479999999999,0.44654399999999994,40,0.375,1.0,0.6,1,0,0,0,0,0,0.065934,13,0.234375,7,0.285714,6
default_9,default_9,7,7,0.173579,34,0.6246349999999999,0.45023099999999994,40,0.875,0.7,0.4,0,0,0,0,1,0,0.023234,22,0.125,8,0.571429,4
default_9,default_9,5,1,0.166968,35,0.631246,0.45684199999999997,40,0.625,0.1,0.5,1,0,0,0,1,0,0.078134,11,0.125,8,0.428571,5
default_9,default_9,2,9,0.156478,36,0.641736,0.46733199999999997,40,0.25,0.9,0.6,0,0,0,0,0,1,0.013963,25,0.234375,7,0.285714,6
default_9,default_9,3,2,0.13898,37,0.659234,0.48483,40,0.375,0.2,0.5,0,0,0,0,1,0,0.008163,28,0.125,8,0.428571,5
default_9,default_9,6,1,0.114606,38,0.683608,0.509204,40,0.75,0.1,0.6,1,0,0,0,0,0,0.018659,23,0.125,8,0.285714,6
default_9,default_9,8,1,0.097249,39,0.700965,0.526561,40,1.0,0.1,0.8,1,1,0,0,0,0,0.008746,27,0.234375,7,0.0,8
default_9,default_9,3,9,0.096688,40,0.701526,0.527122,40,0.375,0.9,0.5,0,0,0,0,1,0,0.027434,20,0.0,10,0.428571,5
default_10,default_10,8,7,0.885714,1,0.0,-0.242857,40,1.0,0.7,0.5,1,0,2,2,3,0,1.0,1,1.0,1,0.428571,5
default_10,default_10,7,8,0.685714,2,0.19999999999999996,-0.042857000000000034,40,0.875,0.8,0.5,0,0,1,2,3,0,1.0,1,0.5,3,0.428571,5
default_10,default_10,5,8,0.642857,3,0.242857,0.0,40,0.625,0.8,0.3,0,0,1,2,2,0,1.0,1,0.25,6,0.714286,3
default_10,default_10,8,8,0.617143,4,0.268571,0.025714000000000015,40,1.0,0.8,0.6,1,0,1,1,2,0,1.0,1,0.4,4,0.285714,6
default_10,default_10,6,5,0.611429,5,0.274285,0.03142800000000001,40,0.75,0.5,0.2,0,0,1,2,2,0,1.0,1,0.1,7,0.857143,2
default_10,default_10,8,6,0.523052,6,0.36266200000000004,0.11980500000000005,40,1.0,0.6,0.4,1,0,1,1,2,0,0.021915,20,1.0,1,0.571429,4
default_10,default_10,1,4,0.48959,7,0.396124,0.153267,40,0.125,0.4,0.5,1,0,1,1,2,0,0.009689,24,1.0,1,0.428571,5
default_10,default_10,3,5,0.487703,8,0.398011,0.15515400000000001,40,0.375,0.5,0.2,0,0,0,2,2,0,0.090686,7,0.7,2,0.857143,2
default_10,default_10,6,1,0.457758,9,0.427956,0.185099,40,0.75,0.1,0.6,1,0,1,1,1,0,0.001538,31,1.0,1,0.285714,6
default_10,default_10,1,1,0.453595,10,0.432119,0.18926199999999999,40,0.125,0.1,0.8,1,1,1,1,2,0,0.133987,4,1.0,1,0.0,8
default_10,default_10,3,6,0.381723,11,0.5039910000000001,0.26113400000000003,40,0.375,0.6,0.2,0,0,0,2,2,0,0.025735,18,0.5,3,0.857143,2
default_10,default_10,2,4,0.355935,12,0.529779,0.286922,40,0.25,0.4,0.4,0,0,0,1,2,0,0.104124,6,0.5,3,0.571429,4
default_10,default_10,2,6,0.353165,13,0.5325489999999999,0.289692,40,0.25,0.6,0.3,0,0,0,2,3,0,0.168627,3,0.357143,5,0.714286,3
default_10,default_10,4,8,0.344491,14,0.541223,0.298366,40,0.5,0.8,0.3,0,0,0,2,2,0,0.004085,29,0.5,3,0.714286,3
default_10,default_10,6,8,0.322697,15,0.563017,0.32016,40,0.75,0.8,0.4,0,0,0,1,2,0,0.021029,21,0.5,3,0.571429,4
default_10,default_10,7,7,0.320194,16,0.56552,0.32266300000000003,40,0.875,0.7,0.4,0,0,0,1,2,0,0.01477,23,0.5,3,0.571429,4
default_10,default_10,1,9,0.309681,17,0.576033,0.333176,40,0.125,0.9,0.7,1,0,0,1,1,0,0.002773,30,0.7,2,0.142857,7
default_10,default_10,6,2,0.29972,18,0.585994,0.343137,40,0.75,0.2,0.5,0,0,0,1,2,0,0.035014,14,0.5,3,0.428571,5
default_10,default_10,4,7,0.281723,19,0.603991,0.361134,40,0.5,0.7,0.2,0,0,0,1,1,0,0.025735,18,0.25,6,0.857143,2
default_10,default_10,6,6,0.275077,20,0.610637,0.36778,40,0.75,0.6,0.2,0,0,0,1,1,0,0.00912,25,0.25,6,0.857143,2
default_10,default_10,5,7,0.273245,21,0.6124689999999999,0.369612,40,0.625,0.7,0.2,0,0,0,1,1,0,0.004541,28,0.25,6,0.857143,2
default_10,default_10,6,10,0.272248,22,0.6134660000000001,0.370609,40,0.75,1.0,0.6,1,0,0,1,1,0,0.037763,12,0.5,3,0.285714,6
default_10,default_10,8,9,0.264846,23,0.620868,0.378011,40,1.0,0.9,0.7,1,0,0,1,1,0,0.090686,7,0.5,3,0.142857,7
default_10,default_10,2,9,0.260351,24,0.625363,0.382506,40,0.25,0.9,0.6,0,0,0,1,1,0,0.008021,26,0.5,3,0.285714,6
default_10,default_10,5,5,0.250568,25,0.635146,0.392289,40,0.625,0.5,0.1,0,0,1,1,1,0,0.026419,17,0.1,7,1.0,1
default_10,default_10,7,5,0.24964,26,0.636074,0.39321700000000004,40,0.875,0.5,0.3,0,0,0,1,1,0,0.016958,22,0.25,6,0.714286,3
default_10,default_10,8,5,0.234746,27,0.650968,0.408111,40,1.0,0.5,0.4,1,0,0,0,1,1,0.051151,9,0.25,6,0.571429,4
default_10,default_10,5,10,0.23398,28,0.651734,0.40887700000000005,40,0.625,1.0,0.5,1,0,0,0,2,0,0.120664,5,0.25,6,0.428571,5
default_10,default_10,5,9,0.221069,29,0.664645,0.42178800000000005,40,0.625,0.9,0.4,0,0,0,0,1,0,0.016958,22,0.25,6,0.571429,4
default_10,default_10,5,1,0.205406,30,0.680308,0.43745100000000003,40,0.625,0.1,0.5,1,0,0,0,1,0,0.049228,10,0.25,6,0.428571,5
default_10,default_10,4,4,0.20258,31,0.683134,0.44027700000000003,40,0.5,0.4,0.2,0,0,0,1,1,0,0.077879,8,0.0,8,0.857143,2
default_10,default_10,6,4,0.191865,32,0.6938489999999999,0.450992,40,0.75,0.4,0.3,0,0,0,1,1,0,0.02252,19,0.1,7,0.714286,3
default_10,default_10,7,9,0.172248,33,0.7134659999999999,0.470609,40,0.875,0.9,0.6,0,0,0,0,0,0,0.037763,12,0.25,6,0.285714,6
default_10,default_10,5,3,0.157403,34,0.728311,0.48545400000000005,40,0.625,0.3,0.3,0,0,0,1,1,0,0.036364,13,0.0,8,0.714286,3
default_10,default_10,3,8,0.156673,35,0.729041,0.486184,40,0.375,0.8,0.4,0,0,0,0,1,0,0.005968,27,0.1,7,0.571429,4
default_10,default_10,2,2,0.133831,36,0.751883,0.509026,40,0.25,0.2,0.6,0,0,0,1,1,0,0.191721,2,0.0,8,0.285714,6
default_10,default_10,2,1,0.128571,37,0.757143,0.514286,40,0.25,0.1,0.7,1,0,0,0,0,0,0.0,32,0.25,6,0.142857,7
default_10,default_10,3,9,0.103283,38,0.782431,0.539574,40,0.375,0.9,0.5,0,0,0,0,1,0,0.043922,11,0.0,8,0.428571,5
default_10,default_10,2,3,0.098696,39,0.787018,0.544161,40,0.25,0.3,0.5,0,0,0,0,1,0,0.032454,16,0.0,8,0.428571,5
default_10,default_10,8,3,0.070458,40,0.815256,0.572399,40,1.0,0.3,0.6,1,0,0,0,0,0,0.033288,15,0.0,8,0.285714,6
default_11,default_11,5,10,0.758442,1,0.0,-0.30750999999999995,40,0.625,1.0,0.5,1,0,1,2,3,0,1.0,1,0.681818,2,0.428571,5
default_11,default_11,6,10,0.577143,2,0.181299,-0.12621099999999996,40,0.75,1.0,0.6,1,0,1,1,1,0,1.0,1,0.3,6,0.285714,6
default_11,default_11,2,1,0.450932,3,0.30750999999999995,0.0,40,0.25,0.1,0.7,1,0,1,1,1,0,0.055901,16,1.0,1,0.142857,7
default_11,default_11,8,5,0.445511,4,0.31293099999999996,0.005421000000000009,40,1.0,0.5,0.4,1,0,0,1,2,0,0.146245,6,0.681818,2,0.571429,4
default_11,default_11,3,2,0.396702,5,0.36173999999999995,0.05423,40,0.375,0.2,0.5,0,0,0,1,2,0,0.095652,10,0.681818,2,0.428571,5
default_11,default_11,4,1,0.371968,6,0.38647399999999993,0.07896399999999998,40,0.5,0.1,0.5,1,0,0,1,2,0,0.033816,24,0.681818,2,0.428571,5
default_11,default_11,1,6,0.361604,7,0.39683799999999997,0.08932800000000002,40,0.125,0.6,0.4,1,0,0,1,3,0,0.254658,2,0.363636,5,0.571429,4
default_11,default_11,6,9,0.359198,8,0.39924399999999993,0.09173399999999998,40,0.75,0.9,0.5,0,0,0,1,2,0,0.00189,33,0.681818,2,0.428571,5
default_11,default_11,8,6,0.346697,9,0.41174499999999997,0.10423500000000002,40,1.0,0.6,0.4,1,0,0,1,3,0,0.217391,3,0.363636,5,0.571429,4
default_11,default_11,2,2,0.331451,10,0.42699099999999995,0.119481,40,0.25,0.2,0.6,0,0,0,1,1,0,0.003953,32,0.681818,2,0.285714,6
default_11,default_11,7,3,0.321287,11,0.43715499999999996,0.129645,40,0.875,0.3,0.5,0,0,0,1,2,0,0.043478,21,0.545455,3,0.428571,5
default_11,default_11,7,5,0.312818,12,0.44562399999999996,0.13811400000000001,40,0.875,0.5,0.3,0,0,0,1,2,0,0.152174,5,0.272727,7,0.714286,3
default_11,default_11,8,3,0.30568,13,0.45276199999999994,0.145252,40,1.0,0.3,0.6,1,0,0,0,1,0,0.130435,8,0.490909,4,0.285714,6
default_11,default_11,7,7,0.298739,14,0.459703,0.15219300000000002,40,0.875,0.7,0.4,0,0,0,0,2,0,0.188406,4,0.272727,7,0.571429,4
default_11,default_11,5,6,0.289222,15,0.46921999999999997,0.16171000000000002,40,0.625,0.6,0.1,0,0,1,1,1,0,0.018511,27,0.204545,8,1.0,1
default_11,default_11,1,1,0.274308,16,0.48413399999999995,0.176624,40,0.125,0.1,0.8,1,1,0,1,1,0,0.003953,32,0.681818,2,0.0,8
default_11,default_11,1,8,0.27406,17,0.4843819999999999,0.17687199999999997,40,0.125,0.8,0.6,1,0,0,0,1,0,0.051383,18,0.490909,4,0.285714,6
default_11,default_11,5,2,0.2662,18,0.49224199999999996,0.184732,40,0.625,0.2,0.4,0,0,0,0,2,0,0.016149,28,0.363636,5,0.571429,4
default_11,default_11,1,5,0.26461,19,0.49383199999999994,0.186322,40,0.125,0.5,0.4,1,0,0,0,2,0,0.012174,30,0.363636,5,0.571429,4
default_11,default_11,6,3,0.264126,20,0.4943159999999999,0.18680599999999997,40,0.75,0.3,0.4,0,0,0,0,2,0,0.010964,31,0.363636,5,0.571429,4
default_11,default_11,5,8,0.257962,21,0.5004799999999999,0.19296999999999997,40,0.625,0.8,0.3,0,0,0,1,1,1,0.015035,29,0.272727,7,0.714286,3
default_11,default_11,2,7,0.250265,22,0.5081769999999999,0.20066699999999998,40,0.25,0.7,0.4,0,0,0,0,1,0,0.135404,7,0.204545,8,0.571429,4
default_11,default_11,4,10,0.24856,23,0.509882,0.202372,40,0.5,1.0,0.5,1,0,0,0,2,0,0.043478,21,0.363636,5,0.428571,5
default_11,default_11,7,8,0.246514,24,0.5119279999999999,0.204418,40,0.875,0.8,0.5,0,0,0,0,2,0,0.038363,23,0.363636,5,0.428571,5
default_11,default_11,2,10,0.244372,25,0.5140699999999999,0.20656,40,0.25,1.0,0.7,1,0,0,0,1,0,0.048593,19,0.490909,4,0.142857,7
default_11,default_11,5,9,0.230887,26,0.527555,0.220045,40,0.625,0.9,0.4,0,0,0,0,1,0,0.086957,11,0.204545,8,0.571429,4
default_11,default_11,5,5,0.227732,27,0.53071,0.2232,40,0.625,0.5,0.1,0,0,1,1,1,0,0.06933,13,0.0,11,1.0,1
default_11,default_11,2,3,0.219706,28,0.5387359999999999,0.231226,40,0.25,0.3,0.5,0,0,0,0,1,0,0.130435,8,0.204545,8,0.428571,5
default_11,default_11,4,3,0.211912,29,0.54653,0.23902,40,0.5,0.3,0.3,0,0,0,1,1,0,0.063545,14,0.109091,9,0.714286,3
default_11,default_11,2,6,0.205397,30,0.553045,0.245535,40,0.25,0.6,0.3,0,0,0,1,1,0,0.047259,20,0.109091,9,0.714286,3
default_11,default_11,3,4,0.204729,31,0.5537129999999999,0.246203,40,0.375,0.4,0.3,0,0,0,1,1,0,0.109226,9,0.045455,10,0.714286,3
default_11,default_11,7,10,0.203011,32,0.555431,0.247921,40,0.875,1.0,0.7,1,0,0,0,1,0,0.072464,12,0.363636,5,0.142857,7
default_11,default_11,1,3,0.202597,33,0.5558449999999999,0.248335,40,0.125,0.3,0.6,1,0,0,0,1,0,0.0,34,0.363636,5,0.285714,6
default_11,default_11,5,4,0.200358,34,0.5580839999999999,0.25057399999999996,40,0.625,0.4,0.2,0,0,0,1,1,0,0.026869,25,0.045455,10,0.857143,2
default_11,default_11,3,6,0.190866,35,0.567576,0.260066,40,0.375,0.6,0.2,0,0,0,1,1,0,0.048593,19,0.0,11,0.857143,2
default_11,default_11,7,1,0.184461,36,0.573981,0.266471,40,0.875,0.1,0.7,1,0,0,0,1,0,0.026087,26,0.363636,5,0.142857,7
default_11,default_11,2,4,0.162792,37,0.59565,0.28814,40,0.25,0.4,0.4,0,0,0,0,1,0,0.012174,30,0.109091,9,0.571429,4
default_11,default_11,3,8,0.136025,38,0.622417,0.314907,40,0.375,0.8,0.4,0,0,0,0,1,0,0.054348,17,0.0,11,0.571429,4
default_11,default_11,7,9,0.125127,39,0.633315,0.325805,40,0.875,0.9,0.6,0,0,0,0,0,0,0.06087,15,0.109091,9,0.285714,6
default_11,default_11,3,9,0.119896,40,0.638546,0.331036,40,0.375,0.9,0.5,0,0,0,0,1,0,0.04,22,0.045455,10,0.428571,5
