holdout_id,issue,actual,model_top1,model_same_triplet_2hit_rate,model_top1_2hit_rate,model_same_triplet_3hit_rate,model_top3_at_least_one_hit,model_exact_hit@3,model_exact_hit@10,model_exact_hit@20,model_adj_hit_pm1@3,model_mean_min_distance@3,model_signed_offset_mean@3,uniform_same_triplet_2hit_rate,uniform_top1_2hit_rate,uniform_same_triplet_3hit_rate,uniform_top3_at_least_one_hit,uniform_exact_hit@3,uniform_exact_hit@10,uniform_exact_hit@20,uniform_adj_hit_pm1@3,uniform_mean_min_distance@3,uniform_signed_offset_mean@3,frequency_same_triplet_2hit_rate,frequency_top1_2hit_rate,frequency_same_triplet_3hit_rate,frequency_top3_at_least_one_hit,frequency_exact_hit@3,frequency_exact_hit@10,frequency_exact_hit@20,frequency_adj_hit_pm1@3,frequency_mean_min_distance@3,frequency_signed_offset_mean@3,neighbor_same_triplet_2hit_rate,neighbor_top1_2hit_rate,neighbor_same_triplet_3hit_rate,neighbor_top3_at_least_one_hit,neighbor_exact_hit@3,neighbor_exact_hit@10,neighbor_exact_hit@20,neighbor_adj_hit_pm1@3,neighbor_mean_min_distance@3,neighbor_signed_offset_mean@3,shift_m1_same_triplet_2hit_rate,shift_m1_top1_2hit_rate,shift_m1_same_triplet_3hit_rate,shift_m1_top3_at_least_one_hit,shift_m1_exact_hit@3,shift_m1_exact_hit@10,shift_m1_exact_hit@20,shift_m1_adj_hit_pm1@3,shift_m1_mean_min_distance@3,shift_m1_signed_offset_mean@3,shift_p1_same_triplet_2hit_rate,shift_p1_top1_2hit_rate,shift_p1_same_triplet_3hit_rate,shift_p1_top3_at_least_one_hit,shift_p1_exact_hit@3,shift_p1_exact_hit@10,shift_p1_exact_hit@20,shift_p1_adj_hit_pm1@3,shift_p1_mean_min_distance@3,shift_p1_signed_offset_mean@3
1,115017860,2 10 13 23 26 29 32 34 37 38 45 48 51 57 58 63 66 69 77 80,28 45 58,1.0,1.0,0.0,1.0,2.0,3.0,3.0,3.0,0.0,-0.3333333333333333,0.0,0.0,0.0,0.0,0.0,0.0,0.0,0.0,2.0,-1.0,0.0,0.0,0.0,0.0,0.0,0.0,0.0,1.0,1.0,-1.0,0.0,0.0,0.0,1.0,1.0,1.0,1.0,3.0,0.0,0.0,0.0,0.0,0.0,1.0,1.0,1.0,1.0,3.0,0.0,0.0,0.0,0.0,0.0,1.0,1.0,1.0,1.0,3.0,0.0,0.6666666666666666
1,115017861,7 9 10 12 21 24 26 30 37 42 43 52 54 64 69 72 74 75 77 78,12 45 62,0.0,0.0,0.0,1.0,1.0,3.0,3.0,1.0,0.0,0.0,1.0,1.0,0.0,1.0,2.0,2.0,2.0,3.0,0.0,-0.3333333333333333,0.0,0.0,0.0,1.0,1.0,1.0,1.0,2.0,0.0,1.0,0.0,0.0,0.0,0.0,0.0,0.0,0.0,0.0,4.0,-5.0,0.0,0.0,0.0,0.0,0.0,0.0,0.0,2.0,1.0,-0.3333333333333333,0.0,0.0,0.0,0.0,0.0,0.0,0.0,2.0,1.0,1.0
1,115017862,7 16 24 25 27 28 29 31 42 49 51 53 55 59 63 66 67 77 78 80,8 45 75,1.0,0.0,0.0,1.0,0.0,2.0,2.0,1.0,1.0,0.6666666666666666,1.0,1.0,0.0,1.0,2.0,2.0,2.0,2.0,0.0,1.6666666666666667,0.0,0.0,0.0,1.0,1.0,1.0,1.0,2.0,0.0,-0.3333333333333333,0.0,0.0,0.0,1.0,1.0,1.0,1.0,3.0,0.0,0.0,0.0,0.0,0.0,1.0,1.0,1.0,1.0,1.0,0.0,-0.3333333333333333,0.0,0.0,0.0,0.0,0.0,0.0,0.0,1.0,1.0,-0.6666666666666666
1,115017863,4 8 9 11 15 16 21 23 24 25 32 43 48 52 55 56 58 67 70 74,35 66 75,0.0,0.0,0.0,1.0,0.0,2.0,2.0,2.0,1.0,1.0,1.0,1.0,0.0,1.0,2.0,2.0,2.0,3.0,0.0,-0.3333333333333333,0.0,0.0,0.0,0.0,0.0,0.0,0.0,3.0,1.0,-0.3333333333333333,0.0,0.0,0.0,1.0,1.0,1.0,1.0,2.0,0.0,0.3333333333333333,0.0,0.0,0.0,1.0,1.0,1.0,1.0,1.0,0.0,0.0,0.0,0.0,0.0,1.0,1.0,1.0,1.0,1.0,0.0,2.0
1,115017864,2 6 7 13 14 27 30 33 34 37 38 40 41 45 47 54 57 62 68 74,8 38 59,1.0,0.0,0.0,1.0,1.0,3.0,3.0,2.0,0.0,1.0,0.0,0.0,0.0,1.0,1.0,1.0,1.0,2.0,0.0,2.0,0.0,0.0,0.0,0.0,0.0,0.0,0.0,2.0,1.0,0.0,0.0,0.0,0.0,0.0,0.0,0.0,0.0,2.0,1.0,0.6666666666666666,1.0,1.0,0.0,1.0,2.0,2.0,2.0,3.0,0.0,0.3333333333333333,0.0,0.0,0.0,0.0,0.0,0.0,0.0,1.0,1.0,0.3333333333333333
1,115017865,3 4 5 13 14 18 19 27 30 43 44 48 49 51 57 61 65 67 71 79,7 24 64,0.0,0.0,0.0,1.0,0.0,1.0,1.0,1.0,1.0,-0.6666666666666666,1.0,1.0,0.0,1.0,2.0,2.0,2.0,2.0,0.0,1.0,0.0,0.0,0.0,0.0,0.0,0.0,0.0,1.0,1.0,2.3333333333333335,0.0,0.0,0.0,1.0,1.0,1.0,1.0,2.0,0.0,-1.0,0.0,0.0,0.0,0.0,0.0,0.0,0.0,1.0,1.0,2.3333333333333335,0.0,0.0,0.0,1.0,1.0,1.0,1.0,1.0,0.0,0.3333333333333333
1,115017866,4 18 19 28 36 38 42 50 54 58 61 67 68 69 70 71 74 78 79 80,18 38 59,1.0,1.0,0.0,1.0,2.0,4.0,4.0,3.0,0.0,0.3333333333333333,0.0,0.0,0.0,1.0,1.0,1.0,1.0,2.0,0.0,1.0,0.0,0.0,0.0,0.0,0.0,0.0,0.0,2.0,1.0,1.0,0.0,0.0,0.0,1.0,1.0,1.0,1.0,2.0,0.0,-1.0,0.0,0.0,0.0,1.0,1.0,1.0,1.0,3.0,0.0,0.0,0.0,0.0,0.0,1.0,1.0,1.0,1.0,3.0,0.0,0.0
1,115017867,1 2 6 12 15 17 23 24 25 27 28 30 34 46 49 58 69 71 74 79,8 38 57,0.0,0.0,0.0,1.0,0.0,1.0,1.0,1.0,1.0,1.6666666666666667,1.0,1.0,0.0,1.0,2.0,2.0,2.0,2.0,0.0,0.6666666666666666,0.0,0.0,0.0,0.0,0.0,0.0,0.0,0.0,3.0,1.0,0.0,0.0,0.0,0.0,0.0,0.0,0.0,2.0,1.0,0.6666666666666666,0.0,0.0,0.0,0.0,0.0,0.0,0.0,1.0,1.0,0.6666666666666666,0.0,0.0,0.0,1.0,1.0,1.0,1.0,1.0,0.0,2.6666666666666665
1,115017868,6 9 12 19 22 28 32 36 41 45 46 50 51 54 55 63 67 71 76 78,7 27 78,0.0,0.0,0.0,1.0,1.0,3.0,3.0,3.0,0.0,0.0,0.0,0.0,0.0,1.0,1.0,1.0,1.0,2.0,0.0,-0.3333333333333333,0.0,0.0,0.0,0.0,0.0,0.0,0.0,2.0,1.0,0.6666666666666666,0.0,0.0,0.0,0.0,0.0,0.0,0.0,0.0,3.0,-4.0,0.0,0.0,0.0,1.0,1.0,1.0,1.0,2.0,0.0,-0.3333333333333333,0.0,0.0,0.0,1.0,1.0,1.0,1.0,3.0,0.0,0.0
1,115017869,5 7 10 20 24 25 26 27 29 30 31 32 36 45 49 50 65 69 73 77,23 48 63,0.0,0.0,0.0,1.0,0.0,1.0,1.0,2.0,1.0,-1.3333333333333333,0.0,0.0,0.0,1.0,1.0,1.0,1.0,1.0,0.0,-1.3333333333333333,0.0,0.0,0.0,1.0,1.0,1.0,1.0,3.0,0.0,0.6666666666666666,1.0,1.0,0.0,1.0,2.0,2.0,2.0,3.0,0.0,0.3333333333333333,0.0,0.0,0.0,0.0,0.0,0.0,0.0,0.0,2.0,0.3333333333333333,1.0,1.0,0.0,1.0,2.0,2.0,2.0,3.0,0.0,-0.3333333333333333
1,115017870,2 3 9 11 20 21 27 29 31 37 40 44 47 48 49 50 52 74 75 77,4 24 67,0.0,0.0,0.0,1.0,0.0,1.0,1.0,1.0,1.0,-1.0,0.0,0.0,0.0,1.0,1.0,1.0,1.0,1.0,0.0,-5.0,0.0,0.0,0.0,1.0,1.0,1.0,1.0,3.0,0.0,0.6666666666666666,0.0,0.0,0.0,0.0,0.0,0.0,0.0,1.0,1.0,2.0,0.0,0.0,0.0,1.0,1.0,1.0,1.0,1.0,0.0,-2.0,0.0,0.0,0.0,0.0,0.0,0.0,0.0,0.0,2.0,-2.0
1,115017871,3 6 7 12 19 20 25 28 30 32 33 34 38 41 49 50 54 61 62 74,4 45 75,0.0,0.0,0.0,1.0,0.0,1.0,1.0,2.0,1.0,2.0,0.0,0.0,0.0,0.0,0.0,0.0,0.0,2.0,1.0,0.6666666666666666,0.0,0.0,0.0,0.0,0.0,0.0,0.0,2.0,1.0,1.3333333333333333,0.0,0.0,0.0,1.0,1.0,1.0,1.0,2.0,0.0,-1.0,1.0,1.0,0.0,1.0,2.0,2.0,2.0,2.0,0.0,1.0,0.0,0.0,0.0,0.0,0.0,0.0,0.0,1.0,1.0,-0.6666666666666666
1,115017872,1 15 22 26 28 31 33 40 43 44 46 51 52 55 58 59 62 65 67 76,27 30 67,0.0,0.0,0.0,1.0,1.0,1.0,1.0,3.0,0.0,0.0,1.0,1.0,0.0,1.0,2.0,2.0,2.0,2.0,0.0,0.6666666666666666,0.0,0.0,0.0,1.0,1.0,1.0,1.0,2.0,0.0,2.3333333333333335,0.0,0.0,0.0,0.0,0.0,0.0,0.0,1.0,1.0,2.0,0.0,0.0,0.0,1.0,1.0,1.0,1.0,3.0,0.0,0.6666666666666666,1.0,1.0,0.0,1.0,2.0,2.0,2.0,3.0,0.0,0.3333333333333333
1,115017873,3 9 12 13 14 15 25 34 35 36 37 40 50 54 58 65 70 73 76 77,38 45 58,1.0,0.0,0.0,1.0,1.0,3.0,3.0,2.0,0.0,2.0,0.0,0.0,0.0,0.0,0.0,0.0,0.0,0.0,2.0,-1.0,0.0,0.0,0.0,0.0,0.0,0.0,0.0,0.0,2.0,1.0,0.0,0.0,0.0,1.0,1.0,1.0,1.0,2.0,0.0,-1.0,0.0,0.0,0.0,1.0,1.0,1.0,1.0,2.0,0.0,1.0,0.0,0.0,0.0,0.0,0.0,0.0,0.0,2.0,1.0,-1.3333333333333333
1,115017874,2 5 6 9 12 14 16 17 20 21 24 26 34 42 45 60 67 70 71 73,27 50 67,0.0,0.0,0.0,1.0,1.0,1.0,1.0,2.0,0.0,2.0,0.0,0.0,0.0,1.0,1.0,1.0,1.0,2.0,0.0,-0.3333333333333333,0.0,0.0,0.0,0.0,0.0,0.0,0.0,2.0,1.0,1.3333333333333333,0.0,0.0,0.0,1.0,1.0,1.0,1.0,3.0,0.0,0.0,0.0,0.0,0.0,1.0,1.0,1.0,1.0,2.0,0.0,1.0,0.0,0.0,0.0,0.0,0.0,0.0,0.0,1.0,1.0,3.0
1,115017875,3 6 11 12 15 16 21 24 26 28 29 39 40 43 44 45 53 62 72 80,7 20 50,0.0,0.0,0.0,1.0,0.0,1.0,1.0,2.0,1.0,-1.0,0.0,0.0,0.0,1.0,1.0,1.0,1.0,2.0,0.0,1.0,1.0,1.0,0.0,1.0,2.0,2.0,2.0,3.0,0.0,0.3333333333333333,0.0,0.0,0.0,1.0,1.0,1.0,1.0,2.0,0.0,-1.0,0.0,0.0,0.0,1.0,1.0,1.0,1.0,1.0,0.0,0.6666666666666666,0.0,0.0,0.0,1.0,1.0,1.0,1.0,1.0,0.0,0.0
1,115017876,1 8 28 30 33 38 42 43 48 51 54 55 56 59 62 65 69 70 76 79,15 34 55,1.0,0.0,0.0,1.0,1.0,4.0,4.0,2.0,0.0,2.6666666666666665,0.0,0.0,0.0,0.0,0.0,0.0,0.0,2.0,1.0,-0.6666666666666666,0.0,0.0,0.0,1.0,1.0,1.0,1.0,1.0,0.0,2.0,0.0,0.0,0.0,0.0,0.0,0.0,0.0,1.0,1.0,2.0,1.0,1.0,0.0,1.0,2.0,2.0,2.0,2.0,0.0,2.0,0.0,0.0,0.0,1.0,1.0,1.0,1.0,1.0,0.0,3.3333333333333335
1,115017877,7 8 15 16 20 23 27 32 41 47 49 52 56 60 61 65 71 73 74 76,15 58 65,1.0,1.0,0.0,1.0,2.0,3.0,3.0,2.0,0.0,0.6666666666666666,0.0,0.0,0.0,0.0,0.0,0.0,0.0,1.0,1.0,0.6666666666666666,0.0,0.0,0.0,0.0,0.0,0.0,0.0,2.0,1.0,-0.6666666666666666,0.0,0.0,0.0,1.0,1.0,1.0,1.0,1.0,0.0,-3.6666666666666665,0.0,0.0,0.0,0.0,0.0,0.0,0.0,3.0,1.0,-0.3333333333333333,0.0,0.0,0.0,1.0,1.0,1.0,1.0,3.0,0.0,0.0
1,115017878,5 15 16 19 20 25 26 29 30 36 49 50 54 59 65 72 74 77 79 80,9 54 74,1.0,1.0,0.0,1.0,2.0,2.0,2.0,2.0,0.0,1.3333333333333333,0.0,0.0,0.0,1.0,1.0,1.0,1.0,2.0,0.0,2.0,0.0,0.0,0.0,0.0,0.0,0.0,0.0,2.0,1.0,-1.3333333333333333,0.0,0.0,0.0,0.0,0.0,0.0,0.0,1.0,1.0,2.0,0.0,0.0,0.0,0.0,0.0,0.0,0.0,2.0,1.0,1.0,0.0,0.0,0.0,0.0,0.0,0.0,0.0,2.0,1.0,2.3333333333333335
1,115017879,3 9 12 29 31 32 33 36 42 52 56 62 63 65 66 71 73 74 75 78,31 40 50,1.0,0.0,0.0,1.0,1.0,2.0,2.0,1.0,0.0,-1.3333333333333333,0.0,0.0,0.0,1.0,1.0,1.0,1.0,2.0,0.0,0.3333333333333333,0.0,0.0,0.0,0.0,0.0,0.0,0.0,1.0,1.0,0.0,0.0,0.0,0.0,0.0,0.0,0.0,0.0,1.0,1.0,2.0,0.0,0.0,0.0,0.0,0.0,0.0,0.0,1.0,1.0,0.3333333333333333,0.0,0.0,0.0,1.0,1.0,1.0,1.0,3.0,0.0,-0.6666666666666666
1,115017880,1 10 12 13 20 22 28 29 36 38 40 44 48 52 53 58 60 66 69 70,32 49 69,0.0,0.0,0.0,1.0,1.0,3.0,3.0,2.0,0.0,1.3333333333333333,0.0,0.0,0.0,1.0,1.0,1.0,1.0,2.0,0.0,-0.3333333333333333,1.0,1.0,0.0,1.0,2.0,2.0,2.0,3.0,0.0,-0.3333333333333333,0.0,0.0,0.0,0.0,0.0,0.0,0.0,1.0,1.0,2.0,0.0,0.0,0.0,1.0,1.0,1.0,1.0,2.0,0.0,0.3333333333333333,0.0,0.0,0.0,1.0,1.0,1.0,1.0,1.0,0.0,-0.3333333333333333
1,115017881,3 5 6 7 17 23 29 32 35 45 47 48 50 53 59 60 65 66 70 80,9 69 76,0.0,0.0,0.0,1.0,0.0,1.0,1.0,1.0,1.0,-1.0,0.0,0.0,0.0,0.0,0.0,0.0,0.0,1.0,1.0,-0.6666666666666666,0.0,0.0,0.0,1.0,1.0,1.0,1.0,2.0,0.0,1.3333333333333333,0.0,0.0,0.0,0.0,0.0,0.0,0.0,1.0,1.0,-0.3333333333333333,0.0,0.0,0.0,0.0,0.0,0.0,0.0,1.0,1.0,2.6666666666666665,0.0,0.0,0.0,1.0,1.0,1.0,1.0,1.0,0.0,0.0
1,115017882,5 10 12 21 22 25 26 33 40 42 56 59 63 64 72 73 74 77 78 79,20 49 50,0.0,0.0,0.0,0.0,0.0,0.0,0.0,1.0,1.0,0.0,0.0,0.0,0.0,0.0,0.0,0.0,0.0,2.0,1.0,-1.0,0.0,0.0,0.0,1.0,1.0,1.0,1.0,1.0,0.0,0.0,0.0,0.0,0.0,0.0,0.0,0.0,0.0,1.0,1.0,-2.0,0.0,0.0,0.0,0.0,0.0,0.0,0.0,0.0,2.0,3.6666666666666665,0.0,0.0,0.0,1.0,1.0,1.0,1.0,1.0,0.0,-3.6666666666666665
1,115017883,1 4 9 12 16 20 21 22 27 28 37 39 41 43 46 60 62 63 70 72,12 29 62,1.0,1.0,0.0,1.0,2.0,3.0,3.0,3.0,0.0,0.3333333333333333,0.0,0.0,0.0,1.0,1.0,1.0,1.0,1.0,0.0,4.666666666666667,1.0,1.0,1.0,1.0,3.0,3.0,3.0,3.0,0.0,0.0,0.0,0.0,0.0,1.0,1.0,1.0,1.0,2.0,0.0,1.0,0.0,0.0,0.0,1.0,1.0,1.0,1.0,3.0,0.0,0.0,0.0,0.0,0.0,1.0,1.0,1.0,1.0,2.0,0.0,1.0
1,115017884,3 5 7 8 9 20 24 40 42 44 45 51 53 60 66 67 70 72 77 80,28 59 69,1.0,0.0,0.0,1.0,0.0,3.0,3.0,2.0,1.0,0.6666666666666666,0.0,0.0,0.0,0.0,0.0,0.0,0.0,3.0,1.0,0.3333333333333333,0.0,0.0,0.0,1.0,1.0,1.0,1.0,1.0,0.0,2.3333333333333335,0.0,0.0,0.0,1.0,1.0,1.0,1.0,2.0,0.0,-1.0,0.0,0.0,0.0,0.0,0.0,0.0,0.0,1.0,1.0,0.6666666666666666,1.0,1.0,0.0,1.0,2.0,2.0,2.0,2.0,0.0,1.6666666666666667
1,115017885,5 6 11 15 19 22 27 28 29 30 33 35 43 57 58 63 74 76 77 79,12 29 42,0.0,0.0,0.0,1.0,1.0,2.0,2.0,3.0,0.0,0.0,1.0,1.0,0.0,1.0,2.0,2.0,2.0,3.0,0.0,0.3333333333333333,0.0,0.0,0.0,1.0,1.0,1.0,1.0,2.0,0.0,-1.0,0.0,0.0,0.0,0.0,0.0,0.0,0.0,1.0,1.0,-2.0,1.0,1.0,0.0,1.0,2.0,2.0,2.0,2.0,0.0,-0.6666666666666666,1.0,1.0,0.0,1.0,2.0,2.0,2.0,2.0,0.0,0.6666666666666666
1,115017886,3 4 5 6 8 10 12 13 16 25 30 34 48 56 64 65 67 69 72 75,9 28 78,0.0,0.0,0.0,1.0,0.0,1.0,1.0,1.0,1.0,0.6666666666666666,1.0,1.0,1.0,1.0,3.0,3.0,3.0,3.0,0.0,0.0,0.0,0.0,0.0,1.0,1.0,1.0,1.0,2.0,0.0,-0.3333333333333333,1.0,1.0,1.0,1.0,3.0,3.0,3.0,3.0,0.0,0.0,0.0,0.0,0.0,1.0,1.0,1.0,1.0,1.0,0.0,1.3333333333333333,0.0,0.0,0.0,1.0,1.0,1.0,1.0,2.0,0.0,1.0
2,115017887,2 4 5 8 10 15 17 22 26 30 36 40 49 50 54 55 60 62 77 80,12 43 62,0.0,0.0,0.0,1.0,1.0,2.0,2.0,1.0,0.0,1.6666666666666667,1.0,1.0,0.0,1.0,2.0,2.0,2.0,3.0,0.0,-0.3333333333333333,0.0,0.0,0.0,0.0,0.0,0.0,0.0,0.0,2.0,-1.0,1.0,1.0,0.0,1.0,2.0,2.0,2.0,3.0,0.0,0.3333333333333333,0.0,0.0,0.0,0.0,0.0,0.0,0.0,2.0,1.0,1.3333333333333333,0.0,0.0,0.0,0.0,0.0,0.0,0.0,1.0,1.0,1.0
2,115017888,2 3 5 7 12 16 20 27 33 41 42 51 58 62 63 66 67 70 76 78,9 12 62,1.0,1.0,1.0,1.0,2.0,4.0,4.0,2.0,0.0,0.6666666666666666,1.0,1.0,0.0,1.0,2.0,2.0,2.0,2.0,0.0,0.6666666666666666,1.0,1.0,0.0,1.0,2.0,2.0,2.0,3.0,0.0,0.3333333333333333,1.0,1.0,0.0,1.0,2.0,2.0,2.0,3.0,0.0,-0.3333333333333333,0.0,0.0,0.0,0.0,0.0,0.0,0.0,3.0,1.0,-0.3333333333333333,0.0,0.0,0.0,1.0,1.0,1.0,1.0,2.0,0.0,-0.3333333333333333
2,115017889,1 3 13 16 18 22 23 28 30 39 43 56 60 63 68 71 72 73 76 77,5 28 58,1.0,0.0,0.0,1.0,1.0,3.0,3.0,1.0,0.0,1.3333333333333333,1.0,1.0,0.0,1.0,2.0,2.0,2.0,2.0,0.0,-0.6666666666666666,0.0,0.0,0.0,1.0,1.0,1.0,1.0,3.0,0.0,-0.6666666666666666,1.0,1.0,0.0,1.0,2.0,2.0,2.0,3.0,0.0,0.3333333333333333,0.0,0.0,0.0,0.0,0.0,0.0,0.0,3.0,1.0,0.3333333333333333,0.0,0.0,0.0,0.0,0.0,0.0,0.0,2.0,1.0,1.0
2,115017890,2 3 7 13 14 16 20 21 33 39 46 48 51 57 58 61 64 66 73 74,5 65 72,0.0,0.0,0.0,1.0,0.0,1.0,1.0,2.0,1.0,0.6666666666666666,0.0,0.0,0.0,0.0,0.0,0.0,0.0,1.0,1.0,0.3333333333333333,0.0,0.0,0.0,0.0,0.0,0.0,0.0,1.0,1.0,-3.0,1.0,1.0,0.0,1.0,2.0,2.0,2.0,3.0,0.0,-0.3333333333333333,0.0,0.0,0.0,1.0,1.0,1.0,1.0,2.0,0.0,-0.3333333333333333,1.0,1.0,0.0,1.0,2.0,2.0,2.0,3.0,0.0,-0.3333333333333333
2,115017891,1 2 3 8 13 14 20 25 27 39 46 48 49 52 59 62 68 70 77 79,20 50 77,1.0,1.0,0.0,1.0,2.0,2.0,2.0,3.0,0.0,0.3333333333333333,0.0,0.0,0.0,0.0,0.0,0.0,0.0,1.0,1.0,-1.3333333333333333,0.0,0.0,0.0,1.0,1.0,1.0,1.0,3.0,0.0,0.0,1.0,1.0,1.0,1.0,3.0,3.0,3.0,3.0,0.0,0.0,0.0,0.0,0.0,1.0,1.0,1.0,1.0,3.0,0.0,-0.6666666666666666,0.0,0.0,0.0,0.0,0.0,0.0,0.0,3.0,1.0,0.3333333333333333
2,115017892,3 8 9 11 17 20 22 25 35 37 41 45 46 47 48 51 53 57 58 79,5 20 70,0.0,0.0,0.0,1.0,1.0,2.0,2.0,1.0,0.0,-2.3333333333333335,0.0,0.0,0.0,1.0,1.0,1.0,1.0,3.0,0.0,0.0,0.0,0.0,0.0,1.0,1.0,1.0,1.0,2.0,0.0,-2.6666666666666665,0.0,0.0,0.0,1.0,1.0,1.0,1.0,2.0,0.0,-1.0,0.0,0.0,0.0,0.0,0.0,0.0,0.0,2.0,1.0,-3.3333333333333335,0.0,0.0,0.0,0.0,0.0,0.0,0.0,1.0,1.0,-3.0
2,115017893,6 7 10 12 14 24 31 36 41 42 44 47 48 51 52 68 74 75 77 80,3 22 72,0.0,0.0,0.0,0.0,0.0,0.0,0.0,0.0,2.0,-2.3333333333333335,0.0,0.0,0.0,0.0,0.0,0.0,0.0,2.0,1.0,-0.6666666666666666,0.0,0.0,0.0,0.0,0.0,0.0,0.0,0.0,2.0,-1.6666666666666667,0.0,0.0,0.0,0.0,0.0,0.0,0.0,0.0,2.0,-3.0,0.0,0.0,0.0,0.0,0.0,0.0,0.0,0.0,3.0,-1.3333333333333333,0.0,0.0,0.0,0.0,0.0,0.0,0.0,2.0,1.0,-1.3333333333333333
2,115017894,1 9 23 29 35 36 45 46 47 52 54 59 63 65 69 70 71 75 76 78,3 33 74,0.0,0.0,0.0,1.0,0.0,2.0,2.0,1.0,1.0,-0.3333333333333333,0.0,0.0,0.0,1.0,1.0,1.0,1.0,1.0,0.0,1.3333333333333333,0.0,0.0,0.0,0.0,0.0,0.0,0.0,0.0,2.0,0.6666666666666666,0.0,0.0,0.0,0.0,0.0,0.0,0.0,0.0,2.0,-0.3333333333333333,0.0,0.0,0.0,0.0,0.0,0.0,0.0,1.0,1.0,2.0,0.0,0.0,0.0,1.0,1.0,1.0,1.0,2.0,0.0,0.6666666666666666
2,115017895,3 5 7 8 11 12 16 20 21 25 29 32 35 42 48 51 60 63 72 77,13 40 70,1.0,0.0,0.0,1.0,0.0,3.0,3.0,1.0,1.0,-1.0,0.0,0.0,0.0,0.0,0.0,0.0,0.0,0.0,2.0,-0.3333333333333333,1.0,1.0,0.0,1.0,2.0,2.0,2.0,2.0,0.0,-0.6666666666666666,0.0,0.0,0.0,1.0,1.0,1.0,1.0,2.0,0.0,-1.0,0.0,0.0,0.0,1.0,1.0,1.0,1.0,1.0,0.0,-2.0,0.0,0.0,0.0,0.0,0.0,0.0,0.0,2.0,1.0,0.0
2,115017896,4 5 9 24 25 27 34 35 36 38 42 46 48 50 58 59 60 61 71 72,22 52 77,0.0,0.0,0.0,1.0,0.0,1.0,1.0,0.0,2.0,1.6666666666666667,0.0,0.0,0.0,0.0,0.0,0.0,0.0,2.0,1.0,1.3333333333333333,0.0,0.0,0.0,0.0,0.0,0.0,0.0,1.0,1.0,-0.6666666666666666,0.0,0.0,0.0,1.0,1.0,1.0,1.0,2.0,0.0,-1.0,0.0,0.0,0.0,0.0,0.0,0.0,0.0,1.0,1.0,0.6666666666666666,0.0,0.0,0.0,0.0,0.0,0.0,0.0,1.0,1.0,2.6666666666666665
2,115017897,5 9 10 11 27 33 34 37 39 44 48 53 55 56 57 67 69 72 73 78,6 36 77,0.0,0.0,0.0,1.0,0.0,2.0,2.0,3.0,1.0,-0.3333333333333333,0.0,0.0,0.0,0.0,0.0,0.0,0.0,1.0,1.0,1.3333333333333333,0.0,0.0,0.0,0.0,0.0,0.0,0.0,1.0,1.0,-2.6666666666666665,0.0,0.0,0.0,1.0,1.0,1.0,1.0,2.0,0.0,-1.0,0.0,0.0,0.0,1.0,1.0,1.0,1.0,2.0,0.0,-0.3333333333333333,1.0,1.0,0.0,1.0,2.0,2.0,2.0,2.0,0.0,0.6666666666666666
2,115017898,1 10 13 17 23 25 27 30 34 35 37 46 52 53 61 63 66 71 72 75,1 10 60,1.0,1.0,0.0,1.0,2.0,2.0,2.0,3.0,0.0,-0.3333333333333333,0.0,0.0,0.0,0.0,0.0,0.0,0.0,2.0,1.0,0.3333333333333333,0.0,0.0,0.0,0.0,0.0,0.0,0.0,1.0,1.0,1.3333333333333333,0.0,0.0,0.0,0.0,0.0,0.0,0.0,0.0,3.0,1.0,0.0,0.0,0.0,1.0,1.0,1.0,1.0,2.0,0.0,-1.0,0.0,0.0,0.0,1.0,1.0,1.0,1.0,3.0,0.0,0.6666666666666666
2,115017899,3 4 5 7 14 20 23 25 28 34 38 55 56 67 73 74 75 78 79 80,8 25 48,0.0,0.0,0.0,1.0,1.0,3.0,3.0,2.0,0.0,-2.0,0.0,0.0,0.0,1.0,1.0,1.0,1.0,2.0,0.0,-1.6666666666666667,1.0,1.0,0.0,1.0,2.0,2.0,2.0,2.0,0.0,-0.6666666666666666,0.0,0.0,0.0,0.0,0.0,0.0,0.0,1.0,1.0,-0.3333333333333333,0.0,0.0,0.0,1.0,1.0,1.0,1.0,2.0,0.0,-2.3333333333333335,0.0,0.0,0.0,0.0,0.0,0.0,0.0,1.0,1.0,-1.0
2,115017900,2 4 5 9 12 14 24 33 41 47 48 53 55 59 60 63 67 69 73 75,5 30 60,1.0,1.0,0.0,1.0,2.0,2.0,2.0,2.0,0.0,-1.0,0.0,0.0,0.0,0.0,0.0,0.0,0.0,1.0,1.0,-1.3333333333333333,0.0,0.0,0.0,1.0,1.0,1.0,1.0,2.0,0.0,-1.0,1.0,1.0,0.0,1.0,2.0,2.0,2.0,3.0,0.0,0.3333333333333333,1.0,1.0,0.0,1.0,2.0,2.0,2.0,2.0,0.0,-1.3333333333333333,0.0,0.0,0.0,0.0,0.0,0.0,0.0,2.0,1.0,0.0
2,115017901,2 3 9 15 18 19 21 33 42 45 54 59 60 62 63 68 70 76 77 78,13 63 72,0.0,0.0,0.0,1.0,1.0,1.0,1.0,1.0,0.0,0.0,0.0,0.0,0.0,0.0,0.0,0.0,0.0,2.0,1.0,1.0,0.0,0.0,0.0,1.0,1.0,1.0,1.0,2.0,0.0,1.3333333333333333,1.0,1.0,0.0,1.0,2.0,2.0,2.0,3.0,0.0,-0.3333333333333333,0.0,0.0,0.0,1.0,1.0,1.0,1.0,2.0,0.0,1.3333333333333333,0.0,0.0,0.0,0.0,0.0,0.0,0.0,2.0,1.0,1.0
2,115017902,1 5 11 12 13 14 29 32 34 39 42 43 44 48 49 56 61 70 73 77,3 13 48,1.0,1.0,0.0,1.0,2.0,3.0,3.0,2.0,0.0,0.6666666666666666,0.0,0.0,0.0,1.0,1.0,1.0,1.0,1.0,0.0,-1.0,0.0,0.0,0.0,1.0,1.0,1.0,1.0,1.0,0.0,2.6666666666666665,0.0,0.0,0.0,1.0,1.0,1.0,1.0,2.0,0.0,1.0,0.0,0.0,0.0,1.0,1.0,1.0,1.0,3.0,0.0,0.0,1.0,1.0,0.0,1.0,2.0,2.0,2.0,3.0,0.0,-0.3333333333333333
2,115017903,5 7 13 14 15 17 26 27 28 36 37 40 42 50 54 58 59 65 66 69,25 48 58,0.0,0.0,0.0,1.0,1.0,2.0,2.0,2.0,0.0,-1.0,1.0,1.0,0.0,1.0,2.0,2.0,2.0,2.0,0.0,0.6666666666666666,0.0,0.0,0.0,0.0,0.0,0.0,0.0,2.0,1.0,-0.6666666666666666,0.0,0.0,0.0,0.0,0.0,0.0,0.0,1.0,1.0,-2.6666666666666665,0.0,0.0,0.0,0.0,0.0,0.0,0.0,1.0,1.0,-2.0,1.0,1.0,0.0,1.0,2.0,2.0,2.0,3.0,0.0,-0.3333333333333333
2,115017904,4 6 12 13 22 27 28 31 33 37 39 48 53 55 58 59 60 65 66 78,27 48 67,1.0,1.0,0.0,1.0,2.0,3.0,3.0,3.0,0.0,0.3333333333333333,0.0,0.0,0.0,0.0,0.0,0.0,0.0,1.0,1.0,0.6666666666666666,0.0,0.0,0.0,1.0,1.0,1.0,1.0,2.0,0.0,0.6666666666666666,1.0,1.0,0.0,1.0,2.0,2.0,2.0,3.0,0.0,0.3333333333333333,0.0,0.0,0.0,1.0,1.0,1.0,1.0,3.0,0.0,-0.6666666666666666,0.0,0.0,0.0,1.0,1.0,1.0,1.0,2.0,0.0,1.0
2,115017905,1 2 7 11 19 21 29 30 31 34 38 39 44 47 50 55 71 77 78 79,33 63 72,0.0,0.0,0.0,0.0,0.0,0.0,0.0,2.0,1.0,2.6666666666666665,0.0,0.0,0.0,0.0,0.0,0.0,0.0,1.0,1.0,-0.3333333333333333,0.0,0.0,0.0,0.0,0.0,0.0,0.0,2.0,1.0,0.0,0.0,0.0,0.0,0.0,0.0,0.0,0.0,1.0,1.0,0.3333333333333333,0.0,0.0,0.0,1.0,1.0,1.0,1.0,2.0,0.0,2.6666666666666665,0.0,0.0,0.0,1.0,1.0,1.0,1.0,1.0,0.0,-1.6666666666666667
2,115017906,5 6 7 10 16 18 20 22 24 30 38 41 53 55 57 66 73 74 75 77,13 34 73,1.0,0.0,0.0,1.0,1.0,3.0,3.0,1.0,0.0,2.3333333333333335,0.0,0.0,0.0,0.0,0.0,0.0,0.0,1.0,1.0,-0.3333333333333333,0.0,0.0,0.0,1.0,1.0,1.0,1.0,1.0,0.0,0.0,0.0,0.0,0.0,0.0,0.0,0.0,0.0,0.0,2.0,-3.0,0.0,0.0,0.0,0.0,0.0,0.0,0.0,1.0,1.0,1.3333333333333333,0.0,0.0,0.0,1.0,1.0,1.0,1.0,1.0,0.0,-1.6666666666666667
2,115017907,2 10 14 16 19 25 28 29 35 37 38 46 47 53 59 60 62 72 78 80,2 42 75,1.0,0.0,0.0,1.0,1.0,3.0,3.0,1.0,0.0,2.3333333333333335,0.0,0.0,0.0,0.0,0.0,0.0,0.0,0.0,2.0,1.3333333333333333,0.0,0.0,0.0,0.0,0.0,0.0,0.0,2.0,1.0,0.6666666666666666,0.0,0.0,0.0,0.0,0.0,0.0,0.0,0.0,2.0,3.0,0.0,0.0,0.0,0.0,0.0,0.0,0.0,1.0,1.0,1.3333333333333333,0.0,0.0,0.0,0.0,0.0,0.0,0.0,1.0,1.0,-1.3333333333333333
2,115017908,1 3 4 6 10 24 27 31 38 40 44 50 51 53 54 55 63 73 77 78,5 25 48,0.0,0.0,0.0,1.0,0.0,1.0,1.0,2.0,1.0,0.0,0.0,0.0,0.0,0.0,0.0,0.0,0.0,3.0,1.0,1.0,1.0,1.0,0.0,1.0,2.0,2.0,2.0,2.0,0.0,0.6666666666666666,1.0,1.0,0.0,1.0,2.0,2.0,2.0,3.0,0.0,0.3333333333333333,1.0,1.0,0.0,1.0,2.0,2.0,2.0,2.0,0.0,1.0,0.0,0.0,0.0,1.0,1.0,1.0,1.0,3.0,0.0,-0.6666666666666666
2,115017909,20 21 23 26 27 35 37 40 44 58 59 61 62 64 66 68 71 73 77 80,34 47 77,0.0,0.0,0.0,1.0,1.0,2.0,2.0,2.0,0.0,0.6666666666666666,0.0,0.0,0.0,1.0,1.0,1.0,1.0,2.0,0.0,-3.3333333333333335,0.0,0.0,0.0,1.0,1.0,1.0,1.0,1.0,0.0,-8.333333333333334,0.0,0.0,0.0,0.0,0.0,0.0,0.0,0.0,17.0,-18.0,0.0,0.0,0.0,0.0,0.0,0.0,0.0,1.0,1.0,-0.3333333333333333,0.0,0.0,0.0,1.0,1.0,1.0,1.0,2.0,0.0,1.6666666666666667
2,115017910,8 13 14 20 22 25 26 27 31 33 46 49 55 56 59 66 69 77 78 80,5 20 55,1.0,1.0,0.0,1.0,2.0,3.0,3.0,2.0,0.0,-1.0,0.0,0.0,0.0,1.0,1.0,1.0,1.0,1.0,0.0,0.0,1.0,1.0,0.0,1.0,2.0,2.0,2.0,2.0,0.0,-1.6666666666666667,0.0,0.0,0.0,1.0,1.0,1.0,1.0,3.0,0.0,0.0,0.0,0.0,0.0,0.0,0.0,0.0,0.0,2.0,1.0,-2.0,0.0,0.0,0.0,1.0,1.0,1.0,1.0,2.0,0.0,-0.3333333333333333
2,115017911,1 4 7 15 16 21 24 27 37 42 50 51 57 62 63 64 66 70 72 76,37 47 78,0.0,0.0,0.0,1.0,1.0,1.0,1.0,1.0,0.0,-0.3333333333333333,1.0,1.0,0.0,1.0,2.0,2.0,2.0,2.0,0.0,-1.0,0.0,0.0,0.0,1.0,1.0,1.0,1.0,3.0,0.0,0.0,0.0,0.0,0.0,1.0,1.0,1.0,1.0,2.0,0.0,1.0,0.0,0.0,0.0,0.0,0.0,0.0,0.0,2.0,1.0,1.3333333333333333,0.0,0.0,0.0,0.0,0.0,0.0,0.0,1.0,1.0,0.6666666666666666
2,115017912,3 8 16 17 18 19 21 23 26 30 35 36 41 43 44 51 55 61 71 75,4 13 53,0.0,0.0,0.0,0.0,0.0,0.0,0.0,1.0,1.0,0.0,0.0,0.0,0.0,1.0,1.0,1.0,1.0,3.0,0.0,-0.6666666666666666,0.0,0.0,0.0,1.0,1.0,1.0,1.0,2.0,0.0,1.0,0.0,0.0,0.0,1.0,1.0,1.0,1.0,2.0,0.0,-1.0,0.0,0.0,0.0,1.0,1.0,1.0,1.0,2.0,0.0,1.6666666666666667,0.0,0.0,0.0,0.0,0.0,0.0,0.0,1.0,1.0,-0.3333333333333333
2,115017913,13 19 22 27 33 34 35 39 44 49 51 52 53 55 59 64 68 73 76 79,25 55 78,1.0,0.0,0.0,1.0,1.0,2.0,2.0,2.0,0.0,-1.0,1.0,1.0,0.0,1.0,2.0,2.0,2.0,3.0,0.0,-0.3333333333333333,0.0,0.0,0.0,1.0,1.0,1.0,1.0,2.0,0.0,-3.0,0.0,0.0,0.0,0.0,0.0,0.0,0.0,0.0,9.0,-10.0,0.0,0.0,0.0,0.0,0.0,0.0,0.0,2.0,1.0,1.3333333333333333,0.0,0.0,0.0,1.0,1.0,1.0,1.0,3.0,0.0,0.0
2,115017914,1 5 19 20 23 25 30 32 33 35 36 37 44 48 50 52 53 60 70 71,27 30 77,0.0,0.0,0.0,1.0,1.0,2.0,2.0,1.0,0.0,2.6666666666666665,1.0,1.0,1.0,1.0,3.0,3.0,3.0,3.0,0.0,0.0,0.0,0.0,0.0,0.0,0.0,0.0,0.0,0.0,2.0,3.3333333333333335,0.0,0.0,0.0,0.0,0.0,0.0,0.0,0.0,5.0,-1.3333333333333333,0.0,0.0,0.0,0.0,0.0,0.0,0.0,2.0,1.0,1.6666666666666667,0.0,0.0,0.0,0.0,0.0,0.0,0.0,1.0,1.0,2.0
2,115017915,2 3 9 11 13 18 22 24 26 33 35 38 40 54 57 62 63 66 70 72,5 55 66,0.0,0.0,0.0,1.0,1.0,1.0,1.0,2.0,0.0,1.0,0.0,0.0,0.0,0.0,0.0,0.0,0.0,1.0,1.0,2.3333333333333335,0.0,0.0,0.0,1.0,1.0,1.0,1.0,2.0,0.0,2.0,0.0,0.0,0.0,1.0,1.0,1.0,1.0,3.0,0.0,0.0,0.0,0.0,0.0,1.0,1.0,1.0,1.0,3.0,0.0,0.0,0.0,0.0,0.0,0.0,0.0,0.0,0.0,2.0,1.0,1.0
2,115017916,2 6 23 26 28 33 36 37 40 46 50 52 56 57 63 67 70 71 73 77,11 44 61,1.0,0.0,0.0,1.0,0.0,2.0,2.0,0.0,2.0,0.3333333333333333,0.0,0.0,0.0,1.0,1.0,1.0,1.0,2.0,0.0,-2.6666666666666665,0.0,0.0,0.0,1.0,1.0,1.0,1.0,3.0,0.0,0.6666666666666666,0.0,0.0,0.0,1.0,1.0,1.0,1.0,3.0,0.0,0.0,0.0,0.0,0.0,0.0,0.0,0.0,0.0,0.0,3.0,3.3333333333333335,0.0,0.0,0.0,0.0,0.0,0.0,0.0,2.0,1.0,1.3333333333333333
2,115017917,2 6 8 20 22 23 26 36 41 44 49 51 60 65 68 71 74 75 76 80,27 37 66,0.0,0.0,0.0,1.0,0.0,1.0,1.0,3.0,1.0,1.0,0.0,0.0,0.0,0.0,0.0,0.0,0.0,1.0,1.0,-2.6666666666666665,0.0,0.0,0.0,0.0,0.0,0.0,0.0,3.0,1.0,1.0,0.0,0.0,0.0,1.0,1.0,1.0,1.0,3.0,0.0,0.0,1.0,1.0,1.0,1.0,3.0,3.0,3.0,3.0,0.0,0.0,0.0,0.0,0.0,0.0,0.0,0.0,0.0,1.0,1.0,1.0
2,115017918,1 2 7 8 19 20 21 25 28 34 35 43 52 56 66 71 74 76 78 80,22 33 53,1.0,0.0,0.0,1.0,0.0,2.0,2.0,3.0,1.0,0.3333333333333333,1.0,1.0,0.0,1.0,2.0,2.0,2.0,3.0,0.0,0.3333333333333333,0.0,0.0,0.0,0.0,0.0,0.0,0.0,3.0,1.0,0.3333333333333333,1.0,1.0,0.0,1.0,2.0,2.0,2.0,3.0,0.0,0.3333333333333333,1.0,1.0,0.0,1.0,2.0,2.0,2.0,2.0,0.0,-0.6666666666666666,0.0,0.0,0.0,1.0,1.0,1.0,1.0,1.0,0.0,1.3333333333333333
2,115017919,3 7 8 11 18 21 31 32 33 35 37 42 46 56 58 74 75 77 78 79,13 26 66,0.0,0.0,0.0,1.0,0.0,1.0,1.0,0.0,2.0,5.0,0.0,0.0,0.0,1.0,1.0,1.0,1.0,2.0,0.0,1.3333333333333333,0.0,0.0,0.0,1.0,1.0,1.0,1.0,2.0,0.0,-1.6666666666666667,0.0,0.0,0.0,1.0,1.0,1.0,1.0,2.0,0.0,-1.0,0.0,0.0,0.0,0.0,0.0,0.0,0.0,1.0,1.0,4.0,0.0,0.0,0.0,0.0,0.0,0.0,0.0,0.0,3.0,-2.6666666666666665
2,115017920,1 4 5 6 18 21 29 35 43 48 51 53 54 62 63 67 69 73 77 80,27 37 50,0.0,0.0,0.0,1.0,0.0,1.0,1.0,1.0,1.0,-0.3333333333333333,0.0,0.0,0.0,1.0,1.0,1.0,1.0,3.0,0.0,-0.6666666666666666,0.0,0.0,0.0,1.0,1.0,1.0,1.0,3.0,0.0,-0.6666666666666666,0.0,0.0,0.0,1.0,1.0,1.0,1.0,3.0,0.0,0.0,0.0,0.0,0.0,0.0,0.0,0.0,0.0,2.0,1.0,-0.3333333333333333,0.0,0.0,0.0,1.0,1.0,1.0,1.0,2.0,0.0,0.6666666666666666
2,115017921,1 6 13 20 22 26 30 31 32 33 37 40 48 50 53 55 60 67 71 78,26 33 73,1.0,1.0,0.0,1.0,2.0,4.0,4.0,2.0,0.0,0.6666666666666666,0.0,0.0,0.0,1.0,1.0,1.0,1.0,3.0,0.0,0.0,0.0,0.0,0.0,1.0,1.0,1.0,1.0,2.0,0.0,0.3333333333333333,0.0,0.0,0.0,1.0,1.0,1.0,1.0,2.0,0.0,1.0,0.0,0.0,0.0,1.0,1.0,1.0,1.0,3.0,0.0,0.0,0.0,0.0,0.0,0.0,0.0,0.0,0.0,2.0,1.0,1.6666666666666667
2,115017922,4 11 18 22 23 24 26 32 36 40 41 43 47 49 50 53 57 68 72 80,26 35 66,0.0,0.0,0.0,1.0,1.0,2.0,2.0,2.0,0.0,-1.0,0.0,0.0,0.0,1.0,1.0,1.0,1.0,2.0,0.0,-0.6666666666666666,0.0,0.0,0.0,0.0,0.0,0.0,0.0,1.0,1.0,-0.6666666666666666,0.0,0.0,0.0,0.0,0.0,0.0,0.0,1.0,1.0,-1.3333333333333333,0.0,0.0,0.0,0.0,0.0,0.0,0.0,1.0,1.0,0.0,0.0,0.0,0.0,1.0,1.0,1.0,1.0,3.0,0.0,0.0
2,115017923,6 7 9 15 19 22 23 32 36 38 46 61 62 64 65 66 67 71 74 79,36 56 71,1.0,1.0,0.0,1.0,2.0,3.0,3.0,2.0,0.0,-1.6666666666666667,0.0,0.0,0.0,0.0,0.0,0.0,0.0,0.0,2.0,2.6666666666666665,0.0,0.0,0.0,0.0,0.0,0.0,0.0,1.0,1.0,-1.3333333333333333,0.0,0.0,0.0,0.0,0.0,0.0,0.0,1.0,1.0,-2.0,0.0,0.0,0.0,0.0,0.0,0.0,0.0,2.0,1.0,-2.6666666666666665,0.0,0.0,0.0,0.0,0.0,0.0,0.0,2.0,1.0,-0.6666666666666666
2,115017924,2 4 6 7 18 20 22 28 34 42 46 49 55 61 62 66 71 72 77 79,21 71 80,0.0,0.0,0.0,1.0,1.0,2.0,2.0,3.0,0.0,0.6666666666666666,0.0,0.0,0.0,0.0,0.0,0.0,0.0,1.0,1.0,0.0,1.0,1.0,0.0,1.0,2.0,2.0,2.0,3.0,0.0,0.3333333333333333,1.0,1.0,0.0,1.0,2.0,2.0,2.0,3.0,0.0,0.3333333333333333,1.0,1.0,0.0,1.0,2.0,2.0,2.0,3.0,0.0,-0.3333333333333333,1.0,1.0,0.0,1.0,2.0,2.0,2.0,3.0,0.0,0.3333333333333333
2,115017925,1 7 12 14 25 26 28 32 33 34 39 49 51 52 58 61 62 65 69 73,6 37 77,0.0,0.0,0.0,1.0,0.0,2.0,2.0,1.0,1.0,0.3333333333333333,1.0,1.0,0.0,1.0,2.0,2.0,2.0,3.0,0.0,0.3333333333333333,0.0,0.0,0.0,0.0,0.0,0.0,0.0,0.0,2.0,0.3333333333333333,0.0,0.0,0.0,1.0,1.0,1.0,1.0,2.0,0.0,1.0,0.0,0.0,0.0,0.0,0.0,0.0,0.0,0.0,2.0,1.0,0.0,0.0,0.0,1.0,1.0,1.0,1.0,2.0,0.0,1.3333333333333333
2,115017926,3 11 13 21 34 35 36 41 42 45 47 49 51 52 66 69 72 74 76 79,22 33 53,0.0,0.0,0.0,0.0,0.0,0.0,0.0,3.0,1.0,0.3333333333333333,0.0,0.0,0.0,0.0,0.0,0.0,0.0,2.0,1.0,-1.3333333333333333,0.0,0.0,0.0,0.0,0.0,0.0,0.0,2.0,1.0,1.3333333333333333,0.0,0.0,0.0,0.0,0.0,0.0,0.0,1.0,1.0,0.0,1.0,1.0,0.0,1.0,2.0,2.0,2.0,2.0,0.0,-0.6666666666666666,0.0,0.0,0.0,1.0,1.0,1.0,1.0,1.0,0.0,1.3333333333333333
