period,original_pick,random_pick,uniform_pick,neighbor_pick,frequency_pick,original_hits,random_hits,uniform_hits,neighbor_hits,frequency_hits
115017613,"[1, 31, 62]","[35, 60, 74]","[29, 54, 56]","[23, 37, 80]","[33, 59, 80]",1,0,0,2,1
115017614,"[4, 34, 59]","[2, 53, 61]","[35, 41, 60]","[31, 46, 65]","[33, 37, 59]",1,1,1,2,2
115017615,"[1, 18, 71]","[55, 71, 78]","[7, 29, 38]","[45, 52, 63]","[11, 33, 59]",0,1,0,2,0
115017616,"[16, 46, 79]","[30, 40, 55]","[1, 12, 70]","[37, 44, 47]","[33, 37, 59]",1,0,0,1,2
115017617,"[3, 13, 42]","[4, 50, 74]","[16, 44, 54]","[47, 56, 68]","[33, 37, 59]",1,1,1,0,0
115017618,"[6, 16, 57]","[6, 39, 52]","[36, 55, 62]","[28, 47, 74]","[8, 33, 37]",1,0,1,1,1
115017619,"[4, 59, 79]","[4, 16, 37]","[8, 30, 56]","[19, 36, 49]","[8, 37, 59]",1,0,0,1,1
115017620,"[1, 11, 42]","[33, 64, 67]","[21, 37, 77]","[59, 66, 72]","[37, 53, 59]",1,2,1,0,2
115017621,"[1, 20, 51]","[40, 62, 68]","[9, 21, 33]","[36, 57, 68]","[33, 37, 53]",1,1,1,0,2
115017622,"[5, 28, 58]","[30, 39, 41]","[29, 56, 72]","[2, 32, 71]","[33, 37, 53]",1,0,2,1,1
115017623,"[6, 59, 79]","[1, 25, 50]","[32, 37, 61]","[13, 16, 38]","[37, 62, 80]",1,0,2,2,1
115017624,"[6, 31, 61]","[6, 19, 21]","[1, 32, 68]","[3, 10, 78]","[33, 37, 62]",2,1,1,0,2
115017625,"[3, 53, 62]","[5, 10, 46]","[22, 31, 56]","[16, 60, 78]","[17, 37, 62]",1,1,0,2,1
115017626,"[8, 28, 61]","[21, 54, 73]","[21, 22, 35]","[1, 61, 62]","[37, 62, 72]",0,1,1,1,0
115017627,"[3, 32, 62]","[30, 36, 39]","[16, 61, 69]","[14, 44, 65]","[37, 62, 72]",0,1,0,2,0
115017628,"[31, 61, 74]","[40, 42, 69]","[2, 6, 36]","[29, 35, 71]","[6, 37, 62]",0,1,2,0,1
115017629,"[1, 62, 72]","[45, 47, 69]","[21, 51, 79]","[17, 22, 47]","[37, 46, 62]",3,0,1,0,1
115017630,"[1, 11, 42]","[5, 11, 14]","[6, 28, 40]","[30, 35, 51]","[37, 62, 72]",0,1,1,2,0
115017631,"[3, 42, 72]","[29, 30, 36]","[8, 73, 75]","[29, 73, 77]","[6, 37, 72]",1,2,0,1,1
115017632,"[1, 21, 50]","[58, 75, 77]","[17, 28, 67]","[16, 18, 28]","[6, 37, 72]",1,0,1,2,2
115017633,"[1, 11, 62]","[27, 29, 46]","[10, 13, 38]","[3, 29, 51]","[6, 37, 72]",0,0,1,0,1
115017634,"[6, 37, 77]","[7, 36, 56]","[32, 35, 44]","[33, 34, 35]","[6, 37, 72]",2,1,0,1,2
115017635,"[1, 11, 58]","[9, 39, 67]","[2, 26, 59]","[38, 46, 78]","[1, 37, 72]",1,0,1,1,1
115017636,"[4, 33, 53]","[17, 38, 42]","[61, 64, 67]","[49, 60, 74]","[1, 37, 72]",2,0,0,1,1
115017637,"[17, 37, 50]","[6, 26, 42]","[53, 59, 74]","[15, 16, 33]","[1, 37, 72]",0,1,3,1,1
115017638,"[1, 21, 62]","[61, 62, 75]","[8, 20, 74]","[23, 43, 62]","[1, 37, 72]",1,2,1,2,0
115017639,"[6, 16, 57]","[30, 68, 76]","[3, 32, 79]","[3, 16, 26]","[1, 33, 37]",1,2,0,2,0
115017640,"[4, 21, 71]","[6, 51, 70]","[26, 48, 68]","[1, 63, 65]","[1, 37, 72]",2,1,0,0,1
115017641,"[1, 11, 42]","[25, 26, 63]","[21, 43, 79]","[22, 72, 73]","[17, 37, 64]",2,0,2,0,1
115017642,"[1, 11, 50]","[24, 25, 26]","[3, 35, 42]","[12, 14, 80]","[1, 17, 64]",1,1,0,0,0
115017643,"[1, 11, 50]","[22, 54, 59]","[11, 14, 23]","[52, 56, 79]","[17, 37, 64]",0,2,1,1,2
115017644,"[1, 12, 72]","[17, 19, 29]","[3, 63, 75]","[17, 29, 56]","[17, 35, 64]",0,1,0,1,2
115017645,"[1, 12, 62]","[3, 41, 51]","[5, 41, 51]","[28, 54, 58]","[37, 64, 70]",0,1,1,1,1
115017646,"[6, 16, 43]","[22, 32, 50]","[6, 11, 21]","[46, 51, 53]","[35, 64, 70]",2,1,1,1,0
115017647,"[1, 21, 64]","[26, 34, 45]","[32, 47, 68]","[47, 72, 74]","[35, 64, 70]",1,1,3,1,1
115017648,"[1, 70, 80]","[38, 41, 56]","[26, 31, 61]","[3, 20, 65]","[1, 64, 70]",0,1,1,1,1
115017649,"[6, 35, 46]","[14, 42, 51]","[16, 46, 73]","[10, 11, 37]","[35, 42, 64]",0,1,0,0,0
115017650,"[1, 12, 42]","[21, 55, 59]","[3, 24, 71]","[20, 35, 69]","[1, 64, 70]",0,1,1,1,1
115017651,"[1, 20, 80]","[30, 42, 53]","[43, 55, 78]","[13, 20, 57]","[35, 42, 64]",2,0,2,1,1
115017652,"[3, 42, 72]","[6, 61, 71]","[6, 10, 39]","[9, 22, 57]","[32, 35, 64]",0,2,1,1,2
115017653,"[1, 50, 80]","[11, 47, 54]","[20, 61, 69]","[11, 49, 64]","[1, 35, 64]",1,0,0,0,1
115017654,"[3, 32, 43]","[4, 48, 59]","[23, 29, 73]","[38, 39, 57]","[1, 38, 64]",1,2,1,0,1
115017655,"[6, 36, 59]","[4, 11, 14]","[35, 45, 55]","[25, 43, 64]","[1, 38, 64]",0,1,1,1,0
115017656,"[1, 12, 71]","[6, 15, 72]","[6, 7, 45]","[8, 18, 59]","[38, 58, 64]",2,0,0,0,1
115017657,"[1, 12, 42]","[64, 71, 75]","[39, 62, 73]","[26, 29, 66]","[38, 64, 70]",0,0,2,1,1
115017658,"[1, 21, 80]","[10, 22, 47]","[13, 55, 73]","[5, 16, 38]","[1, 38, 64]",0,0,1,0,0
115017659,"[1, 12, 42]","[6, 9, 13]","[53, 55, 68]","[9, 32, 61]","[38, 43, 64]",2,1,1,0,1
115017660,"[1, 30, 70]","[12, 34, 42]","[39, 58, 68]","[27, 28, 64]","[38, 43, 64]",1,0,1,0,1
115017661,"[9, 38, 79]","[5, 29, 79]","[23, 36, 39]","[25, 57, 78]","[38, 43, 64]",0,1,1,1,1
115017662,"[1, 30, 70]","[43, 46, 66]","[5, 49, 70]","[18, 60, 71]","[38, 43, 64]",2,0,0,0,0
115017663,"[1, 10, 51]","[22, 37, 57]","[15, 44, 50]","[3, 22, 58]","[1, 52, 64]",0,0,1,1,0
115017664,"[15, 40, 65]","[2, 22, 67]","[68, 77, 78]","[16, 29, 80]","[1, 52, 64]",0,0,1,0,2
115017665,"[1, 10, 71]","[26, 40, 66]","[49, 55, 64]","[32, 41, 42]","[1, 52, 64]",1,1,2,0,2
115017666,"[4, 14, 79]","[4, 48, 60]","[27, 38, 64]","[6, 7, 76]","[43, 52, 64]",1,0,1,0,1
115017667,"[1, 12, 71]","[1, 34, 48]","[8, 23, 77]","[3, 52, 71]","[1, 52, 64]",0,0,1,0,0
115017668,"[6, 36, 57]","[20, 22, 39]","[22, 34, 35]","[6, 40, 51]","[14, 43, 52]",2,1,0,0,0
115017669,"[1, 12, 52]","[3, 23, 34]","[16, 31, 55]","[10, 50, 70]","[14, 43, 52]",1,0,0,1,0
115017670,"[1, 12, 52]","[30, 65, 76]","[48, 54, 64]","[14, 34, 62]","[1, 52, 64]",0,0,0,2,0
115017671,"[6, 36, 57]","[17, 54, 56]","[13, 34, 66]","[9, 11, 29]","[1, 14, 52]",1,1,1,0,1
115017672,"[15, 30, 70]","[23, 66, 70]","[14, 29, 75]","[12, 28, 50]","[14, 52, 79]",1,0,0,0,1
115017673,"[1, 10, 60]","[40, 43, 54]","[19, 43, 49]","[54, 55, 74]","[14, 52, 79]",1,1,1,0,0
115017674,"[1, 10, 71]","[13, 44, 50]","[22, 57, 73]","[9, 52, 53]","[1, 52, 79]",1,2,1,2,1
115017675,"[1, 28, 71]","[27, 39, 56]","[52, 53, 68]","[6, 29, 34]","[1, 52, 79]",2,1,1,1,3
115017676,"[1, 21, 58]","[26, 52, 65]","[8, 14, 54]","[33, 47, 64]","[1, 52, 79]",1,0,0,1,0
115017677,"[1, 21, 70]","[8, 39, 42]","[11, 31, 44]","[13, 22, 75]","[43, 52, 79]",1,1,1,1,1
115017678,"[1, 44, 71]","[38, 51, 75]","[29, 32, 55]","[25, 33, 69]","[43, 52, 79]",0,1,0,0,0
115017679,"[1, 22, 71]","[16, 51, 65]","[4, 14, 74]","[47, 59, 80]","[1, 52, 79]",1,0,1,0,1
115017680,"[4, 13, 43]","[51, 60, 79]","[2, 24, 54]","[5, 33, 47]","[43, 52, 79]",0,1,0,1,0
115017681,"[1, 22, 71]","[1, 11, 26]","[3, 13, 69]","[20, 24, 44]","[1, 52, 79]",0,0,0,1,1
115017682,"[1, 36, 61]","[29, 47, 79]","[9, 15, 52]","[5, 8, 38]","[1, 43, 52]",0,0,2,1,2
115017683,"[5, 45, 60]","[53, 72, 73]","[1, 28, 64]","[20, 24, 47]","[6, 43, 52]",0,1,2,1,1
115017684,"[1, 21, 70]","[6, 14, 43]","[16, 44, 56]","[28, 44, 69]","[30, 43, 52]",0,0,0,0,1
115017685,"[9, 28, 58]","[22, 61, 76]","[7, 57, 65]","[5, 51, 77]","[43, 45, 52]",1,1,1,1,1
115017686,"[1, 38, 71]","[14, 50, 56]","[6, 36, 67]","[35, 49, 65]","[7, 45, 52]",1,0,1,1,1
115017687,"[1, 30, 41]","[15, 67, 68]","[43, 50, 79]","[32, 65, 80]","[7, 45, 52]",1,0,2,0,1
115017688,"[13, 23, 52]","[30, 62, 63]","[6, 75, 77]","[10, 16, 50]","[7, 43, 52]",1,1,2,1,0
115017689,"[5, 36, 45]","[44, 59, 78]","[13, 21, 71]","[29, 45, 47]","[6, 7, 52]",0,1,0,1,0
115017690,"[1, 41, 80]","[39, 43, 64]","[20, 45, 76]","[13, 63, 78]","[6, 7, 52]",1,2,0,1,0
115017691,"[1, 26, 41]","[3, 28, 43]","[32, 49, 78]","[46, 49, 70]","[6, 7, 52]",0,0,0,1,0
115017692,"[1, 36, 61]","[16, 31, 36]","[25, 27, 57]","[1, 54, 55]","[6, 7, 52]",1,1,1,1,1
115017693,"[4, 29, 64]","[4, 27, 72]","[14, 47, 79]","[5, 16, 42]","[6, 7, 52]",2,0,0,0,0
115017694,"[1, 14, 64]","[21, 22, 33]","[27, 35, 63]","[47, 49, 63]","[7, 10, 52]",0,1,0,0,1
115017695,"[6, 13, 43]","[10, 41, 62]","[34, 52, 77]","[42, 66, 67]","[6, 7, 10]",0,0,1,1,0
115017696,"[1, 41, 68]","[7, 38, 70]","[19, 24, 37]","[25, 48, 60]","[6, 10, 25]",1,0,0,0,0
115017697,"[6, 45, 65]","[21, 44, 68]","[27, 30, 37]","[34, 63, 75]","[6, 10, 30]",1,0,1,1,1
115017698,"[1, 10, 60]","[3, 34, 40]","[8, 44, 75]","[10, 28, 58]","[10, 30, 64]",0,0,1,0,0
115017699,"[1, 11, 44]","[11, 21, 79]","[2, 59, 76]","[5, 36, 56]","[10, 30, 64]",0,1,2,2,1
115017700,"[4, 43, 73]","[45, 62, 66]","[17, 22, 80]","[2, 17, 66]","[10, 52, 55]",1,1,0,0,2
115017701,"[1, 10, 41]","[2, 23, 48]","[40, 50, 58]","[38, 68, 71]","[45, 52, 55]",1,1,2,0,1
115017702,"[1, 22, 41]","[48, 50, 65]","[19, 53, 57]","[5, 13, 55]","[45, 52, 55]",0,1,0,2,1
115017703,"[1, 52, 61]","[12, 29, 61]","[5, 57, 75]","[30, 37, 53]","[10, 45, 52]",0,0,0,1,1
115017704,"[1, 21, 56]","[52, 53, 64]","[55, 56, 61]","[25, 60, 80]","[10, 45, 52]",0,0,1,1,0
115017705,"[5, 26, 45]","[8, 9, 30]","[3, 4, 5]","[9, 16, 46]","[10, 45, 52]",0,1,2,2,0
115017706,"[2, 19, 52]","[17, 67, 73]","[24, 33, 49]","[23, 34, 38]","[10, 25, 45]",0,1,2,1,1
115017707,"[10, 21, 41]","[11, 59, 69]","[10, 15, 55]","[31, 44, 49]","[10, 25, 45]",1,1,1,2,2
115017708,"[4, 35, 55]","[14, 27, 58]","[6, 39, 48]","[4, 18, 29]","[10, 45, 58]",0,1,1,0,1
115017709,"[3, 56, 66]","[12, 25, 64]","[10, 61, 79]","[8, 30, 69]","[10, 45, 52]",1,1,2,0,1
115017710,"[5, 35, 80]","[23, 59, 80]","[12, 49, 72]","[23, 32, 61]","[10, 25, 45]",0,0,0,0,1
115017711,"[1, 18, 58]","[2, 39, 58]","[7, 66, 75]","[2, 23, 77]","[10, 45, 47]",0,1,2,3,0
115017712,"[2, 25, 52]","[6, 53, 62]","[18, 30, 80]","[8, 52, 67]","[10, 41, 45]",0,0,1,0,2
115017713,"[5, 10, 50]","[55, 71, 76]","[17, 37, 51]","[41, 45, 64]","[10, 41, 47]",2,0,0,2,3
115017714,"[10, 30, 55]","[18, 25, 29]","[32, 36, 67]","[14, 39, 60]","[10, 41, 45]",2,0,0,0,1
115017715,"[1, 30, 41]","[2, 7, 50]","[9, 35, 67]","[12, 19, 80]","[3, 10, 47]",1,1,0,0,0
115017716,"[5, 10, 45]","[25, 35, 46]","[39, 51, 71]","[32, 46, 61]","[3, 10, 47]",1,0,0,1,2
115017717,"[3, 52, 73]","[18, 37, 72]","[2, 9, 41]","[20, 68, 79]","[3, 10, 41]",0,1,1,1,0
115017718,"[1, 11, 56]","[27, 28, 55]","[31, 52, 64]","[71, 73, 77]","[3, 10, 68]",0,1,0,1,0
115017719,"[1, 41, 54]","[33, 69, 72]","[18, 51, 79]","[21, 36, 67]","[10, 55, 73]",0,1,0,1,1
115017720,"[3, 30, 43]","[4, 28, 39]","[1, 16, 57]","[26, 37, 71]","[10, 45, 73]",0,1,1,1,0
115017721,"[5, 18, 58]","[15, 19, 46]","[6, 63, 66]","[1, 25, 31]","[45, 55, 73]",1,0,0,1,1
115017722,"[7, 30, 47]","[19, 22, 48]","[23, 39, 67]","[15, 23, 24]","[41, 45, 73]",0,3,0,0,1
115017723,"[3, 53, 64]","[29, 57, 61]","[1, 27, 44]","[22, 48, 54]","[41, 45, 73]",0,0,1,1,1
115017724,"[3, 10, 50]","[48, 56, 64]","[15, 17, 30]","[6, 40, 67]","[41, 45, 55]",0,1,2,1,1
115017725,"[2, 41, 52]","[21, 29, 30]","[30, 55, 70]","[3, 59, 68]","[45, 55, 56]",1,1,1,0,0
115017726,"[1, 11, 56]","[19, 21, 73]","[11, 28, 53]","[62, 66, 77]","[15, 45, 55]",0,0,0,0,1
115017727,"[7, 10, 50]","[2, 31, 72]","[44, 55, 64]","[21, 44, 73]","[8, 9, 45]",2,0,1,0,0
115017728,"[6, 26, 45]","[5, 11, 30]","[20, 26, 77]","[5, 69, 70]","[8, 25, 45]",1,1,0,0,2
115017729,"[6, 15, 45]","[10, 21, 55]","[14, 25, 71]","[22, 44, 50]","[25, 45, 56]",2,1,0,1,0
115017730,"[7, 24, 64]","[13, 39, 58]","[18, 57, 66]","[5, 11, 30]","[9, 45, 68]",1,0,1,1,0
115017731,"[6, 25, 76]","[18, 50, 56]","[2, 17, 42]","[11, 66, 73]","[9, 24, 45]",1,0,1,0,0
115017732,"[1, 11, 56]","[6, 31, 67]","[30, 35, 36]","[21, 25, 33]","[9, 24, 30]",2,0,1,0,2
