{"grid": [[96, -1, 107, 32, -1, -1, 118, 56, 69, -1, -1, -1], [74, -1, 114, 26, 109, 2, -1, 112, -1, -1, -1, 37], [108, 59, -1, -1, -1, 4, -1, -1, -1, 95, -1, 38], [-1, -1, -1, 55, 86, -1, 110, -1, 29, -1, 45, -1], [-1, 25, 71, 48, 116, 8, 79, -1, -1, 97, -1, 119], [12, 57, -1, 17, -1, 102, -1, -1, -1, -1, 87, 7], [-1, -1, -1, 60, -1, -1, -1, -1, -1, -1, 35, -1], [51, 6, 27, 111, -1, -1, 66, 77, 92, -1, 53, 94], [34, 105, 104, -1, -1, -1, 44, 10, -1, -1, -1, 3], [-1, -1, 82, -1, -1, 43, 62, -1, -1, 64, 15, 42]], "target_index": 48, "target_rc": [4, 0], "target_value": 88, "confidence": 0.8243622185329003, "module_label": "A5"}