{"grid": [[-1, 6, 54, -1, -1, -1, 94, -1, 35, -1, -1, -1], [-1, -1, 119, -1, 66, 25, -1, -1, 114, 77, -1, -1], [-1, -1, 88, 105, 98, -1, 59, 97, -1, -1, -1, -1], [30, 108, 81, -1, 1, 47, 44, -1, 84, -1, -1, 100], [-1, -1, 39, 28, 3, 8, 15, -1, -1, -1, 82, -1], [58, 85, 92, 32, -1, -1, -1, -1, -1, -1, -1, -1], [109, 46, -1, 63, -1, 31, -1, 111, 72, 112, -1, 64], [52, 7, -1, -1, 36, 95, 86, 87, 71, 91, -1, -1], [-1, 53, 24, -1, 14, 42, 73, -1, 27, -1, -1, 29], [40, -1, -1, -1, -1, -1, 116, 68, -1, 61, 103, -1]], "target_index": 70, "target_rc": [5, 10], "target_value": 74, "confidence": 0.8785641124490849, "module_label": "A5"}