{"grid": [[-1, -1, 74, 33, 50, -1, 105, -1, -1, -1, -1, -1], [-1, -1, 91, 86, 116, -1, 61, 73, 76, -1, 13, -1], [-1, -1, -1, -1, 24, -1, -1, 46, -1, 6, -1, 68], [-1, -1, 52, 28, 87, -1, -1, 118, 103, -1, -1, -1], [54, 69, 65, -1, 59, 79, -1, 38, 78, -1, -1, -1], [-1, 51, 23, 43, -1, -1, -1, -1, 62, -1, 58, 41], [36, 95, -1, -1, -1, 107, 15, -1, -1, -1, 60, -1], [-1, 67, 77, -1, 81, 110, -1, -1, -1, -1, 111, 26], [-1, 90, 18, -1, -1, -1, 9, 72, 113, 63, 115, -1], [-1, 94, 101, 45, 7, 11, -1, 83, -1, 12, 75, 99]], "target_index": 36, "target_rc": [3, 0], "target_value": 92, "confidence": 0.9416902590749888, "module_label": "M8"}