{"grid": [[-1, 109, -1, -1, -1, -1, -1, 26, -1, 13, -1, 35], [38, 12, 93, 20, 58, 110, -1, 73, -1, 79, -1, 116], [89, 9, 106, -1, -1, 98, 19, 30, -1, -1, -1, 16], [-1, -1, -1, -1, 75, -1, -1, 45, 2, 29, 77, 113], [-1, -1, 56, -1, -1, -1, 61, -1, 108, 84, -1, -1], [-1, -1, 10, 65, -1, -1, -1, 57, -1, -1, 31, 8], [1, 49, -1, -1, 118, -1, -1, -1, 70, -1, -1, 66], [-1, 51, -1, -1, 117, -1, 88, 55, 72, -1, 18, 37], [-1, -1, 67, 43, -1, -1, 28, 4, 53, 114, -1, -1], [-1, -1, -1, 83, 40, 86, 34, 33, 119, -1, 101, -1]], "target_index": 77, "target_rc": [6, 5], "target_value": 82, "confidence": 0.9379449783566262, "module_label": "A8"}