{"grid": [[-1, 83, -1, 44, -1, -1, -1, 86, -1, -1, -1, 118], [-1, -1, 104, -1, 30, 59, 6, -1, -1, -1, -1, 92], [-1, 26, -1, -1, -1, -1, 79, 35, 41, 38, 3, -1], [-1, 47, 31, -1, 53, -1, -1, 105, 32, -1, 91, 9], [45, -1, -1, 13, 120, 29, 75, 115, -1, 16, 90, -1], [10, 81, -1, -1, 12, 17, -1, 54, -1, -1, 48, -1], [-1, -1, -1, 60, -1, 2, -1, 34, -1, -1, -1, 62], [-1, -1, 100, 113, 22, 116, -1, 74, 39, 1, -1, -1], [99, 76, -1, -1, 42, 27, 63, 18, 19, 7, -1, -1], [98, -1, -1, -1, 21, -1, -1, 36, 11, -1, 94, -1]], "target_index": 114, "target_rc": [9, 6], "target_value": 106, "confidence": 0.8436415577872839, "module_label": "M2"}