{"grid": [[102, 119, -1, 117, 14, 32, -1, 45, -1, -1, -1, 113], [-1, -1, 9, -1, -1, 47, 40, 62, -1, -1, 8, -1], [-1, 70, 68, -1, -1, -1, 87, -1, 106, -1, -1, 63], [56, -1, 38, -1, 42, 7, 69, 107, -1, 103, 81, -1], [-1, -1, 13, -1, 50, -1, -1, -1, 18, -1, -1, 110], [-1, -1, 43, 2, -1, 78, -1, -1, 48, -1, 73, -1], [-1, 24, 15, -1, -1, -1, -1, -1, 108, -1, 29, 97], [6, 51, 31, 72, 64, -1, 53, 35, -1, 83, -1, 19], [91, -1, -1, 111, -1, -1, 21, 88, -1, -1, -1, 118], [-1, 11, -1, -1, 3, 33, 34, 86, 1, -1, -1, 100]], "target_index": 81, "target_rc": [6, 9], "target_value": 94, "confidence": 0.8235216594375158, "module_label": "A5"}