{"grid": [[-1, -1, -1, 89, 76, -1, 77, 65, 7, 56, -1, 45], [-1, 8, -1, -1, 48, -1, -1, 39, 5, -1, -1, 13], [-1, -1, 36, 88, -1, -1, 68, 24, 23, 54, 119, -1], [-1, -1, -1, -1, -1, 71, -1, -1, 60, 93, 14, -1], [-1, -1, -1, 73, -1, -1, -1, -1, 117, -1, 35, 27], [-1, -1, 16, 62, -1, 107, -1, -1, 106, -1, 108, -1], [111, -1, 114, -1, -1, -1, 9, 41, 28, 92, 51, 91], [19, -1, 63, -1, -1, -1, 21, -1, 42, 112, -1, 47], [49, 96, 44, 32, -1, -1, 84, -1, 66, 10, -1, 79], [-1, 46, 105, 81, -1, -1, -1, -1, -1, 97, 90, 40]], "target_index": 18, "target_rc": [1, 6], "target_value": 100, "confidence": 0.9167717482441412, "module_label": "A5"}