{"grid": [[-1, 52, -1, -1, -1, 22, 18, 26, -1, -1, 35, 50], [-1, 71, 3, 81, -1, 39, -1, -1, 48, -1, 58, 47], [117, -1, -1, -1, 12, 34, 93, 92, -1, -1, -1, 21], [107, 87, 61, -1, -1, 70, -1, 90, -1, -1, 16, 24], [-1, 103, -1, 74, 114, -1, -1, 86, -1, 25, -1, 17], [2, 66, -1, 77, 118, 94, -1, 44, 82, 23, -1, -1], [-1, 100, -1, 72, -1, 62, -1, 95, 56, -1, -1, 37], [-1, 30, 38, -1, 112, -1, -1, -1, 76, -1, 65, -1], [-1, 14, -1, 4, 10, 43, -1, -1, -1, -1, -1, 33], [63, -1, -1, 54, -1, -1, -1, 60, -1, -1, 83, -1]], "target_index": 0, "target_rc": [0, 0], "target_value": 84, "confidence": 0.8021265549111947, "module_label": "A5"}