{"grid": [[91, 10, -1, 114, -1, 40, -1, -1, 100, 33, -1, -1], [115, -1, -1, 117, -1, -1, 1, 12, -1, -1, -1, 63], [-1, -1, 15, 105, 59, -1, 34, 85, 31, 107, -1, -1], [30, 66, 113, -1, -1, -1, 112, 67, 32, 21, 119, -1], [-1, -1, 2, -1, 35, 109, -1, 28, -1, 47, -1, 118], [-1, -1, -1, -1, -1, -1, -1, 5, 56, 60, 36, -1], [-1, 14, -1, -1, -1, -1, 9, 61, 96, 54, -1, 87], [-1, -1, 88, -1, -1, -1, 104, 101, -1, 86, -1, -1], [-1, -1, 77, 71, -1, -1, -1, 81, 46, 111, 70, 103], [20, 57, 41, -1, 48, -1, -1, -1, 29, 83, -1, 102]], "target_index": 14, "target_rc": [1, 2], "target_value": 26, "confidence": 0.9986473931867685, "module_label": "A5"}