{"grid": [[-1, 46, 27, -1, -1, -1, 87, -1, 56, -1, 110, 92], [-1, -1, -1, 111, 89, -1, 61, 11, 2, 112, 41, -1], [73, -1, -1, -1, 85, 119, -1, 60, 13, 32, 6, -1], [-1, 117, -1, -1, -1, 76, -1, -1, 3, -1, 57, -1], [91, -1, 94, 15, 55, -1, 65, -1, -1, -1, 5, 115], [82, -1, -1, -1, -1, -1, -1, 9, -1, 84, 120, 93], [-1, 20, 116, 70, 49, 103, -1, -1, 69, -1, 12, -1], [7, -1, 43, -1, -1, -1, -1, 1, -1, -1, 40, 10], [-1, 29, -1, 38, -1, -1, -1, 114, -1, -1, -1, 118], [17, -1, 28, 51, -1, 100, 106, -1, -1, 109, 53, 35]], "target_index": 7, "target_rc": [0, 7], "target_value": 21, "confidence": 0.93388506822671, "module_label": "M8"}