{"grid": [[2, -1, -1, -1, -1, 86, -1, -1, -1, -1, 38, -1], [21, -1, -1, 89, -1, -1, 108, -1, -1, -1, -1, 35], [6, 68, 64, 113, 82, 19, -1, 75, 57, 5, -1, 51], [117, 24, 118, -1, 28, -1, 12, -1, -1, 56, -1, -1], [-1, -1, 55, 79, -1, 90, -1, 65, -1, 105, 88, 115], [-1, 17, -1, 3, -1, 66, -1, 112, -1, 67, -1, 78], [61, -1, 98, 84, -1, -1, -1, -1, 58, 60, 39, -1], [-1, -1, -1, -1, -1, -1, 116, -1, -1, 54, -1, 72], [-1, 92, 34, -1, -1, 31, 20, -1, 99, -1, -1, 45], [106, 81, 37, 32, -1, -1, 42, 101, 119, 49, 52, -1]], "target_index": 22, "target_rc": [1, 10], "target_value": 16, "confidence": 0.8473503408927425, "module_label": "A5"}