{"grid": [[59, -1, -1, 95, -1, -1, 112, -1, -1, 102, 46, -1], [-1, 39, 23, -1, 50, 60, -1, 7, 120, -1, -1, 48], [85, 58, 110, 40, 92, -1, 62, 72, 101, 96, -1, -1], [-1, -1, 74, -1, -1, 45, 34, -1, -1, 88, 10, -1], [66, -1, -1, 16, -1, -1, -1, 81, -1, -1, -1, 2], [17, 54, 99, -1, 56, 9, -1, -1, 79, -1, -1, -1], [80, 65, 64, 4, 93, -1, 35, -1, 36, -1, 42, 82], [-1, 26, 43, 116, -1, 84, -1, -1, 1, -1, -1, -1], [-1, -1, 114, -1, -1, -1, -1, -1, 41, 104, -1, -1], [87, 55, -1, -1, 61, 11, 108, -1, 97, -1, -1, 3]], "target_index": 79, "target_rc": [6, 7], "target_value": 31, "confidence": 0.9890264846486323, "module_label": "M8"}