{"grid": [[-1, 16, -1, 112, 37, -1, -1, 32, 12, 11, -1, 6], [35, -1, 68, -1, -1, -1, -1, -1, 100, 80, -1, -1], [87, -1, 82, -1, 104, -1, 13, -1, 73, -1, 95, 103], [102, -1, -1, -1, 54, 20, 101, -1, -1, 64, -1, 90], [-1, 60, -1, -1, -1, 120, -1, -1, -1, 49, 93, -1], [-1, 98, -1, 2, -1, 92, -1, -1, -1, -1, -1, -1], [-1, 31, 39, -1, 77, -1, 23, -1, 53, 119, 85, 18], [-1, 118, -1, 28, -1, -1, -1, 17, -1, 24, 30, 71], [84, -1, 70, 109, 58, -1, -1, 61, 76, -1, 116, 97], [41, -1, -1, 5, -1, 91, 110, 1, -1, -1, 38, 26]], "target_index": 116, "target_rc": [9, 8], "target_value": 72, "confidence": 0.84365198013237, "module_label": "M8"}