{"grid": [[25, -1, 116, 11, -1, 16, 120, -1, -1, -1, -1, -1], [-1, -1, 46, -1, 110, 30, 104, 35, -1, 100, -1, -1], [-1, -1, -1, 72, 56, 107, 33, -1, 74, 42, 39, -1], [-1, 57, 64, 71, 92, 24, 23, 60, -1, 54, -1, 91], [106, 8, 99, -1, -1, -1, -1, 1, -1, -1, 113, 48], [82, -1, 115, -1, -1, -1, -1, -1, 79, -1, -1, 55], [112, 18, -1, -1, -1, 108, -1, 59, 109, 4, -1, -1], [26, -1, 102, -1, -1, 29, 2, 52, -1, 81, -1, 58], [114, 12, -1, 21, -1, -1, 119, 28, 75, -1, -1, 6], [-1, 73, -1, -1, 80, 66, -1, -1, -1, -1, -1, -1]], "target_index": 67, "target_rc": [5, 7], "target_value": 90, "confidence": 0.839457397728307, "module_label": "A8"}