{"grid": [[-1, -1, 4, -1, 90, 69, -1, 1, -1, 41, 110, -1], [-1, -1, -1, -1, 88, 12, 105, 76, -1, 70, 31, 60], [32, -1, -1, 52, -1, 62, 58, -1, -1, -1, -1, -1], [30, -1, -1, 100, 22, -1, 35, -1, -1, -1, 44, 86], [115, -1, 98, -1, -1, -1, -1, -1, 17, 96, -1, -1], [-1, -1, 106, -1, -1, 114, 43, 102, -1, 93, 72, -1], [19, 113, 92, 56, -1, 119, 57, -1, 103, 59, 79, 108], [14, -1, -1, 77, -1, 95, -1, 47, -1, -1, 9, -1], [78, 118, -1, 97, 111, 11, 51, -1, 6, 80, -1, -1], [-1, 81, 71, -1, -1, -1, -1, -1, -1, -1, 117, 64]], "target_index": 11, "target_rc": [0, 11], "target_value": 112, "confidence": 0.9049309258724135, "module_label": "A5"}