{"grid": [[-1, 38, -1, 41, -1, 111, -1, 96, -1, -1, 27, 61], [105, 76, 112, -1, -1, 90, -1, -1, -1, 44, 116, 110], [-1, 67, 11, 68, -1, -1, -1, -1, -1, -1, -1, -1], [-1, -1, 13, -1, -1, 108, 70, 17, 42, 12, 2, -1], [-1, -1, -1, -1, -1, 16, 25, -1, -1, 65, 113, 46], [54, 77, 32, -1, 50, -1, 91, -1, 100, 66, 56, 103], [-1, -1, -1, -1, 73, -1, 40, -1, -1, 71, -1, -1], [-1, 9, -1, 37, 14, 51, -1, -1, -1, 49, -1, -1], [93, -1, -1, -1, 23, -1, 55, 115, 69, 6, 5, 26], [-1, 59, 88, 18, -1, 28, -1, 98, 53, -1, -1, 45]], "target_index": 37, "target_rc": [3, 1], "target_value": 102, "confidence": 0.8691947917401808, "module_label": "A5"}