{"grid": [[-1, -1, 116, 57, 46, 104, 31, -1, -1, -1, -1, -1], [39, 114, -1, -1, -1, -1, 65, 66, -1, -1, 1, 105], [73, -1, 52, -1, 115, -1, -1, -1, 27, 96, -1, 91], [-1, 99, -1, -1, 113, -1, 6, 26, 62, 119, -1, 11], [-1, 22, 80, 48, -1, -1, 102, 43, 75, 76, -1, 3], [-1, -1, -1, -1, -1, 2, 35, 68, -1, 71, -1, 37], [84, -1, -1, -1, 18, -1, -1, -1, 58, 53, -1, -1], [54, 61, -1, 90, -1, 98, -1, 42, -1, 79, -1, 55], [-1, -1, 103, -1, -1, 101, -1, -1, 12, 15, 25, 88], [-1, -1, 77, 70, 38, 107, -1, 108, -1, 24, -1, -1]], "target_index": 29, "target_rc": [2, 5], "target_value": 33, "confidence": 0.8800363861337803, "module_label": "A8"}