{"grid": [[76, -1, 112, 22, 120, 27, -1, 111, -1, 100, 45, 88], [-1, -1, -1, -1, -1, 93, 51, -1, 78, -1, 20, 2], [73, 59, 56, -1, -1, 16, -1, 54, -1, -1, 6, -1], [-1, 75, -1, 84, -1, -1, -1, -1, -1, 11, 66, -1], [-1, 89, 67, -1, -1, 13, -1, -1, -1, 64, 14, 32], [-1, 30, 40, -1, 83, -1, -1, 102, 35, -1, 95, 28], [33, -1, 90, -1, 118, -1, 31, -1, 68, -1, -1, 37], [-1, 15, -1, -1, 62, 1, -1, 72, 23, -1, 8, 43], [-1, 115, -1, 104, 99, -1, -1, 50, 10, 17, 113, -1], [3, -1, -1, -1, -1, 103, -1, -1, 42, -1, -1, -1]], "target_index": 114, "target_rc": [9, 6], "target_value": 80, "confidence": 0.8099638268061679, "module_label": "M2"}