{"grid": [[-1, 6, -1, 29, -1, 87, 21, 72, 16, -1, -1, 107], [53, -1, 118, 71, -1, 97, -1, -1, 14, -1, 52, 28], [-1, 30, 55, -1, 92, -1, 9, 80, 106, -1, -1, 89], [-1, -1, -1, 67, -1, -1, 91, -1, -1, -1, 39, 61], [46, -1, -1, -1, 37, -1, -1, -1, 120, -1, 108, -1], [-1, -1, -1, 101, 41, -1, 81, 7, 60, 73, -1, -1], [-1, -1, 94, 35, 5, -1, 66, 44, -1, 50, -1, 23], [-1, -1, 85, -1, 109, -1, 115, 10, 8, -1, -1, -1], [88, -1, -1, 96, -1, -1, 40, -1, 20, -1, 42, 4], [112, 75, 25, -1, 33, -1, 116, -1, 12, -1, -1, 22]], "target_index": 62, "target_rc": [5, 2], "target_value": 3, "confidence": 0.8625480944959484, "module_label": "A5"}