{"grid": [[-1, -1, -1, -1, -1, 18, 107, -1, 116, -1, -1, -1], [75, -1, 60, -1, -1, 62, 23, 112, 119, -1, -1, 92], [38, 48, 86, 27, 29, 90, -1, -1, -1, 87, 103, 94], [97, 32, -1, 37, -1, -1, 16, 35, -1, 30, 13, -1], [46, -1, 84, 117, 82, -1, 8, 111, 91, -1, -1, -1], [114, 79, -1, 120, 109, -1, -1, 17, -1, -1, -1, 41], [7, -1, -1, -1, -1, 71, 40, 66, -1, -1, -1, 85], [-1, 55, -1, 74, -1, 1, 25, 61, 2, 54, -1, 106], [-1, -1, -1, -1, -1, -1, -1, 4, -1, 80, -1, -1], [-1, 36, -1, -1, 88, -1, -1, 42, 10, 76, 69, -1]], "target_index": 75, "target_rc": [6, 3], "target_value": 101, "confidence": 0.9203281541886743, "module_label": "M2"}