{"grid": [[94, -1, -1, 97, 91, 35, 84, -1, -1, 106, -1, -1], [-1, 60, -1, 42, 12, -1, 30, -1, -1, 89, -1, 6], [85, -1, 64, -1, -1, -1, 70, -1, -1, -1, -1, 39], [76, -1, -1, 69, -1, 112, 49, -1, 28, -1, 2, 4], [31, 119, 29, -1, 53, -1, 36, 99, 22, -1, -1, -1], [-1, -1, -1, 47, 110, -1, -1, -1, 65, -1, 55, 62], [-1, 120, 50, 33, 75, 41, 118, 8, -1, 51, 114, -1], [-1, 58, 78, -1, -1, -1, 83, 115, -1, 10, 1, -1], [-1, 117, 81, -1, 103, -1, -1, -1, -1, 21, -1, -1], [90, 44, 95, -1, -1, 56, 57, 102, -1, -1, -1, -1]], "target_index": 59, "target_rc": [4, 11], "target_value": 77, "confidence": 0.8399387993426113, "module_label": "M8"}