{"grid": [[-1, 107, -1, -1, -1, 94, 12, -1, -1, 119, 55, 26], [-1, 46, 19, 30, 60, 23, -1, 68, -1, 1, 90, 96], [47, -1, -1, -1, 21, -1, 67, -1, 63, -1, 99, -1], [-1, -1, 95, -1, -1, -1, -1, -1, -1, -1, 45, 113], [69, 87, 110, 4, -1, -1, -1, -1, -1, 118, 105, -1], [-1, -1, 16, 6, -1, 51, 20, 109, 42, 64, -1, -1], [-1, -1, 91, 32, -1, 33, 114, 18, -1, -1, 40, -1], [-1, -1, -1, 80, 106, -1, 78, 79, 93, 61, -1, -1], [-1, 35, -1, -1, 74, 17, -1, 112, 13, 2, 81, -1], [86, -1, 39, -1, 120, -1, 56, -1, 8, -1, -1, -1]], "target_index": 42, "target_rc": [3, 6], "target_value": 59, "confidence": 0.8513759052981578, "module_label": "A8"}