{"grid": [[28, -1, -1, 119, 19, 7, 88, -1, -1, -1, 116, -1], [106, 107, -1, 58, -1, 5, -1, -1, -1, 34, -1, -1], [-1, 59, 46, -1, 111, 112, -1, 16, -1, -1, -1, 95], [-1, 79, -1, -1, -1, 39, -1, -1, -1, -1, 97, -1], [-1, -1, 96, -1, -1, -1, 45, 48, 91, -1, 68, -1], [75, 115, 40, -1, 13, -1, 62, 105, -1, 87, -1, 66], [-1, -1, -1, -1, 76, 36, -1, 73, -1, 65, 63, -1], [47, 20, -1, 43, 98, -1, -1, -1, -1, 56, 84, 29], [81, -1, 1, 99, 103, 60, 67, 25, 37, 85, -1, 55], [-1, -1, 110, -1, -1, 64, 82, 71, 109, -1, -1, -1]], "target_index": 33, "target_rc": [2, 9], "target_value": 86, "confidence": 0.8387247074839016, "module_label": "A5"}