{"grid": [[116, 92, 113, -1, -1, 40, 105, -1, 96, -1, 68, 9], [83, -1, -1, 98, -1, -1, -1, 57, 16, 74, -1, -1], [-1, -1, -1, 29, 82, -1, -1, 88, -1, 20, -1, -1], [-1, 48, 42, -1, -1, -1, -1, 19, 107, -1, -1, 23], [59, 43, 45, -1, 101, -1, 7, 39, -1, 21, -1, 36], [-1, 110, 103, -1, 87, 79, -1, 30, -1, -1, -1, -1], [-1, 27, 102, -1, -1, 50, 61, 15, -1, -1, -1, -1], [95, -1, -1, 35, 26, 76, -1, -1, 93, -1, -1, -1], [-1, 100, -1, -1, -1, 24, 111, -1, 94, 72, 14, 38], [17, -1, 34, -1, 4, 55, 25, 70, -1, -1, 33, 41]], "target_index": 116, "target_rc": [9, 8], "target_value": 69, "confidence": 0.897446563996367, "module_label": "M2"}