{"grid": [[80, 58, -1, 100, 78, 23, -1, 65, 28, -1, -1, -1], [-1, 21, 42, 108, 56, -1, -1, -1, 47, 18, -1, 77], [-1, -1, 55, 39, -1, -1, 66, 72, -1, -1, 99, 113], [87, -1, -1, -1, -1, -1, 36, 9, -1, 14, -1, 6], [-1, -1, 92, -1, 3, 120, 34, -1, 20, 101, 10, -1], [-1, 111, -1, 74, 98, -1, 109, -1, -1, -1, 116, -1], [64, -1, 11, 37, 49, -1, 84, 15, 27, 30, 95, 114], [-1, 88, -1, 8, -1, -1, -1, -1, -1, -1, -1, -1], [31, -1, 110, 19, -1, 29, 91, 102, -1, -1, 59, -1], [-1, -1, -1, -1, -1, 41, -1, 119, -1, 43, -1, 40]], "target_index": 22, "target_rc": [1, 10], "target_value": 82, "confidence": 0.8720540111895095, "module_label": "A8"}