{"grid": [[95, -1, 92, -1, 68, 10, -1, -1, 103, 40, -1, -1], [23, -1, 6, -1, -1, 51, 19, 46, -1, -1, -1, 17], [-1, 84, 97, -1, 18, -1, 37, 4, 56, 119, -1, -1], [110, 44, -1, 39, 22, 82, -1, 105, 112, -1, -1, 30], [-1, -1, -1, -1, -1, -1, 87, -1, -1, -1, -1, 38], [-1, -1, -1, -1, -1, 96, 66, -1, 108, 75, -1, 76], [49, 15, -1, 27, 90, 32, 93, -1, 54, -1, -1, 28], [102, 69, 98, 8, 16, 9, -1, -1, 45, 2, -1, -1], [-1, 60, 109, -1, 91, -1, 55, 42, -1, -1, -1, -1], [-1, 65, -1, 58, -1, -1, 31, -1, 11, 85, -1, -1]], "target_index": 67, "target_rc": [5, 7], "target_value": 83, "confidence": 0.9282453570723862, "module_label": "M2"}