{"grid": [[-1, -1, 109, -1, -1, -1, 12, -1, -1, -1, -1, 119], [-1, 18, 59, -1, -1, 93, -1, 42, 81, 21, -1, 89], [20, -1, 62, 34, 30, 116, -1, -1, 52, -1, 28, -1], [-1, -1, -1, 54, 43, -1, 57, -1, 33, -1, -1, -1], [105, 29, 35, -1, 101, 7, 82, -1, -1, 11, -1, -1], [64, -1, -1, -1, 45, 66, 74, -1, 3, 92, 14, -1], [79, 76, -1, 36, -1, 70, -1, -1, 38, -1, -1, -1], [-1, -1, -1, -1, 72, 2, 113, 47, -1, 120, -1, 24], [22, -1, 60, 58, -1, 95, -1, 118, 15, 84, 117, 106], [-1, -1, -1, -1, 103, -1, 94, 87, -1, -1, 10, 83]], "target_index": 3, "target_rc": [0, 3], "target_value": 19, "confidence": 0.9759162897905096, "module_label": "A5"}