{"grid": [[-1, -1, 91, -1, -1, -1, 6, -1, 49, 59, 50, 20], [-1, 79, -1, 23, 41, 78, 102, -1, -1, -1, -1, -1], [-1, -1, 116, -1, -1, 14, -1, 69, -1, 57, 117, -1], [89, -1, 45, 21, -1, -1, -1, 39, 65, 77, -1, 80], [99, 96, 53, 18, 109, 106, -1, -1, 27, -1, -1, 113], [-1, -1, -1, 72, -1, -1, 112, -1, 86, 5, 105, 10], [-1, -1, 48, 100, -1, -1, -1, -1, 84, 46, 104, -1], [120, 114, 47, 119, 97, 94, -1, 56, -1, 87, -1, -1], [-1, 70, -1, -1, 11, -1, 51, 74, 88, 81, 28, -1], [90, 101, -1, -1, -1, -1, -1, -1, -1, -1, 8, -1]], "target_index": 37, "target_rc": [3, 1], "target_value": 24, "confidence": 0.9195263575750379, "module_label": "A8"}