{"grid": [[6, 11, 30, 62, -1, -1, -1, -1, -1, 81, 106, 110], [21, 78, 23, -1, 46, 86, -1, -1, 94, 75, -1, 102], [-1, 68, 92, -1, -1, 36, -1, 22, -1, 103, -1, -1], [-1, 15, 55, 7, 29, -1, -1, 45, 69, 107, 48, -1], [-1, 113, -1, -1, 105, 96, -1, 70, -1, -1, -1, -1], [-1, -1, -1, -1, 9, 61, 14, -1, 28, -1, 89, -1], [-1, -1, -1, -1, 79, 59, -1, -1, 20, -1, 85, -1], [-1, -1, 32, -1, 88, 53, 80, -1, 12, -1, -1, 98], [-1, -1, 120, 60, -1, -1, -1, -1, -1, 54, 119, 112], [40, 91, 5, 76, 33, -1, -1, 10, -1, 31, 16, -1]], "target_index": 101, "target_rc": [8, 5], "target_value": 111, "confidence": 0.9739686171136148, "module_label": "M8"}