{"grid": [[-1, -1, -1, 64, -1, 76, 37, 95, 33, 65, -1, -1], [-1, 106, 60, 29, 21, 66, 27, -1, -1, 58, -1, 38], [-1, -1, 48, 99, -1, 92, -1, 15, 50, 36, -1, -1], [-1, -1, -1, -1, -1, 46, 49, 93, 79, 70, 86, -1], [40, 44, 113, -1, -1, 34, 18, -1, -1, 88, -1, -1], [-1, -1, -1, -1, 120, -1, -1, 6, -1, -1, 78, 117], [7, -1, 91, -1, -1, -1, -1, 87, -1, 97, 74, -1], [39, -1, -1, -1, 96, 17, 80, -1, -1, 19, -1, -1], [105, -1, 13, 118, -1, -1, 107, 42, -1, 77, 5, -1], [-1, 84, -1, 24, 47, 112, 2, -1, -1, 110, 71, -1]], "target_index": 24, "target_rc": [2, 0], "target_value": 10, "confidence": 0.9618399063845458, "module_label": "M2"}