{"grid": [[-1, -1, -1, -1, 30, -1, -1, -1, -1, 8, 120, -1], [-1, 108, -1, 107, 87, 88, 78, -1, -1, 84, -1, -1], [-1, 119, -1, 71, 9, -1, -1, 70, 24, 92, 10, -1], [80, 74, -1, -1, -1, 26, -1, -1, -1, 83, 16, 76], [-1, -1, 75, 38, 12, 52, -1, 102, 4, -1, 29, -1], [-1, 110, -1, -1, 34, 40, -1, -1, 105, -1, 98, -1], [93, -1, 33, 41, -1, -1, 117, -1, 94, 58, 45, 73], [-1, -1, 97, 13, 101, 95, -1, 61, 22, 99, -1, -1], [104, -1, 3, -1, -1, 48, -1, 37, -1, -1, -1, -1], [66, -1, 27, 56, -1, 109, -1, -1, 69, -1, 100, 91]], "target_index": 104, "target_rc": [8, 8], "target_value": 42, "confidence": 0.9929376159492186, "module_label": "M8"}