{"grid": [[-1, -1, 108, 19, -1, 21, 30, 112, 88, 71, -1, 34], [-1, 102, -1, -1, 98, -1, 92, 48, 101, -1, 72, -1], [56, 62, -1, -1, -1, 87, -1, 118, 43, -1, -1, 54], [-1, 22, 82, -1, -1, -1, -1, -1, -1, 1, 29, -1], [-1, -1, 28, -1, -1, 4, 105, 77, 81, -1, -1, -1], [116, -1, 31, -1, -1, 7, -1, 64, 46, -1, -1, -1], [-1, 106, 26, 95, -1, -1, -1, 69, 97, 70, -1, 100], [-1, -1, -1, -1, -1, 35, -1, 37, -1, -1, 114, 83], [52, -1, 68, 51, 6, -1, -1, 10, -1, -1, 107, 113], [41, 76, -1, -1, 57, 89, 14, -1, 111, 75, 79, -1]], "target_index": 4, "target_rc": [0, 4], "target_value": 84, "confidence": 0.8856804652614474, "module_label": "M8"}