{"grid": [[63, 34, -1, -1, 52, 94, 35, -1, -1, 109, -1, -1], [11, 21, 93, 39, 50, 36, -1, 54, 76, -1, 6, 56], [-1, -1, -1, -1, -1, 66, -1, -1, -1, -1, -1, 5], [-1, 32, -1, -1, 37, -1, -1, 80, -1, -1, 69, -1], [-1, -1, 14, -1, -1, 96, 18, 33, 38, -1, 10, 23], [-1, 51, -1, -1, 57, 90, -1, 116, 101, -1, 47, -1], [-1, -1, -1, 12, 26, 91, 45, -1, 42, 25, 61, 40], [-1, -1, 78, 28, 27, -1, -1, 1, -1, 67, -1, 107], [-1, 115, 53, -1, -1, -1, -1, -1, 105, 2, 88, 89], [-1, -1, 82, 43, 77, -1, -1, 113, 3, -1, -1, -1]], "target_index": 89, "target_rc": [7, 5], "target_value": 112, "confidence": 0.9049538060611668, "module_label": "M2"}