{"grid": [[-1, -1, 13, -1, -1, -1, -1, -1, -1, -1, -1, -1], [-1, 16, -1, -1, -1, -1, -1, 50, -1, -1, 81, 88], [-1, 43, -1, -1, -1, -1, 67, 115, 17, -1, -1, 66], [31, -1, 27, -1, 112, -1, 11, -1, 34, 65, 76, 59], [9, -1, -1, 111, -1, 68, -1, -1, 102, -1, 60, 23], [52, 4, 19, 37, 41, -1, 69, 100, -1, 58, 1, 99], [94, -1, 30, 33, 83, 14, -1, -1, 20, 91, -1, -1], [25, 46, -1, 61, 106, -1, -1, -1, -1, -1, -1, 86], [84, 49, 72, 24, 103, -1, -1, 54, -1, -1, 39, -1], [56, -1, 74, 22, 5, -1, 73, -1, -1, 53, 40, -1]], "target_index": 18, "target_rc": [1, 6], "target_value": 44, "confidence": 0.9749998072499231, "module_label": "M2"}