{"grid": [[-1, -1, 69, 64, 1, 10, -1, -1, 76, -1, -1, 7], [111, 36, -1, -1, 56, 75, -1, 18, 114, 116, -1, -1], [-1, 119, 44, 96, -1, -1, 72, -1, 8, -1, 9, -1], [-1, -1, -1, 74, -1, -1, -1, 83, -1, 60, -1, 65], [12, 16, 46, -1, -1, 95, -1, -1, 37, 91, -1, 99], [103, 25, 107, 23, -1, -1, -1, -1, 4, 82, 28, 93], [-1, 61, -1, -1, 6, -1, -1, -1, -1, -1, 115, 62], [113, -1, -1, -1, -1, -1, -1, -1, -1, -1, -1, 11], [5, -1, 35, -1, -1, 13, 86, -1, -1, 70, 32, -1], [94, -1, 110, 109, 89, 40, 54, -1, 53, 57, 108, 41]], "target_index": 72, "target_rc": [6, 0], "target_value": 50, "confidence": 0.8765839731750833, "module_label": "A5"}