{"grid": [[79, 73, -1, -1, 31, 112, 82, 83, -1, 60, 69, -1], [-1, 57, 117, 35, -1, 37, 104, -1, -1, 92, 58, -1], [19, 34, 67, -1, 86, -1, 98, 91, -1, 75, 76, 114], [115, 10, -1, 48, -1, -1, -1, -1, -1, 110, 70, -1], [-1, -1, 43, -1, 81, -1, -1, -1, -1, -1, -1, -1], [-1, 93, -1, -1, -1, -1, 63, 4, 103, 74, 21, 59], [-1, 51, -1, 2, 17, -1, -1, -1, 72, 15, 78, -1], [68, 33, -1, -1, -1, 62, 45, 30, 87, 26, -1, -1], [-1, -1, -1, 97, 66, -1, 89, -1, 23, -1, -1, 56], [-1, 108, -1, 94, -1, 109, -1, -1, 38, -1, -1, -1]], "target_index": 77, "target_rc": [6, 5], "target_value": 102, "confidence": 0.8982191310907813, "module_label": "A8"}