{"grid": [[-1, 102, -1, 62, 50, -1, 20, -1, -1, 42, 69, -1], [-1, -1, 35, 63, 23, 74, 72, -1, -1, -1, 25, 77], [-1, 34, 26, 14, 17, -1, -1, 67, 64, 8, 73, -1], [95, 103, -1, -1, -1, 114, 47, 66, 16, 107, 27, -1], [117, 113, -1, -1, 60, -1, -1, 39, -1, -1, -1, 97], [-1, -1, -1, -1, -1, 41, 45, 120, -1, 40, -1, -1], [-1, 38, 15, 31, -1, 9, 78, -1, -1, 99, -1, -1], [-1, -1, 94, -1, 13, -1, 19, -1, -1, -1, -1, 59], [-1, -1, -1, 86, 30, 7, 112, 65, -1, -1, -1, -1], [3, 84, -1, -1, 11, 98, 24, 79, -1, -1, 108, -1]], "target_index": 58, "target_rc": [4, 10], "target_value": 68, "confidence": 0.9112963580201415, "module_label": "M8"}