{"grid": [[44, 4, -1, 11, -1, 115, -1, 24, 67, 93, -1, 27], [117, 76, -1, 33, -1, -1, 28, -1, 26, 54, -1, -1], [-1, 23, 110, -1, 94, -1, 15, -1, 95, -1, 5, -1], [25, -1, 59, -1, -1, 79, 90, -1, -1, 71, 89, -1], [96, -1, -1, -1, 12, -1, -1, -1, 85, -1, -1, -1], [65, 108, 84, 74, -1, -1, 105, 102, -1, 34, -1, -1], [112, -1, -1, -1, 53, -1, 3, 104, 50, -1, -1, -1], [29, -1, -1, 109, -1, 9, -1, 1, 87, -1, -1, 62], [36, -1, -1, 30, -1, -1, 7, 103, 22, -1, 35, -1], [61, 21, -1, -1, -1, 39, 113, 51, -1, 56, 49, -1]], "target_index": 31, "target_rc": [2, 7], "target_value": 69, "confidence": 0.9719987388748761, "module_label": "A8"}