{"grid": [[-1, -1, 20, -1, 2, 62, -1, -1, -1, -1, -1, -1], [50, 109, -1, 7, -1, -1, 24, 112, -1, 105, -1, -1], [-1, -1, -1, 41, 102, -1, -1, 72, -1, -1, 13, -1], [118, 40, -1, -1, 21, 15, 98, -1, 91, -1, -1, 64], [-1, 61, 58, 95, -1, 14, -1, -1, 83, 88, 46, 38], [-1, -1, -1, 49, -1, 103, 63, -1, -1, -1, 33, -1], [116, -1, 30, 45, 117, 77, -1, -1, -1, 75, 76, 100], [-1, 35, 70, 67, 113, 81, -1, 97, -1, -1, 26, 87], [-1, 115, -1, 22, 111, -1, -1, 90, -1, -1, 82, -1], [-1, 71, 120, 80, 42, -1, -1, 28, 12, -1, 79, -1]], "target_index": 102, "target_rc": [8, 6], "target_value": 60, "confidence": 0.9678631858413609, "module_label": "A8"}