{"grid": [[-1, 102, -1, -1, 47, -1, 93, 98, 26, 17, 89, 106], [107, -1, 80, -1, 46, -1, 59, -1, 95, 51, 70, 30], [-1, -1, 50, -1, -1, -1, -1, -1, 58, 55, 101, -1], [-1, 18, -1, -1, 81, -1, -1, -1, 74, 13, -1, -1], [72, -1, 27, 105, 73, -1, -1, 37, -1, 28, -1, 100], [-1, 54, 83, 44, 66, 111, -1, -1, -1, 114, -1, 38], [-1, -1, 118, 39, 87, -1, -1, -1, -1, 7, -1, 82], [-1, -1, -1, -1, 71, 48, -1, 104, 113, -1, -1, 32], [-1, -1, 94, -1, -1, -1, -1, -1, -1, 88, -1, 61], [33, -1, -1, 69, 75, 79, 53, 97, 115, 21, -1, 24]], "target_index": 30, "target_rc": [2, 6], "target_value": 15, "confidence": 0.8368698061693886, "module_label": "M2"}