{"grid": [[-1, -1, 101, 14, -1, 52, 110, -1, -1, 100, 25, -1], [-1, 89, -1, -1, 97, 82, 108, -1, 26, 118, -1, 24], [34, -1, 81, -1, 63, 57, 55, -1, -1, -1, 23, -1], [33, 96, -1, 30, -1, -1, -1, 67, 11, -1, -1, -1], [60, -1, 36, -1, 20, -1, 85, 56, 112, -1, -1, -1], [106, -1, -1, -1, -1, 71, 76, 75, 111, -1, -1, -1], [54, -1, -1, -1, 86, 39, 12, -1, -1, 99, -1, -1], [-1, 45, 19, -1, 40, 41, -1, 10, -1, -1, -1, 58], [4, 16, -1, 83, -1, -1, 21, -1, 44, 31, 105, 72], [-1, -1, -1, 22, 103, 114, -1, -1, -1, 48, 15, 90]], "target_index": 19, "target_rc": [1, 7], "target_value": 28, "confidence": 0.8049444947528184, "module_label": "A5"}