{"grid": [[50, 13, 93, 77, 118, -1, 68, -1, -1, 86, 43, 24], [-1, 22, 91, -1, 84, -1, -1, 63, 45, -1, -1, -1], [54, -1, -1, 85, 82, 15, 98, 51, -1, -1, -1, 3], [99, 42, -1, 67, 55, 2, -1, 9, 10, -1, -1, -1], [69, -1, 65, 60, 59, 78, 25, -1, -1, -1, 39, -1], [-1, -1, -1, -1, -1, -1, -1, -1, 89, -1, 11, 28], [-1, 57, -1, 79, -1, -1, -1, 76, 97, -1, 21, -1], [-1, -1, 88, 26, -1, 72, 83, -1, 113, -1, -1, -1], [71, -1, -1, -1, 103, -1, 117, 74, -1, 32, -1, 47], [-1, 58, 106, -1, 102, -1, -1, -1, -1, 36, 8, 111]], "target_index": 74, "target_rc": [6, 2], "target_value": 29, "confidence": 0.9084358675818298, "module_label": "A8"}