{"grid": [[51, -1, -1, 18, 15, 64, 14, -1, 5, -1, 23, 114], [-1, 86, -1, 50, -1, -1, -1, 29, -1, -1, 87, 79], [12, -1, 73, 53, -1, 92, -1, 104, 47, -1, -1, 60], [115, -1, -1, 84, -1, -1, 35, 67, -1, -1, -1, 31], [-1, -1, -1, 56, -1, 119, 32, -1, 120, -1, 93, -1], [-1, 70, -1, 55, -1, 69, -1, 91, -1, 111, -1, -1], [-1, -1, -1, 100, 44, 25, 66, -1, -1, 109, -1, -1], [-1, -1, -1, -1, 96, 72, -1, 110, 38, -1, 99, -1], [-1, 63, -1, -1, 45, -1, 2, 8, 49, 105, 43, 76], [90, -1, -1, 59, 9, 57, 16, 1, -1, -1, -1, 68]], "target_index": 117, "target_rc": [9, 9], "target_value": 61, "confidence": 0.9304122500142279, "module_label": "M2"}