{"grid": [[-1, -1, -1, -1, -1, -1, -1, -1, 90, 27, 72, 57], [-1, 45, 65, -1, 78, 91, -1, -1, 13, -1, 80, 10], [31, 67, 104, 68, 56, 29, -1, 87, -1, -1, -1, -1], [-1, 30, 111, 51, 118, -1, 84, 15, -1, -1, 37, -1], [-1, -1, -1, -1, 19, 18, -1, 28, -1, 94, 64, -1], [-1, -1, 48, 60, -1, -1, 33, 79, 69, 46, -1, 110], [100, -1, -1, -1, -1, -1, -1, -1, 76, 44, 83, -1], [63, 58, 81, 38, -1, -1, 34, -1, -1, 93, -1, -1], [-1, -1, 120, 24, -1, 43, 95, 12, 25, -1, -1, -1], [32, 96, -1, 109, -1, -1, 92, -1, 17, 7, -1, 77]], "target_index": 36, "target_rc": [3, 0], "target_value": 36, "confidence": 0.9794758252325203, "module_label": "M8"}