{"grid": [[-1, 73, -1, -1, 67, -1, -1, -1, -1, 25, -1, -1], [-1, 7, -1, -1, 80, 75, -1, 107, -1, 62, -1, 102], [56, -1, -1, -1, 4, 103, 30, 76, 63, -1, -1, -1], [58, 90, 97, 37, -1, -1, -1, -1, 110, 17, 105, -1], [1, -1, -1, -1, 94, -1, -1, 20, 27, 59, -1, -1], [117, 115, -1, 31, -1, 35, -1, -1, -1, -1, 33, -1], [-1, 77, -1, 32, 72, 78, 16, 29, -1, -1, -1, 14], [111, -1, -1, 64, -1, 106, 18, -1, 3, -1, 55, 21], [-1, 13, -1, 11, 43, -1, 87, 53, -1, 52, 5, -1], [-1, -1, 65, 54, -1, 47, 89, 8, -1, 39, -1, 101]], "target_index": 112, "target_rc": [9, 4], "target_value": 9, "confidence": 0.8915218299079822, "module_label": "M2"}