{"grid": [[-1, 51, -1, -1, -1, -1, 16, 48, -1, 8, -1, 41], [-1, 85, 115, 24, -1, 1, -1, 2, 46, -1, 13, 5], [100, -1, -1, 4, -1, -1, -1, 80, 44, -1, -1, 21], [-1, 57, -1, 95, -1, 114, 23, -1, 106, 73, -1, 30], [14, 76, 69, 37, -1, -1, -1, -1, -1, 93, -1, 82], [-1, 39, 29, 60, 78, -1, -1, -1, 74, -1, -1, -1], [66, 52, 109, 54, 53, 10, 62, -1, 19, -1, 26, -1], [-1, -1, 97, 56, -1, -1, 79, -1, -1, -1, 104, -1], [91, 92, 7, -1, -1, -1, -1, -1, -1, -1, 119, -1], [87, 9, -1, 43, 113, -1, 38, 35, -1, -1, 68, -1]], "target_index": 104, "target_rc": [8, 8], "target_value": 120, "confidence": 0.8976281165071102, "module_label": "A8"}