{"grid": [[111, -1, -1, -1, -1, 31, -1, -1, -1, -1, 75, -1], [112, 39, 63, 117, 44, -1, -1, 105, 77, -1, -1, -1], [92, -1, -1, 26, 48, -1, 85, 34, 115, 55, -1, -1], [-1, -1, -1, -1, -1, -1, 90, 89, 93, 43, 83, -1], [109, -1, 21, 86, 87, -1, -1, -1, 96, -1, -1, -1], [-1, -1, 56, -1, -1, -1, 22, 3, 2, -1, 54, 116], [-1, -1, -1, -1, -1, 73, -1, 23, 79, -1, 15, 17], [61, -1, -1, 19, -1, -1, 71, 6, 70, 5, 32, -1], [20, 102, -1, 12, -1, -1, 33, -1, 84, 118, 82, -1], [69, -1, 67, 98, -1, 25, 11, 51, -1, 53, -1, 27]], "target_index": 11, "target_rc": [0, 11], "target_value": 37, "confidence": 0.8282562386608453, "module_label": "A8"}