{"grid": [[-1, -1, 117, -1, 51, 111, 46, -1, 93, -1, -1, -1], [-1, -1, -1, -1, -1, 81, 89, 19, 54, 13, 60, -1], [11, 44, -1, 112, -1, -1, 1, -1, -1, 97, -1, -1], [91, 69, 39, 105, -1, 99, -1, -1, 50, 38, 115, 7], [-1, 20, -1, 79, -1, 109, -1, 76, -1, -1, -1, -1], [10, 78, 96, 29, -1, 65, -1, 8, 95, 114, -1, 18], [-1, -1, 72, 12, 31, 98, 40, 48, -1, -1, 85, 68], [100, 28, -1, 118, -1, -1, 33, 32, 58, -1, -1, -1], [-1, 84, -1, -1, -1, -1, -1, -1, -1, 73, 21, -1], [25, -1, -1, 104, -1, 66, 45, -1, -1, -1, 42, -1]], "target_index": 26, "target_rc": [2, 2], "target_value": 57, "confidence": 0.9643352200626513, "module_label": "M8"}