{"grid": [[-1, 98, -1, 29, -1, 25, -1, 54, -1, 103, 19, -1], [-1, 27, -1, 118, 31, 15, 80, 79, 57, 87, 42, 33], [-1, 77, 2, 113, -1, -1, -1, -1, 100, -1, -1, -1], [73, 60, 97, -1, -1, 39, 88, -1, 36, -1, -1, -1], [40, 115, 58, 74, 18, 17, -1, 76, 67, 110, 7, -1], [26, 5, -1, -1, -1, 11, -1, -1, -1, -1, -1, -1], [-1, -1, -1, -1, -1, 93, -1, 16, -1, 114, -1, 68], [-1, -1, 1, -1, 91, -1, 72, -1, 45, -1, -1, -1], [-1, 95, 10, -1, -1, 48, 104, 34, 21, 64, -1, -1], [-1, -1, -1, 107, 96, -1, 37, 78, -1, 102, -1, 109]], "target_index": 31, "target_rc": [2, 7], "target_value": 50, "confidence": 0.914130315572301, "module_label": "M2"}