{"grid": [[1, -1, 12, 38, -1, -1, -1, -1, 46, -1, -1, 78], [-1, -1, -1, -1, -1, 95, 110, 89, 87, 69, 120, 93], [-1, -1, -1, -1, 74, 40, 62, -1, 14, 43, 111, 73], [48, -1, -1, -1, 5, 60, -1, -1, -1, -1, -1, -1], [119, -1, -1, -1, 70, -1, 7, 3, -1, 77, 59, -1], [39, 81, 102, -1, -1, 33, -1, 98, -1, -1, -1, 96], [91, -1, -1, -1, 31, 71, -1, 13, 76, -1, 25, -1], [-1, 115, -1, 30, -1, 54, -1, 106, 100, -1, 8, 112], [72, 10, -1, -1, 114, 35, 2, -1, -1, -1, -1, -1], [75, -1, -1, -1, -1, 56, 44, 104, 51, 63, 49, 47]], "target_index": 39, "target_rc": [3, 3], "target_value": 4, "confidence": 0.8992936181488357, "module_label": "M8"}