{"grid": [[69, -1, -1, -1, -1, 50, -1, 38, 34, 68, 40, -1], [-1, 32, -1, -1, 120, -1, 111, -1, 65, -1, 72, 25], [-1, 105, 58, 102, 92, 75, 37, 81, -1, 54, 85, -1], [-1, -1, -1, -1, -1, 86, -1, 8, 116, -1, -1, -1], [-1, -1, 73, 6, -1, 9, 36, -1, 30, 113, -1, 22], [14, -1, 3, 88, 87, -1, 101, 64, 23, 103, -1, 106], [-1, -1, 94, 63, -1, -1, 93, -1, 80, -1, -1, 24], [-1, 83, 117, -1, 110, -1, -1, 7, -1, -1, -1, 11], [51, -1, 53, -1, -1, -1, 10, -1, -1, -1, -1, 79], [-1, -1, -1, -1, 56, 15, 16, 48, 21, -1, -1, 100]], "target_index": 38, "target_rc": [3, 2], "target_value": 39, "confidence": 0.9505089562968181, "module_label": "A5"}