{"grid": [[-1, -1, 36, -1, -1, 84, -1, 99, -1, 13, 116, 104], [-1, -1, 48, 79, 40, -1, 14, -1, 112, 108, 31, 10], [-1, -1, 77, -1, -1, -1, 35, -1, -1, 94, -1, -1], [105, -1, 70, 93, 42, 119, -1, -1, -1, -1, -1, -1], [-1, -1, -1, -1, 113, -1, -1, 32, 38, -1, 73, 89], [80, 29, -1, 6, 97, 8, -1, 120, 86, -1, -1, 54], [-1, -1, -1, 76, -1, 69, -1, -1, -1, 87, 61, 106], [26, 19, 18, -1, -1, 81, 44, 24, -1, -1, -1, -1], [66, -1, 118, -1, 55, -1, -1, -1, -1, -1, 96, 71], [91, 74, -1, -1, 107, 51, 68, 7, 78, 20, -1, 28]], "target_index": 99, "target_rc": [8, 3], "target_value": 57, "confidence": 0.9132329058538754, "module_label": "M2"}