{"grid": [[-1, -1, 82, -1, 13, -1, -1, 12, 17, -1, -1, 108], [81, -1, 32, -1, 94, -1, 66, -1, 29, -1, -1, 91], [8, -1, -1, -1, 58, -1, -1, 14, 43, 110, 41, -1], [80, 22, 119, 77, 106, -1, 40, -1, 65, 50, -1, -1], [63, 5, -1, 3, -1, 70, -1, -1, 101, -1, -1, -1], [-1, 7, -1, 103, 4, 44, -1, -1, 18, 78, -1, -1], [31, -1, 120, -1, -1, -1, -1, 104, -1, -1, -1, 23], [11, 117, 35, 86, 76, -1, -1, -1, -1, -1, -1, -1], [-1, 107, -1, 34, 49, -1, 87, 97, 90, 112, 95, 57], [89, -1, 51, -1, 99, 85, -1, -1, 15, -1, -1, 60]], "target_index": 77, "target_rc": [6, 5], "target_value": 72, "confidence": 0.8224536598106744, "module_label": "A5"}