{"grid": [[-1, 58, -1, 95, -1, 114, 77, -1, -1, 38, 15, -1], [64, 63, -1, -1, -1, 16, -1, -1, -1, -1, -1, -1], [-1, 103, 6, 65, -1, 107, 27, -1, 105, -1, 42, -1], [72, -1, 23, -1, -1, 35, 46, -1, -1, -1, 109, -1], [3, -1, -1, 70, 90, -1, -1, -1, -1, 10, 82, 96], [-1, -1, 83, 13, -1, 39, -1, -1, -1, -1, -1, 85], [-1, 30, 69, -1, 45, -1, -1, -1, -1, -1, -1, 7], [20, 19, -1, 101, 118, 79, 119, 94, -1, 91, 61, -1], [48, 73, 18, 26, 108, -1, 5, -1, 102, -1, -1, -1], [-1, 66, 80, 60, 28, 4, -1, 1, 86, -1, 57, 44]], "target_index": 39, "target_rc": [3, 3], "target_value": 51, "confidence": 0.8945225294183089, "module_label": "A5"}