{"grid": [[71, -1, -1, 33, -1, -1, 107, 59, -1, -1, -1, 72], [-1, 73, 57, 16, 88, -1, 65, 91, 4, -1, 45, -1], [49, -1, 89, -1, -1, -1, -1, 67, 2, 32, 12, -1], [5, 104, -1, -1, -1, -1, -1, 93, 84, -1, -1, 76], [35, -1, -1, -1, 36, 116, 86, 50, -1, 25, -1, -1], [80, 101, 82, 110, -1, -1, 75, 113, -1, -1, -1, -1], [29, -1, -1, -1, 55, 97, -1, 95, -1, 118, -1, -1], [108, -1, 64, 105, -1, 77, 52, -1, 10, -1, 79, -1], [-1, -1, 38, 78, -1, 85, 51, -1, 114, -1, 24, -1], [54, 18, 103, 8, -1, 96, -1, 42, -1, -1, -1, -1]], "target_index": 80, "target_rc": [6, 8], "target_value": 1, "confidence": 0.8410414222388165, "module_label": "M8"}