{"grid": [[-1, -1, 71, 117, 48, -1, 91, 8, -1, -1, 52, 45], [-1, -1, 1, 51, -1, -1, 25, 78, 81, 62, -1, -1], [27, -1, 119, -1, -1, -1, -1, 103, -1, 55, -1, 116], [56, -1, 83, 92, -1, 105, -1, -1, 3, -1, 43, -1], [-1, -1, -1, 94, -1, -1, -1, -1, 49, -1, -1, -1], [112, -1, -1, -1, 114, 30, -1, 108, -1, -1, 70, -1], [-1, 46, -1, 97, 82, 106, -1, -1, -1, 67, 33, 120], [80, 75, 9, -1, 15, 98, 96, 60, 113, -1, 42, -1], [-1, 4, 54, 77, 37, -1, 93, -1, 32, -1, 47, 39], [-1, -1, 53, -1, 19, 61, -1, 36, 101, -1, -1, -1]], "target_index": 23, "target_rc": [1, 11], "target_value": 99, "confidence": 0.8089078624231375, "module_label": "M2"}