{"grid": [[118, -1, 72, -1, -1, -1, -1, 6, -1, -1, -1, -1], [-1, 31, 17, 111, -1, 110, -1, -1, 120, -1, -1, -1], [-1, -1, 95, 98, -1, 8, 105, -1, -1, -1, -1, -1], [108, 76, 5, 64, -1, -1, 77, 29, -1, 26, -1, -1], [7, 53, 11, -1, -1, -1, -1, 55, 32, -1, 61, 93], [90, 85, 51, -1, 45, -1, 46, -1, 114, -1, 42, 83], [-1, -1, -1, 1, 87, 4, -1, -1, -1, -1, 37, 50], [-1, 65, -1, 60, 102, -1, -1, 96, -1, -1, 80, 30], [-1, 88, -1, 33, -1, -1, -1, 74, -1, 58, 3, -1], [79, 86, 20, 109, -1, 27, 100, 84, 71, 119, 116, -1]], "target_index": 98, "target_rc": [8, 2], "target_value": 21, "confidence": 0.9280779972372784, "module_label": "M2"}