{"grid": [[37, -1, 81, 96, 108, -1, -1, 67, -1, -1, 55, -1], [-1, 105, -1, -1, 22, -1, 77, 25, -1, -1, -1, -1], [-1, 30, 71, -1, 72, 39, 52, 100, -1, -1, 106, 35], [-1, 82, 1, 24, -1, 26, -1, 45, -1, 91, 27, -1], [112, -1, 56, 118, -1, 12, -1, -1, 54, -1, 43, -1], [-1, -1, -1, 74, 86, 90, 41, -1, -1, 87, -1, 116], [95, -1, 50, 79, 9, -1, 104, 7, -1, -1, 49, 69], [-1, -1, 36, -1, 65, -1, -1, 64, 83, 80, 48, -1], [-1, -1, 107, -1, -1, 38, 51, 97, -1, 66, -1, -1], [2, -1, -1, -1, -1, -1, -1, 5, -1, 34, -1, 20]], "target_index": 60, "target_rc": [5, 0], "target_value": 75, "confidence": 0.9585019384108483, "module_label": "M2"}