{"grid": [[-1, -1, -1, -1, -1, 10, -1, -1, 109, -1, -1, 1], [-1, 85, 107, 47, 111, 24, 23, -1, -1, 30, -1, -1], [-1, 78, -1, 20, -1, 29, -1, 14, 120, -1, 35, -1], [103, -1, 92, -1, -1, -1, -1, 117, 49, -1, -1, -1], [-1, 80, -1, 64, 45, -1, 73, -1, 33, 55, -1, -1], [-1, 94, 70, 51, -1, 12, -1, 65, -1, -1, 27, 60], [-1, 58, 82, 32, 6, 7, -1, -1, 25, 19, 8, -1], [96, -1, -1, 3, 91, -1, -1, -1, -1, 43, -1, -1], [-1, 112, -1, -1, 118, 75, 40, 15, -1, 114, -1, 110], [-1, -1, 48, 97, 68, 104, 88, -1, 22, 77, -1, 61]], "target_index": 40, "target_rc": [3, 4], "target_value": 76, "confidence": 0.9084209715991878, "module_label": "M8"}