{"grid": [[35, -1, 95, 88, 103, -1, -1, -1, 54, 85, 53, 86], [-1, -1, -1, -1, 105, -1, 75, 48, 45, -1, 13, -1], [18, -1, -1, 22, -1, 25, 93, -1, 92, 117, -1, 106], [112, -1, -1, -1, -1, -1, -1, 69, -1, -1, -1, 42], [-1, -1, -1, -1, -1, 44, -1, -1, -1, 38, 91, -1], [31, 102, 72, 78, 30, 66, -1, -1, 119, 90, -1, 50], [-1, 40, 23, -1, 73, -1, -1, -1, -1, -1, 8, -1], [-1, -1, 79, -1, 64, 96, 43, 3, 109, -1, -1, 21], [-1, 71, 120, 56, -1, -1, 67, 110, -1, 7, 1, -1], [-1, 46, 34, 87, -1, -1, -1, 76, 118, 65, 61, -1]], "target_index": 66, "target_rc": [5, 6], "target_value": 33, "confidence": 0.9225667465144624, "module_label": "M8"}