{"grid": [[94, 51, 56, 39, 60, 10, -1, 7, -1, -1, 105, -1], [-1, 42, 83, -1, 46, 67, -1, 29, -1, 34, -1, 77], [-1, -1, 73, 97, -1, -1, -1, -1, 50, -1, -1, 16], [-1, -1, -1, 92, 106, -1, 114, 23, -1, -1, -1, -1], [-1, 43, 104, 2, 5, 17, -1, -1, 111, 41, 54, -1], [117, 93, -1, -1, -1, 98, -1, 112, 6, 57, -1, 22], [-1, -1, -1, -1, 12, 75, 26, 38, -1, -1, -1, 18], [-1, 40, -1, 27, 31, -1, -1, 120, -1, -1, -1, -1], [64, -1, -1, 119, 63, -1, -1, 55, -1, -1, 68, -1], [89, 35, 52, 15, -1, 19, 66, -1, -1, -1, 74, 47]], "target_index": 44, "target_rc": [3, 8], "target_value": 70, "confidence": 0.8835323502502943, "module_label": "A5"}