{"grid": [[84, 104, -1, -1, 93, 86, 78, 4, 31, -1, -1, -1], [97, -1, 70, -1, 61, 19, 95, -1, -1, -1, 56, 75], [-1, 39, -1, -1, 45, 53, 49, 105, 16, -1, 88, 73], [114, -1, -1, -1, 14, 72, -1, -1, -1, -1, 26, 8], [-1, 87, -1, -1, 1, -1, -1, 115, -1, -1, -1, 54], [-1, 119, -1, -1, 109, -1, 22, -1, 81, -1, -1, -1], [-1, 57, -1, 20, 85, -1, 46, 27, -1, -1, 99, 44], [-1, -1, 2, -1, -1, -1, 67, -1, -1, 111, -1, 100], [36, -1, 5, -1, -1, -1, 37, -1, 94, -1, 7, 40], [-1, -1, 17, -1, 55, 74, 118, 63, 69, -1, 6, 116]], "target_index": 26, "target_rc": [2, 2], "target_value": 62, "confidence": 0.8243518750627543, "module_label": "A5"}