{"grid": [[-1, -1, -1, 32, 20, -1, -1, 61, 106, 48, -1, 87], [8, 95, -1, -1, -1, 17, -1, 59, -1, 29, -1, 19], [-1, -1, 105, -1, -1, 55, -1, -1, -1, -1, -1, -1], [73, 41, -1, -1, -1, -1, -1, 43, -1, 24, 27, -1], [25, -1, 108, 45, 54, 35, -1, 85, -1, 78, -1, -1], [-1, -1, -1, -1, 30, 109, -1, -1, 49, -1, 104, 112], [44, 79, -1, -1, 89, 83, 107, -1, -1, 18, 22, 68], [81, -1, 31, 116, 37, -1, 2, 33, 118, -1, -1, -1], [-1, 58, 62, 70, -1, 110, 36, 75, -1, 103, 21, 119], [-1, 97, -1, 34, -1, 14, -1, -1, -1, -1, 60, 91]], "target_index": 1, "target_rc": [0, 1], "target_value": 69, "confidence": 0.8133386120934731, "module_label": "M8"}