{"grid": [[65, 105, 61, 120, 87, 58, 72, 1, -1, 51, -1, 88], [63, -1, 93, -1, 64, -1, 102, -1, 111, 75, -1, -1], [-1, 104, 103, -1, -1, 108, 54, 30, 38, -1, -1, -1], [17, -1, 33, 106, 14, -1, -1, -1, -1, -1, 83, -1], [-1, -1, -1, -1, 86, 42, 85, 3, 89, -1, -1, 43], [-1, -1, 24, -1, 26, 118, -1, 29, -1, -1, 52, -1], [11, 91, 90, 73, 84, 46, 99, 35, -1, -1, -1, -1], [-1, -1, -1, 21, -1, -1, -1, 95, -1, -1, 77, 2], [109, 44, 57, -1, -1, -1, 34, -1, 100, 117, -1, -1], [-1, -1, -1, -1, -1, -1, 5, 37, 22, -1, 15, -1]], "target_index": 28, "target_rc": [2, 4], "target_value": 7, "confidence": 0.9357100494593927, "module_label": "M8"}