{"grid": [[10, 63, -1, 55, -1, 53, -1, -1, -1, 52, -1, -1], [32, 104, 21, -1, 115, -1, -1, -1, 85, 39, 48, 102], [120, -1, -1, 14, 43, -1, 59, -1, 76, -1, -1, -1], [-1, -1, -1, -1, 13, -1, -1, -1, 90, 95, 47, -1], [99, -1, 72, -1, 18, -1, -1, -1, -1, 1, -1, -1], [-1, 109, -1, 37, 29, 28, -1, 73, -1, 87, -1, 108], [111, 118, -1, -1, -1, 22, 80, -1, 38, 7, -1, 101], [-1, -1, -1, 6, 92, -1, -1, 16, 86, -1, 2, -1], [69, 9, -1, 97, 70, -1, 78, 107, -1, -1, -1, 75], [-1, -1, 17, 68, 91, 56, -1, 106, 40, 110, 3, -1]], "target_index": 114, "target_rc": [9, 6], "target_value": 54, "confidence": 0.9745404791694969, "module_label": "A8"}