{"grid": [[3, -1, -1, -1, -1, 105, -1, 87, -1, 13, 89, 100], [-1, 69, -1, -1, -1, 80, -1, 1, 27, 84, -1, -1], [-1, 26, -1, 5, 95, 113, 108, 25, -1, -1, -1, 101], [-1, -1, -1, -1, 44, 114, 90, -1, 46, -1, 97, -1], [-1, 70, 115, 48, -1, 41, 6, 28, 10, 47, 75, 74], [-1, 32, -1, -1, -1, 4, 67, -1, 40, 51, -1, -1], [-1, -1, 56, 42, 107, -1, 116, -1, 64, -1, 88, -1], [53, -1, -1, -1, -1, 49, 81, -1, 35, -1, 92, 94], [-1, 111, 82, -1, 66, -1, -1, 112, -1, -1, -1, 103], [8, -1, -1, -1, -1, 17, -1, -1, -1, 65, 60, 78]], "target_index": 111, "target_rc": [9, 3], "target_value": 22, "confidence": 0.9296485744873748, "module_label": "A5"}