{"grid": [[98, 21, -1, -1, -1, -1, 2, 120, -1, 110, -1, 117], [-1, 23, -1, -1, 10, 115, 66, -1, -1, -1, -1, -1], [-1, -1, -1, -1, 101, -1, -1, 102, 94, 93, -1, -1], [-1, -1, -1, 113, 17, -1, 65, -1, 69, -1, -1, -1], [-1, 116, 112, 111, -1, -1, 107, -1, 67, 14, 62, 43], [31, 54, 50, 84, -1, 37, 58, 25, -1, 95, 63, 79], [68, 29, -1, -1, -1, -1, 4, -1, 72, 6, -1, 11], [44, -1, -1, -1, 82, 1, -1, 59, -1, -1, -1, -1], [-1, -1, -1, 32, -1, 106, 51, 42, -1, -1, 55, 52], [86, 28, 53, 104, 71, -1, -1, -1, 99, 16, -1, 91]], "target_index": 105, "target_rc": [8, 9], "target_value": 20, "confidence": 0.9925972733185402, "module_label": "A8"}