{"grid": [[82, -1, 35, 71, 10, 16, -1, 111, 114, 24, -1, 5], [87, -1, 51, -1, -1, 107, 106, 61, -1, -1, -1, -1], [66, -1, -1, 18, -1, 40, 8, 101, -1, -1, -1, -1], [-1, 19, 11, -1, 88, -1, -1, -1, 20, -1, -1, 27], [-1, 75, -1, 117, 104, 109, 6, 34, -1, -1, -1, -1], [-1, -1, 50, -1, -1, 14, 80, 29, -1, -1, 47, -1], [-1, 74, 76, 70, 56, 120, 46, 63, 25, -1, 12, -1], [-1, 3, -1, 42, -1, 118, -1, 108, 96, 72, -1, -1], [-1, 32, 95, -1, -1, 89, -1, 90, -1, 68, -1, -1], [21, -1, -1, 26, 31, -1, -1, -1, 112, 64, -1, -1]], "target_index": 104, "target_rc": [8, 8], "target_value": 13, "confidence": 0.8460122701811087, "module_label": "A8"}