{"grid": [[-1, -1, 34, -1, 100, -1, -1, -1, 92, -1, 5, -1], [-1, -1, -1, 2, -1, 82, 64, 4, -1, 107, 75, -1], [24, -1, -1, -1, -1, -1, -1, -1, -1, 96, -1, 17], [67, 115, 42, 87, -1, 70, 110, 84, 109, -1, 119, 55], [-1, -1, 22, -1, -1, 83, 37, -1, 69, -1, -1, 54], [-1, 20, 105, 117, -1, 77, -1, -1, -1, 78, -1, 47], [60, -1, -1, 3, 56, 28, 85, 45, 26, -1, 73, -1], [103, -1, -1, 10, 1, -1, 7, -1, -1, 112, 114, -1], [-1, -1, 52, -1, -1, 6, -1, 88, -1, -1, 53, 30], [90, 61, 91, 79, -1, 98, -1, -1, 74, 38, -1, -1]], "target_index": 9, "target_rc": [0, 9], "target_value": 29, "confidence": 0.9205858353153685, "module_label": "M8"}