{"grid": [[108, -1, 88, 1, -1, 113, -1, -1, -1, -1, 65, 69], [75, -1, 21, 64, -1, 63, -1, 31, -1, -1, 82, -1], [33, -1, 119, -1, -1, 59, -1, 29, -1, 76, -1, -1], [-1, 71, -1, -1, 84, 15, 13, 30, -1, -1, 57, 61], [-1, 74, 80, -1, 68, -1, 46, 10, 114, -1, 20, -1], [91, -1, -1, 73, 115, 116, -1, 2, 35, -1, -1, 99], [-1, 96, 45, -1, 26, -1, -1, -1, -1, 92, -1, -1], [106, 34, 105, -1, 83, -1, 28, 81, -1, 8, -1, 87], [4, -1, -1, 22, -1, 58, 79, -1, -1, -1, 62, 27], [-1, -1, 24, -1, -1, -1, -1, 110, 25, -1, -1, 39]], "target_index": 94, "target_rc": [7, 10], "target_value": 100, "confidence": 0.9247365995330249, "module_label": "A8"}