{"grid": [[115, 13, -1, -1, 17, 39, 46, 97, -1, 95, 65, -1], [-1, 5, 64, -1, -1, -1, 22, -1, 109, 89, -1, -1], [107, -1, 23, -1, 77, -1, 71, -1, 52, -1, 108, -1], [-1, -1, -1, -1, 8, 11, -1, -1, -1, 44, 87, 36], [-1, -1, 63, 68, 31, -1, -1, 57, 80, -1, -1, -1], [1, -1, 90, -1, -1, -1, 60, -1, -1, -1, 98, 30], [-1, -1, 27, -1, 103, 61, -1, 118, 86, 82, 49, -1], [-1, 32, -1, -1, 2, 58, -1, 81, 78, -1, -1, -1], [-1, -1, 28, 3, 19, -1, 94, 18, -1, -1, 21, -1], [12, 45, 96, -1, 40, 54, 34, 99, 117, -1, -1, -1]], "target_index": 105, "target_rc": [8, 9], "target_value": 43, "confidence": 0.9226468879860199, "module_label": "A8"}