{"grid": [[-1, 20, -1, -1, -1, 64, 59, -1, 24, 109, -1, 71], [-1, 43, 63, -1, 22, 39, 9, 53, 87, -1, 106, -1], [13, 46, -1, -1, 54, -1, -1, -1, 72, -1, 65, -1], [2, 120, -1, 97, -1, -1, 98, 49, -1, -1, 118, 19], [-1, -1, -1, -1, 114, -1, -1, -1, -1, 37, 82, -1], [69, -1, -1, 52, -1, 10, 4, 41, -1, 116, 25, 26], [62, 103, -1, 30, -1, -1, 42, -1, -1, -1, -1, 57], [-1, 99, -1, 32, 36, -1, 81, -1, -1, -1, 55, -1], [23, 67, -1, 70, -1, 79, 40, -1, 8, -1, 60, -1], [77, -1, 68, -1, -1, -1, 66, 83, 88, -1, -1, 92]], "target_index": 68, "target_rc": [5, 8], "target_value": 33, "confidence": 0.8285981581438182, "module_label": "A5"}