{"grid": [[-1, 11, 75, -1, -1, -1, 18, 113, 72, -1, -1, 7], [109, 65, -1, -1, 92, 55, 42, -1, -1, -1, -1, -1], [43, -1, 46, -1, -1, -1, -1, 115, 13, -1, -1, 24], [-1, 73, -1, -1, -1, -1, 102, -1, -1, 118, -1, -1], [94, -1, 69, 26, 58, 103, -1, -1, 93, 50, -1, -1], [23, 61, -1, -1, 99, -1, -1, 41, 1, -1, -1, -1], [82, -1, -1, 37, 116, -1, 86, 44, 64, 111, 20, -1], [53, -1, 108, 70, -1, 2, -1, -1, 39, 85, 96, 21], [-1, -1, -1, 59, 56, 15, -1, -1, 83, 77, -1, -1], [-1, 97, -1, 38, -1, 78, 100, -1, 63, 76, 98, 40]], "target_index": 39, "target_rc": [3, 3], "target_value": 71, "confidence": 0.8480210281711361, "module_label": "A8"}