{"grid": [[1, -1, -1, 87, 83, 9, -1, -1, -1, 104, 76, -1], [70, -1, -1, 73, -1, 65, 22, -1, 14, -1, -1, -1], [49, -1, -1, 21, 55, -1, -1, 74, 42, 33, -1, 101], [-1, 4, -1, -1, -1, -1, 86, 56, 20, 105, -1, 6], [17, 98, -1, -1, 15, 110, 78, -1, -1, 32, 90, -1], [115, 3, -1, -1, -1, -1, -1, 57, -1, -1, 7, 51], [79, -1, 11, -1, -1, -1, -1, -1, -1, 30, 107, -1], [89, -1, 13, -1, -1, 38, 112, 50, 12, 2, -1, -1], [-1, 19, -1, -1, -1, 113, -1, 91, -1, 100, 102, 68], [118, -1, -1, 63, -1, 43, -1, -1, 29, 34, 117, 120]], "target_index": 65, "target_rc": [5, 5], "target_value": 53, "confidence": 0.854204469669612, "module_label": "M2"}