{"grid": [[-1, -1, 17, -1, -1, 21, 28, -1, 36, 77, 94, -1], [72, 22, -1, -1, 65, -1, -1, 47, 116, -1, 78, -1], [51, -1, 54, 10, 107, 5, 99, 24, -1, -1, 120, -1], [106, 4, 100, -1, 14, -1, -1, 67, 112, -1, 82, -1], [-1, -1, 32, 33, 90, -1, -1, -1, 7, -1, 63, 9], [53, -1, -1, 109, 16, -1, 49, -1, 59, -1, 73, -1], [-1, -1, -1, 119, -1, 98, 50, 11, -1, -1, 20, 1], [-1, -1, 41, -1, 8, 29, -1, -1, 52, -1, -1, -1], [-1, -1, -1, -1, 26, 74, 37, -1, 18, 68, -1, 6], [31, -1, -1, -1, -1, 62, 84, 92, -1, -1, -1, 97]], "target_index": 76, "target_rc": [6, 4], "target_value": 2, "confidence": 0.8928540277327955, "module_label": "M2"}