{"grid": [[-1, 59, 80, -1, 79, -1, 23, 104, -1, -1, -1, 92], [3, 7, -1, 82, -1, -1, 43, -1, -1, 6, -1, 51], [94, 26, 18, -1, 44, 70, 50, -1, 108, -1, -1, -1], [-1, -1, -1, -1, 66, 55, 85, -1, -1, 62, 69, -1], [-1, -1, -1, 74, -1, 112, 86, -1, -1, -1, 63, -1], [-1, 81, 2, -1, 41, -1, -1, -1, -1, 103, -1, -1], [-1, -1, -1, 57, 107, 20, 5, -1, 99, 34, -1, -1], [-1, 96, -1, 119, -1, 22, -1, 27, 93, 105, -1, 95], [64, -1, 73, 90, 102, -1, 12, -1, 77, 47, 114, 113], [15, -1, -1, 53, 36, -1, -1, 116, -1, 14, 58, -1]], "target_index": 52, "target_rc": [4, 4], "target_value": 120, "confidence": 0.8245831120593913, "module_label": "M2"}