{"grid": [[72, -1, 45, 27, -1, -1, -1, -1, -1, 81, 52, -1], [-1, 113, -1, 20, 110, 97, 104, -1, 34, 109, 13, 51], [-1, 1, 26, 44, 91, 3, -1, -1, -1, 74, -1, 54], [-1, -1, -1, 19, -1, 90, -1, 55, -1, -1, -1, 87], [-1, -1, 102, -1, -1, -1, -1, -1, -1, 116, 111, 29], [56, 82, -1, 23, -1, 42, 96, 107, 100, -1, 15, -1], [-1, -1, 68, 65, 119, -1, 94, 24, 21, 39, -1, 5], [-1, -1, -1, 28, 7, 79, 2, -1, -1, -1, 92, -1], [-1, -1, 22, -1, -1, -1, 38, 69, -1, 66, -1, -1], [49, -1, -1, -1, 25, -1, -1, 43, 77, 37, 41, -1]], "target_index": 99, "target_rc": [8, 3], "target_value": 4, "confidence": 0.8381619361193022, "module_label": "M8"}