{"grid": [[74, 47, -1, 96, 86, -1, 75, -1, 84, -1, 90, 14], [-1, 87, -1, 40, 101, -1, -1, 55, 3, 104, 64, 78], [107, 45, -1, -1, -1, 38, -1, 22, -1, 60, -1, -1], [62, -1, 95, -1, -1, -1, -1, 120, 113, -1, -1, 12], [-1, -1, -1, 23, -1, -1, -1, 117, -1, 33, -1, 36], [-1, -1, -1, -1, 69, 42, -1, 26, 13, 41, -1, 4], [7, -1, -1, -1, 29, -1, 31, 66, 54, -1, -1, -1], [-1, 24, 11, 63, 34, -1, -1, 82, 106, 119, -1, 5], [21, -1, 100, 76, -1, -1, -1, -1, -1, 61, -1, 56], [-1, -1, 17, -1, -1, 57, 102, 15, -1, 114, 43, -1]], "target_index": 89, "target_rc": [7, 5], "target_value": 44, "confidence": 0.9469399472279265, "module_label": "A8"}