{"grid": [[103, -1, -1, -1, 118, 101, 94, 50, -1, -1, -1, 87], [-1, 74, -1, 39, 5, 107, 46, -1, -1, 11, -1, 14], [32, 42, 36, -1, 2, -1, 7, -1, -1, -1, -1, 90], [52, 65, -1, 64, -1, -1, 43, 34, 86, 77, -1, -1], [-1, -1, 119, 47, -1, -1, -1, 99, -1, 33, 85, -1], [58, 35, -1, -1, -1, -1, 104, -1, 108, 31, -1, -1], [-1, -1, -1, 15, 41, -1, 97, 25, 89, -1, -1, -1], [-1, -1, 16, -1, 12, 10, 117, -1, 80, -1, -1, 45], [93, 113, -1, 66, 70, 67, -1, -1, -1, 19, 95, 13], [59, -1, -1, -1, -1, 26, 68, -1, 112, -1, 1, -1]], "target_index": 93, "target_rc": [7, 9], "target_value": 60, "confidence": 0.9772190635626457, "module_label": "A5"}