{"grid": [[72, 44, -1, 27, -1, -1, -1, -1, -1, 10, -1, 119], [57, -1, 26, 110, 55, 109, 67, -1, -1, 49, -1, -1], [14, -1, 100, 68, 33, -1, 93, 19, -1, 35, 112, -1], [-1, -1, -1, 15, 86, 90, -1, 97, -1, -1, 45, 115], [38, 54, -1, -1, -1, 118, -1, 18, -1, -1, -1, 73], [-1, -1, -1, 47, 1, -1, 31, 12, -1, 34, 80, 24], [46, 23, -1, -1, -1, -1, -1, 74, 65, -1, -1, -1], [56, 98, 102, 107, 117, -1, 61, 59, -1, -1, 69, -1], [-1, 17, 22, -1, -1, 11, -1, -1, -1, 79, -1, -1], [16, -1, -1, -1, 94, 48, -1, 9, 85, 101, -1, -1]], "target_index": 68, "target_rc": [5, 8], "target_value": 8, "confidence": 0.9252209579659493, "module_label": "M2"}