{"grid": [[59, -1, -1, 69, 80, -1, -1, -1, -1, -1, -1, 111], [-1, 116, 61, -1, -1, -1, 20, 36, 47, -1, 85, -1], [-1, 88, 9, 63, -1, 97, 92, 84, -1, -1, -1, -1], [108, -1, 70, -1, 32, -1, -1, 67, -1, -1, 50, 98], [31, -1, -1, -1, -1, -1, -1, -1, -1, 27, 90, -1], [13, 26, -1, -1, 44, -1, -1, 53, -1, -1, 57, 105], [-1, -1, 17, -1, -1, -1, -1, 45, 12, 38, 51, 106], [110, -1, -1, 75, 79, 103, 34, 1, 93, -1, 10, -1], [5, 68, -1, 101, 22, -1, -1, -1, -1, 82, -1, 56], [48, 100, 95, 94, -1, -1, 40, 119, 52, 117, 77, -1]], "target_index": 34, "target_rc": [2, 10], "target_value": 76, "confidence": 0.8428514991868867, "module_label": "A5"}