{"grid": [[24, -1, 14, 21, -1, 114, 8, 87, 49, 47, 98, 118], [-1, 113, -1, -1, -1, 36, 68, 2, -1, -1, 110, -1], [-1, 26, 89, -1, -1, -1, -1, -1, 33, -1, -1, -1], [-1, -1, -1, 57, 73, 94, -1, -1, -1, -1, 44, -1], [31, -1, 71, -1, 25, 70, -1, 17, -1, 11, -1, 62], [-1, -1, -1, 103, -1, 77, -1, -1, 22, -1, 112, 81], [119, 93, 63, -1, -1, 66, 48, 78, -1, 20, 23, -1], [-1, 56, -1, -1, 91, -1, 51, -1, -1, 115, -1, -1], [-1, 116, 72, -1, 27, 45, -1, 90, 3, -1, 9, 61], [-1, 39, 35, 76, 69, -1, 102, -1, -1, -1, -1, 50]], "target_index": 80, "target_rc": [6, 8], "target_value": 117, "confidence": 0.9146053862494258, "module_label": "A8"}