{"grid": [[68, 69, -1, 14, -1, -1, -1, -1, -1, 6, -1, -1], [-1, 83, -1, -1, -1, 78, -1, 65, 75, 7, -1, 58], [-1, -1, 31, 105, -1, 23, -1, -1, -1, 108, 82, -1], [1, 10, -1, 61, -1, -1, -1, 112, 40, 114, 96, -1], [8, 22, -1, 103, 42, 87, -1, -1, -1, 11, -1, 54], [79, 77, 62, 12, 13, 46, 21, -1, 59, 70, -1, 119], [63, 67, 28, 93, -1, -1, 71, 45, -1, -1, 97, -1], [-1, -1, -1, -1, 91, 20, -1, -1, -1, 92, -1, -1], [84, -1, -1, -1, -1, 90, 95, 74, 44, -1, -1, -1], [18, 107, -1, 4, -1, -1, -1, -1, -1, 53, 25, 60]], "target_index": 87, "target_rc": [7, 3], "target_value": 72, "confidence": 0.8028394687023561, "module_label": "A8"}