{"grid": [[57, 9, 26, 62, -1, -1, -1, -1, 71, 39, 116, -1], [-1, 54, -1, 118, 52, 49, 78, -1, -1, 34, 72, -1], [-1, -1, -1, -1, 21, -1, 23, 92, -1, 108, -1, 101], [48, 25, 33, 10, 4, -1, 96, -1, -1, 3, 38, -1], [45, 90, -1, 13, -1, 18, -1, -1, 50, -1, 27, 31], [-1, 88, 55, 117, 35, -1, -1, -1, -1, -1, -1, -1], [-1, -1, -1, -1, 93, 40, 70, -1, -1, 106, -1, -1], [-1, 103, 67, -1, -1, 104, 61, -1, 60, 105, 12, 73], [56, -1, -1, 19, -1, -1, -1, 114, -1, -1, 112, 64], [2, -1, -1, -1, -1, -1, -1, 32, 28, -1, 66, 77]], "target_index": 71, "target_rc": [5, 11], "target_value": 53, "confidence": 0.8840648574937016, "module_label": "M2"}