{"grid": [[-1, 119, -1, 111, -1, 55, 14, -1, 115, 79, -1, -1], [-1, 20, 1, -1, 44, -1, 80, -1, 21, 65, -1, -1], [42, 25, -1, 108, 19, -1, 46, -1, 92, -1, -1, -1], [-1, 82, -1, 57, 86, -1, 112, -1, 2, -1, -1, 101], [81, 99, 66, -1, -1, 77, 96, 104, -1, 102, -1, -1], [62, 120, 93, 52, 58, -1, -1, -1, 88, 33, -1, 40], [106, -1, 116, -1, -1, -1, -1, -1, 113, -1, 35, 45], [-1, 41, 26, 78, 4, -1, -1, -1, 30, -1, -1, 50], [97, -1, 5, 61, 53, -1, -1, 60, -1, 70, 54, 67], [-1, -1, -1, -1, -1, -1, -1, -1, 110, 15, -1, -1]], "target_index": 97, "target_rc": [8, 1], "target_value": 59, "confidence": 0.9202522949490598, "module_label": "M8"}