{"grid": [[-1, 68, 72, 28, -1, 22, 33, 119, -1, 47, -1, -1], [8, 30, 115, 84, 20, -1, -1, 45, -1, 54, 23, 78], [29, 9, 2, -1, -1, -1, 95, -1, 1, -1, -1, 61], [107, -1, 39, 42, -1, -1, -1, -1, -1, 25, -1, 83], [-1, 116, -1, -1, -1, 51, 58, 37, 38, -1, 106, 79], [-1, -1, 102, 92, 77, -1, -1, -1, -1, 69, 11, -1], [-1, -1, -1, -1, -1, -1, 117, 90, 43, -1, 60, -1], [4, -1, 66, 91, -1, -1, 108, 114, -1, 74, -1, -1], [48, 56, 64, -1, -1, 26, -1, -1, 31, 87, -1, 65], [-1, 120, -1, -1, -1, -1, -1, -1, -1, 49, 76, 17]], "target_index": 76, "target_rc": [6, 4], "target_value": 35, "confidence": 0.8173773344090981, "module_label": "A8"}