{"grid": [[35, 73, 91, -1, 110, -1, 78, -1, 11, -1, -1, -1], [114, -1, -1, 7, 64, 107, 95, -1, 31, -1, -1, -1], [-1, 48, 39, -1, 42, -1, 21, -1, 93, 41, 15, -1], [-1, 47, 76, 54, -1, 101, 61, -1, -1, -1, -1, 28], [-1, -1, 38, 115, 82, 86, -1, 70, -1, -1, 90, -1], [-1, -1, -1, 24, 104, -1, -1, -1, 81, 103, 87, -1], [19, -1, 74, 66, 22, -1, -1, 99, 50, -1, 80, 8], [102, 3, -1, 108, 63, -1, -1, 105, -1, -1, 120, -1], [117, -1, -1, -1, -1, -1, -1, 62, -1, 106, -1, -1], [30, 68, 36, -1, -1, -1, 26, -1, 85, 60, 89, -1]], "target_index": 14, "target_rc": [1, 2], "target_value": 4, "confidence": 0.911265827427281, "module_label": "M8"}