{"grid": [[-1, 116, -1, -1, 110, 92, -1, 35, 50, -1, 89, 108], [-1, 14, -1, -1, -1, 60, 111, 96, 106, 119, 53, -1], [-1, 5, 91, 76, -1, -1, -1, 118, -1, 37, -1, 55], [-1, 9, 90, 73, -1, -1, -1, 88, -1, -1, -1, 56], [57, 10, -1, 68, -1, -1, -1, 99, -1, -1, -1, -1], [-1, 2, 19, 46, -1, 44, 103, -1, 72, 67, -1, 77], [-1, 25, 64, -1, 49, 109, -1, -1, -1, 11, -1, 113], [-1, 28, 40, -1, 31, 75, -1, -1, 117, 1, -1, -1], [34, -1, -1, 36, -1, 94, -1, -1, -1, -1, 87, -1], [61, 86, -1, -1, 78, 70, 115, -1, 33, 93, -1, -1]], "target_index": 118, "target_rc": [9, 10], "target_value": 3, "confidence": 0.8743902886016822, "module_label": "A8"}