{"grid": [[78, 18, 90, -1, -1, -1, -1, -1, -1, 6, -1, -1], [5, 10, 44, 42, 54, -1, -1, 65, 12, -1, 75, 85], [63, -1, 31, 108, -1, -1, 50, -1, 82, -1, -1, 2], [-1, 55, 30, -1, 105, -1, 21, 101, -1, 114, 106, -1], [-1, -1, -1, 24, 27, 77, 34, -1, -1, -1, -1, 26], [70, -1, -1, 16, -1, 118, 94, 119, -1, 7, 64, -1], [-1, 46, -1, 74, 8, 113, 96, -1, 43, -1, -1, 99], [-1, -1, -1, -1, 120, -1, -1, -1, -1, -1, 103, -1], [56, -1, -1, -1, -1, 19, 83, 3, 11, 60, -1, 52], [-1, -1, 58, 110, 39, -1, 25, -1, 22, 14, -1, -1]], "target_index": 99, "target_rc": [8, 3], "target_value": 112, "confidence": 0.9131128629596099, "module_label": "A5"}