{"grid": [[45, 10, 102, 63, -1, 64, -1, 107, 58, -1, 20, 80], [-1, -1, 14, -1, -1, -1, 9, -1, 84, -1, 22, -1], [-1, 116, 91, -1, -1, -1, -1, -1, 19, 30, -1, -1], [98, -1, 106, -1, 119, 93, 16, -1, -1, -1, 89, -1], [39, 67, -1, 59, -1, -1, 83, 25, -1, -1, -1, 60], [95, 111, 17, 12, 76, -1, 88, -1, -1, 120, 61, 114], [-1, -1, -1, 50, 110, -1, 32, 94, 5, 53, -1, -1], [-1, -1, 26, 41, 104, -1, -1, -1, 74, -1, 92, 87], [27, 34, -1, -1, -1, 28, -1, -1, 117, -1, 2, -1], [-1, -1, -1, -1, 46, 11, 49, 82, 38, -1, -1, -1]], "target_index": 85, "target_rc": [7, 1], "target_value": 101, "confidence": 0.9143980620789347, "module_label": "M2"}