{"grid": [[9, 41, -1, -1, 89, -1, 82, 29, -1, -1, -1, 98], [-1, 83, -1, 1, 36, 88, 42, 71, 48, -1, -1, 11], [14, 85, -1, 67, 50, -1, 28, -1, 117, 109, 100, -1], [23, -1, 39, -1, -1, -1, -1, -1, 97, -1, 31, 45], [69, -1, -1, -1, -1, 111, -1, -1, 118, 95, -1, -1], [94, -1, 51, 12, -1, -1, 115, -1, 76, 116, 6, -1], [-1, -1, 25, 87, -1, -1, -1, 99, -1, -1, -1, -1], [-1, 35, -1, -1, -1, 93, 79, 86, -1, 30, -1, -1], [110, 40, -1, -1, 90, -1, 104, -1, 15, 66, -1, -1], [27, 106, -1, -1, 73, 78, 119, -1, 46, -1, 75, 102]], "target_index": 107, "target_rc": [8, 11], "target_value": 68, "confidence": 0.8690238391689197, "module_label": "A5"}