{"grid": [[-1, 77, 32, 51, -1, -1, -1, 113, -1, -1, -1, 50], [95, -1, -1, -1, -1, 98, -1, 107, 93, 80, -1, 111], [-1, 62, -1, -1, 87, -1, 104, 40, -1, 6, -1, -1], [-1, -1, 63, -1, -1, 117, 88, -1, 83, 48, -1, 108], [65, -1, -1, 78, -1, -1, 112, -1, 64, 58, 31, 70], [36, 16, -1, -1, -1, 47, 13, 55, 75, -1, 91, -1], [-1, 56, 67, -1, 22, -1, 57, 79, 81, 7, -1, 30], [-1, -1, 10, -1, 19, 27, 72, -1, -1, -1, -1, -1], [105, 25, -1, -1, 35, 85, -1, 9, -1, -1, -1, -1], [115, 21, 29, -1, 69, -1, -1, 46, 5, -1, -1, 101]], "target_index": 27, "target_rc": [2, 3], "target_value": 106, "confidence": 0.9657127465103773, "module_label": "A5"}