{"grid": [[114, -1, -1, -1, 31, -1, 3, 48, 101, -1, 23, 112], [2, 20, -1, -1, 58, 37, -1, -1, 73, -1, 46, -1], [-1, -1, -1, 105, 61, -1, 55, 32, 120, -1, 53, 102], [-1, -1, -1, -1, -1, 59, -1, 9, 49, 21, 111, -1], [-1, 69, 12, -1, 66, -1, -1, 81, 16, -1, 5, -1], [64, -1, 15, -1, 50, 95, 44, 86, -1, -1, -1, -1], [118, 76, -1, -1, -1, -1, -1, -1, -1, 57, -1, -1], [85, 79, -1, 11, 94, 106, 19, -1, 108, 119, 83, -1], [-1, -1, 75, -1, 80, 14, -1, 22, 88, -1, 104, 60], [25, 43, -1, -1, -1, 97, -1, 78, -1, -1, -1, -1]], "target_index": 116, "target_rc": [9, 8], "target_value": 92, "confidence": 0.8188010602146757, "module_label": "M2"}