{"grid": [[-1, -1, 106, 73, 19, 3, -1, -1, 26, 5, 84, -1], [97, 110, 79, 25, -1, -1, 93, 81, -1, 43, 77, 118], [-1, 94, 39, -1, 59, -1, 91, -1, 85, 83, 103, 68], [-1, -1, -1, 35, -1, -1, -1, -1, 120, 37, 70, -1], [-1, -1, -1, 29, 21, 111, -1, -1, 13, -1, 6, -1], [-1, -1, -1, 9, -1, 2, -1, -1, 48, 58, 41, 62], [90, -1, 36, -1, 42, -1, 78, 28, 27, -1, 67, 1], [-1, -1, 54, 74, -1, 102, -1, -1, -1, -1, -1, 57], [20, -1, -1, -1, -1, -1, -1, -1, -1, 45, -1, 95], [-1, 76, 47, -1, -1, 55, -1, -1, 24, 8, 40, -1]], "target_index": 60, "target_rc": [5, 0], "target_value": 72, "confidence": 0.9411049015267654, "module_label": "M2"}