{"grid": [[63, -1, -1, -1, -1, 105, -1, -1, 56, 58, 29, -1], [30, 9, 71, 37, 89, -1, -1, 110, -1, -1, 75, -1], [72, 111, -1, 10, 98, -1, 93, -1, -1, -1, -1, 85], [60, -1, 28, 55, 116, -1, 4, -1, -1, -1, 15, -1], [-1, -1, -1, -1, 23, 6, -1, 120, -1, -1, -1, 14], [-1, 76, 103, 90, 108, 57, 45, -1, -1, -1, 83, -1], [81, 78, 112, -1, 66, -1, -1, 68, 102, -1, -1, -1], [95, -1, -1, -1, -1, -1, 2, -1, 51, -1, 65, -1], [25, 33, -1, 84, 35, -1, 21, 22, 11, -1, 80, 36], [20, -1, -1, 39, 13, -1, -1, -1, 100, -1, 5, 38]], "target_index": 109, "target_rc": [9, 1], "target_value": 99, "confidence": 0.844483827688996, "module_label": "A5"}