{"grid": [[-1, 67, 81, 30, 106, 94, 27, -1, -1, 62, -1, 112], [-1, -1, 37, -1, -1, 3, 36, 39, 49, 80, 100, 59], [-1, 20, 58, 12, 98, 95, 1, -1, -1, -1, 83, -1], [44, 5, -1, 42, -1, 16, 68, -1, 65, -1, -1, 97], [-1, -1, 72, -1, -1, 4, -1, -1, -1, -1, -1, 105], [74, 60, -1, -1, -1, -1, 17, 101, -1, -1, -1, 90], [-1, -1, -1, 120, -1, 11, 87, -1, -1, -1, -1, 117], [19, 113, -1, 28, -1, -1, -1, 46, 92, 96, -1, 55], [-1, 24, -1, 109, 52, 2, 9, -1, 53, -1, -1, 64], [-1, -1, -1, 7, 18, 41, -1, -1, 29, -1, -1, -1]], "target_index": 48, "target_rc": [4, 0], "target_value": 15, "confidence": 0.9582838202991701, "module_label": "A8"}