{"grid": [[-1, 76, 56, -1, -1, -1, 74, -1, 85, 91, -1, 71], [-1, 97, 99, -1, 49, -1, 93, -1, -1, 25, -1, 81], [62, 38, -1, 78, -1, -1, 44, 6, -1, -1, -1, 95], [41, 40, -1, -1, -1, -1, 19, 42, 21, 11, 113, 1], [57, 80, -1, -1, 33, -1, 51, 64, -1, -1, -1, -1], [-1, 98, 14, -1, -1, 50, 105, 88, -1, -1, 54, 52], [101, 108, 116, 67, -1, 61, -1, -1, 22, 58, -1, -1], [-1, -1, 92, -1, -1, 75, 7, 109, 100, -1, 46, 35], [-1, 17, -1, -1, 2, 63, -1, -1, 24, -1, -1, -1], [59, 72, -1, -1, -1, -1, -1, -1, -1, 103, -1, 30]], "target_index": 56, "target_rc": [4, 8], "target_value": 89, "confidence": 0.9313280537963036, "module_label": "M8"}