{"grid": [[69, -1, 24, -1, 4, -1, 38, -1, -1, 1, -1, 62], [-1, 115, 25, -1, -1, 48, -1, 95, -1, 98, -1, -1], [-1, -1, -1, 108, 73, -1, -1, 21, 35, 5, -1, 119], [13, -1, -1, -1, -1, 60, -1, 12, -1, -1, 51, -1], [101, -1, -1, -1, -1, -1, 57, -1, 23, -1, -1, 110], [93, 87, -1, 83, -1, 15, 112, -1, 18, 19, 37, -1], [82, 100, -1, 58, 45, 41, 6, 2, 90, 106, 10, -1], [79, -1, 103, -1, 99, -1, 11, -1, -1, -1, 54, -1], [55, -1, 27, 88, 111, 47, -1, -1, 65, -1, 92, 80], [-1, 3, -1, -1, -1, 7, -1, -1, -1, 76, 102, -1]], "target_index": 34, "target_rc": [2, 10], "target_value": 8, "confidence": 0.8554595507165079, "module_label": "A5"}