{"grid": [[-1, -1, -1, 30, 83, 65, -1, -1, 16, -1, -1, 90], [46, -1, -1, -1, 109, 47, -1, 6, -1, 56, 25, -1], [69, 14, 50, -1, 35, 80, -1, -1, -1, -1, -1, 17], [57, -1, -1, -1, 20, 13, 66, -1, -1, -1, -1, -1], [-1, 79, -1, -1, -1, -1, 62, 45, -1, -1, -1, 64], [-1, -1, -1, -1, 73, 60, 113, -1, -1, 29, -1, -1], [33, -1, 44, 3, 86, 27, 49, 26, -1, -1, -1, -1], [-1, 38, 7, 115, -1, 2, 54, 104, 85, 88, 99, -1], [53, 101, 100, -1, 95, -1, 105, 43, -1, -1, 9, 102], [31, -1, 111, -1, 119, 11, 51, -1, -1, -1, 71, 37]], "target_index": 44, "target_rc": [3, 8], "target_value": 112, "confidence": 0.9371276218758853, "module_label": "M2"}