{"grid": [[-1, 65, 93, -1, 64, -1, 40, -1, -1, 86, -1, 63], [-1, 2, -1, 20, -1, -1, 96, 103, -1, 80, 19, 28], [83, -1, 66, 77, -1, -1, -1, 100, 114, -1, 10, 3], [-1, -1, -1, 42, 98, -1, -1, -1, 25, 54, -1, -1], [-1, -1, 17, -1, 101, 82, -1, 37, 74, -1, -1, 16], [-1, 69, -1, -1, -1, -1, 81, 43, -1, -1, 57, 61], [-1, 97, -1, -1, 41, -1, -1, -1, 6, 8, -1, 91], [72, -1, 31, -1, -1, 12, 105, -1, -1, -1, -1, 78], [55, 71, 111, 107, 49, -1, 60, 59, -1, 48, 9, -1], [-1, 88, 56, -1, -1, 62, 52, -1, 51, -1, 109, -1]], "target_index": 43, "target_rc": [3, 7], "target_value": 67, "confidence": 0.9522908106748892, "module_label": "M8"}