{"grid": [[25, -1, 79, -1, 111, -1, 23, -1, -1, 83, -1, -1], [-1, 97, 105, -1, -1, -1, 37, 67, -1, -1, 16, 91], [60, 7, 117, -1, -1, 75, -1, -1, 92, -1, -1, 42], [24, -1, 74, -1, 110, -1, -1, -1, -1, -1, 11, -1], [-1, -1, 28, -1, 27, 87, 65, -1, 26, 13, 90, 8], [29, 32, -1, -1, 2, -1, -1, -1, 68, -1, 56, -1], [89, 43, -1, -1, 81, -1, 31, -1, 100, 47, 3, -1], [-1, 1, -1, 20, 119, -1, -1, 53, 41, 64, 58, 49], [38, -1, -1, -1, -1, 54, -1, 40, -1, 36, 102, -1], [-1, 19, 101, -1, -1, 80, 34, -1, 88, 35, -1, -1]], "target_index": 47, "target_rc": [3, 11], "target_value": 116, "confidence": 0.9225678947354938, "module_label": "A8"}