{"grid": [[-1, -1, -1, -1, -1, 59, 6, 97, 61, -1, 35, 94], [-1, -1, 115, 119, -1, 106, -1, 109, 38, 80, -1, -1], [113, -1, -1, -1, -1, -1, 81, -1, 49, -1, 11, -1], [-1, -1, -1, 39, 21, 53, 69, 87, 85, -1, -1, 29], [92, 116, 17, 54, -1, 101, -1, -1, -1, 15, -1, -1], [28, 78, 102, -1, 33, -1, -1, -1, 110, 73, -1, 27], [9, -1, -1, 19, -1, 51, -1, 14, 43, 72, -1, -1], [112, 68, 88, -1, 42, -1, 48, -1, -1, -1, 64, -1], [-1, -1, 46, 98, -1, -1, -1, 10, -1, 79, 63, 16], [-1, -1, 36, -1, 13, -1, -1, -1, 55, 100, 96, 114]], "target_index": 59, "target_rc": [4, 11], "target_value": 34, "confidence": 0.8431470934605082, "module_label": "M8"}