{"grid": [[-1, -1, 101, 115, 72, 67, 30, -1, -1, -1, -1, -1], [71, 112, -1, -1, -1, -1, 74, 8, -1, -1, 24, -1], [-1, 26, -1, 64, -1, -1, 38, -1, 52, -1, -1, 21], [51, -1, -1, -1, -1, -1, 117, -1, 4, -1, -1, -1], [-1, 113, -1, 41, 49, 14, 39, 90, -1, -1, -1, -1], [63, -1, -1, 75, 88, 57, -1, -1, 70, 16, -1, 1], [-1, 109, 82, -1, 107, 96, -1, 44, -1, 15, 7, 83], [53, 50, 116, -1, -1, -1, 114, 94, -1, 35, 60, 80], [-1, 93, -1, -1, 5, 73, -1, -1, 92, -1, -1, -1], [97, 46, 23, -1, 108, -1, 54, -1, 78, 3, 32, 40]], "target_index": 17, "target_rc": [1, 5], "target_value": 28, "confidence": 0.9593917957873399, "module_label": "M2"}