{"grid": [[-1, -1, 45, 48, 73, -1, 10, -1, -1, -1, 89, -1], [94, -1, 100, -1, 17, -1, 28, -1, 30, 23, 116, -1], [-1, 42, -1, 117, 88, 112, -1, -1, 98, -1, 61, 84], [114, 49, 2, 14, 18, -1, -1, -1, 105, 77, 60, -1], [27, -1, 43, 16, 21, -1, 83, -1, 81, -1, -1, 109], [97, -1, -1, 64, 80, 119, 33, -1, -1, 38, -1, -1], [53, 8, 71, -1, 58, 70, 115, -1, -1, 4, -1, -1], [-1, -1, 15, -1, -1, 101, -1, -1, -1, -1, -1, -1], [-1, 107, 63, -1, -1, -1, -1, -1, 52, -1, 69, -1], [-1, 50, -1, 37, -1, 24, -1, 79, 96, -1, 35, 78]], "target_index": 49, "target_rc": [4, 1], "target_value": 90, "confidence": 0.8658799505219013, "module_label": "M2"}