{"grid": [[-1, -1, 109, 105, 25, -1, -1, 41, 38, -1, 51, 112], [18, 91, -1, 84, 110, 70, 83, 34, 19, -1, 48, -1], [-1, -1, -1, 50, -1, -1, -1, -1, -1, 29, -1, -1], [49, 66, 36, -1, 74, -1, 118, -1, -1, 87, -1, -1], [-1, 17, -1, 100, -1, 47, -1, -1, -1, 45, 8, 116], [6, 53, -1, 52, -1, -1, -1, -1, -1, -1, 96, 119], [14, 94, -1, -1, 81, 102, -1, -1, 80, -1, 3, -1], [-1, -1, 97, -1, -1, 39, 99, -1, -1, -1, 22, 72], [11, -1, 89, -1, -1, -1, -1, -1, -1, 108, 68, -1], [28, 71, 92, -1, 15, 77, 7, 31, 56, -1, 63, 20]], "target_index": 25, "target_rc": [2, 1], "target_value": 42, "confidence": 0.913191940429451, "module_label": "A5"}