{"grid": [[-1, 32, 20, 82, -1, -1, -1, 30, 98, 46, 95, -1], [33, -1, 81, 42, -1, -1, -1, -1, -1, -1, 73, -1], [92, -1, 50, -1, 53, -1, -1, 69, 2, 115, -1, -1], [-1, 79, -1, 56, 26, -1, -1, 8, 70, -1, 59, 31], [28, -1, -1, -1, -1, 93, 94, 101, -1, 103, -1, -1], [34, 77, 97, -1, -1, -1, -1, -1, -1, -1, 88, -1], [-1, 99, 106, 118, 68, -1, -1, 27, -1, 15, -1, 62], [74, 19, -1, 87, 51, 71, 35, -1, 11, -1, 4, 72], [14, 18, -1, -1, -1, 89, 5, -1, -1, -1, -1, -1], [-1, 22, -1, -1, 91, 49, -1, -1, 1, 44, 7, 17]], "target_index": 103, "target_rc": [8, 7], "target_value": 61, "confidence": 0.981670818608172, "module_label": "M8"}