{"grid": [[23, 105, 75, -1, -1, -1, -1, 50, -1, 17, 63, -1], [82, 85, -1, 67, 47, 117, 113, 36, 97, -1, -1, -1], [-1, 31, -1, 66, -1, -1, -1, 13, -1, 68, -1, -1], [-1, 81, 86, 107, 56, 93, 37, 41, 29, 26, 92, -1], [-1, 69, 16, -1, -1, -1, -1, 21, -1, -1, 10, -1], [-1, 7, -1, -1, 115, -1, -1, 57, -1, 8, 102, -1], [-1, 89, -1, 112, -1, -1, -1, -1, -1, -1, 103, 108], [65, -1, 24, 98, -1, -1, 27, -1, -1, -1, -1, 49], [-1, 59, 95, 74, -1, 100, 90, 111, -1, 76, -1, 84], [4, 34, -1, 48, -1, 52, -1, -1, 40, -1, 70, -1]], "target_index": 48, "target_rc": [4, 0], "target_value": 87, "confidence": 0.8924462467971234, "module_label": "M2"}