{"grid": [[-1, 77, 63, -1, -1, 44, 12, -1, 34, 101, 55, -1], [-1, -1, -1, -1, 65, -1, 56, 86, 119, 9, -1, -1], [-1, -1, -1, -1, 99, 115, -1, 78, 113, 27, -1, 93], [3, -1, -1, -1, 60, 103, -1, 30, -1, 52, -1, 59], [-1, -1, 110, 8, 89, -1, -1, 62, -1, 111, -1, 24], [-1, 75, -1, 82, 83, -1, 116, -1, -1, 71, 112, -1], [-1, -1, 70, -1, -1, 98, -1, -1, 23, -1, 33, 69], [-1, 79, 28, 43, 6, 88, -1, -1, -1, 22, 18, -1], [38, 108, -1, -1, -1, 35, -1, 95, -1, 41, 47, -1], [-1, -1, -1, 40, 102, 114, 96, -1, 5, 10, -1, -1]], "target_index": 108, "target_rc": [9, 0], "target_value": 54, "confidence": 0.83963919832316, "module_label": "M2"}