{"grid": [[-1, -1, -1, 81, -1, 23, -1, -1, -1, 38, -1, 48], [-1, 79, -1, -1, 7, -1, -1, 53, -1, 113, 71, -1], [105, -1, -1, 72, -1, 75, 37, 8, -1, 108, 36, 41], [86, -1, 12, 14, -1, -1, 119, -1, 24, 34, -1, 17], [60, -1, 98, -1, -1, 55, 43, -1, 107, 89, -1, 96], [-1, -1, 110, 83, -1, 4, 19, 77, -1, 115, -1, -1], [-1, -1, -1, -1, 82, 69, -1, -1, -1, -1, 50, 117], [84, -1, -1, 76, -1, -1, -1, 87, 62, 47, 32, 94], [59, -1, -1, -1, 97, 109, 54, 52, -1, -1, 2, 68], [73, 100, 101, -1, -1, -1, -1, -1, -1, 28, -1, 44]], "target_index": 32, "target_rc": [2, 8], "target_value": 16, "confidence": 0.9580989316916556, "module_label": "M8"}