{"grid": [[-1, 4, 111, -1, 50, -1, -1, 20, 90, -1, -1, 48], [-1, -1, 67, -1, -1, 106, 110, -1, -1, 83, -1, -1], [-1, -1, 39, 89, -1, 22, 112, -1, -1, 38, 74, 41], [-1, 44, 29, 115, 77, 32, -1, -1, 19, -1, 5, -1], [80, 120, 105, 21, -1, 52, -1, -1, 102, -1, -1, -1], [-1, 6, 51, -1, 37, 28, -1, 95, -1, 114, 8, -1], [108, -1, -1, 46, -1, -1, 54, -1, 92, 7, 11, -1], [-1, -1, -1, 33, -1, 25, -1, 76, 3, -1, -1, 79], [-1, 101, -1, 113, 43, -1, 69, 30, 27, -1, -1, -1], [117, 72, 88, 94, -1, -1, 119, -1, -1, -1, -1, 82]], "target_index": 9, "target_rc": [0, 9], "target_value": 18, "confidence": 0.8436551944680772, "module_label": "M2"}