{"grid": [[25, 85, -1, -1, -1, 3, 53, -1, -1, -1, 28, -1], [59, -1, -1, 96, -1, -1, -1, -1, -1, 74, -1, 71], [79, -1, 97, -1, -1, -1, 63, -1, -1, 103, 88, 1], [-1, 112, 120, -1, -1, 117, 17, -1, -1, -1, 52, -1], [27, 9, 87, -1, -1, -1, 91, 113, -1, -1, 50, 44], [-1, -1, 54, 36, 20, 4, 70, -1, 118, 66, -1, -1], [18, -1, 19, 98, 75, 16, 10, 33, 107, 94, 80, -1], [-1, 82, -1, 39, 2, 23, 69, 102, -1, 60, 72, -1], [6, -1, -1, -1, -1, -1, -1, -1, 15, -1, -1, -1], [78, -1, 12, -1, 115, 43, -1, 95, 51, -1, -1, -1]], "target_index": 3, "target_rc": [0, 3], "target_value": 47, "confidence": 0.9177783525650558, "module_label": "M2"}