{"grid": [[-1, -1, 13, 44, 97, -1, -1, 116, -1, 52, -1, -1], [91, -1, 96, 73, 88, 98, 74, -1, -1, -1, 26, 71], [-1, -1, 31, -1, -1, -1, -1, -1, -1, 106, -1, 11], [66, 33, -1, -1, 47, -1, 64, 3, -1, 90, 112, -1], [-1, -1, -1, -1, -1, 105, 55, -1, 70, -1, 10, 12], [119, -1, -1, -1, 21, -1, 27, -1, 43, -1, -1, -1], [62, 72, -1, -1, 63, 28, 59, 46, 20, 37, 32, 104], [39, -1, -1, 22, 53, 65, 103, 7, 8, -1, -1, 69], [35, -1, -1, 79, -1, 80, -1, 60, 120, -1, -1, 101], [-1, 54, -1, -1, -1, -1, 24, 51, -1, 67, -1, -1]], "target_index": 34, "target_rc": [2, 10], "target_value": 38, "confidence": 0.9126951850808491, "module_label": "A5"}