{"grid": [[-1, -1, 109, 50, 55, 104, -1, 30, -1, -1, 35, -1], [-1, 99, 80, -1, 84, 27, -1, 117, 120, 65, -1, -1], [-1, -1, -1, 54, 68, -1, 56, 2, 64, -1, 101, 114], [-1, -1, 102, 76, 113, -1, 3, 95, 73, -1, -1, -1], [-1, -1, -1, -1, -1, 11, 57, 110, 82, -1, 105, 93], [70, -1, -1, -1, 22, -1, 86, -1, 8, 38, 28, 12], [74, 63, -1, -1, 79, 89, 31, -1, -1, 59, -1, -1], [-1, -1, 83, -1, -1, 87, 15, -1, -1, 103, 20, -1], [53, -1, 42, 26, 115, -1, 71, -1, 52, -1, -1, -1], [-1, -1, -1, 45, 108, -1, 9, -1, -1, -1, -1, 75]], "target_index": 52, "target_rc": [4, 4], "target_value": 19, "confidence": 0.9301397028290401, "module_label": "A8"}