{"grid": [[50, -1, 92, -1, -1, 36, -1, 85, -1, 16, -1, -1], [5, 86, 114, -1, 26, 110, -1, 116, -1, 14, 19, -1], [-1, 47, 21, -1, -1, 15, -1, 119, -1, -1, -1, -1], [34, 111, -1, -1, -1, -1, -1, -1, 96, 94, 53, 109], [9, -1, -1, -1, 43, -1, 41, -1, 6, -1, 102, -1], [-1, 31, -1, -1, -1, -1, -1, 93, -1, -1, -1, 91], [4, 99, 76, 74, 81, -1, -1, 65, 46, -1, -1, 51], [90, 33, -1, -1, 42, 13, 7, -1, -1, 98, 60, 10], [-1, -1, 61, 1, -1, 30, -1, -1, -1, 72, 82, 113], [-1, -1, 59, 70, 24, -1, 105, 18, -1, 78, -1, 48]], "target_index": 15, "target_rc": [1, 3], "target_value": 66, "confidence": 0.988440037305069, "module_label": "M8"}