{"grid": [[-1, 55, -1, -1, 36, -1, -1, -1, -1, -1, -1, -1], [74, 19, 78, 2, -1, -1, -1, 10, 115, -1, -1, -1], [79, -1, 105, 41, -1, -1, 67, 16, 40, 27, -1, 50], [34, -1, 84, 56, -1, -1, -1, 58, -1, -1, 88, -1], [99, -1, -1, 64, 97, 98, 4, -1, -1, 45, 32, -1], [9, 38, 13, 31, -1, 107, -1, 24, -1, -1, 77, 53], [103, -1, -1, -1, 69, -1, -1, 114, 66, -1, -1, -1], [63, -1, -1, -1, -1, 91, -1, -1, -1, 80, -1, 62], [-1, -1, 112, -1, -1, 21, 11, -1, 39, 102, -1, 116], [104, 101, 46, 43, 75, 100, -1, -1, 17, 73, 110, 57]], "target_index": 66, "target_rc": [5, 6], "target_value": 29, "confidence": 0.8809263796237298, "module_label": "A5"}