{"grid": [[-1, 109, -1, -1, 5, 66, 90, -1, -1, 84, 22, -1], [97, 71, -1, 91, 38, 74, -1, 72, -1, 56, -1, 17], [-1, -1, -1, -1, -1, -1, -1, 34, -1, -1, 116, 20], [13, -1, 76, -1, 58, -1, -1, 7, 77, -1, -1, 70], [21, 43, -1, -1, -1, -1, 19, 41, -1, 32, 89, -1], [107, -1, -1, -1, 99, 112, -1, 106, -1, -1, 104, 4], [-1, -1, 37, 81, -1, 93, -1, -1, 85, 39, 60, 80], [-1, 49, 15, -1, 73, 2, -1, 50, -1, -1, -1, -1], [120, 68, -1, 8, -1, -1, -1, 64, -1, 47, -1, 53], [63, 110, -1, 105, 108, 101, -1, -1, 65, 82, -1, -1]], "target_index": 0, "target_rc": [0, 0], "target_value": 115, "confidence": 0.8604086923834571, "module_label": "A5"}