{"grid": [[-1, 75, 47, 42, -1, 17, 73, 5, -1, -1, -1, -1], [106, 36, 6, 120, 71, -1, -1, 32, -1, 85, 39, 101], [-1, -1, -1, -1, -1, 70, 43, 4, -1, -1, 37, -1], [1, 9, 108, -1, -1, 12, 87, -1, 52, -1, 83, -1], [-1, -1, 104, -1, 110, -1, -1, 21, -1, -1, 98, -1], [46, -1, -1, -1, -1, -1, 114, -1, 118, 88, -1, -1], [-1, -1, 109, -1, 56, -1, 19, -1, -1, -1, 117, 89], [53, -1, -1, 93, -1, 31, 92, 27, -1, 14, 82, -1], [54, -1, -1, -1, 41, 30, 29, -1, 20, 95, -1, 57], [116, -1, 60, 25, -1, -1, -1, -1, 100, 115, 107, 84]], "target_index": 73, "target_rc": [6, 1], "target_value": 111, "confidence": 0.9883777672730243, "module_label": "M8"}