{"grid": [[-1, 44, -1, 118, -1, -1, 55, 70, 98, 82, 36, -1], [29, 1, -1, -1, -1, -1, 95, -1, 23, -1, -1, -1], [27, -1, 91, 97, 30, -1, -1, 62, 88, -1, 56, -1], [-1, 15, -1, -1, -1, 106, -1, 18, -1, 67, -1, 87], [21, -1, -1, -1, 26, 81, -1, 6, 4, -1, -1, 14], [-1, -1, 28, 78, -1, -1, 7, 5, 42, -1, 54, 80], [-1, 45, 3, -1, 94, -1, -1, 13, 75, -1, -1, 100], [33, 71, -1, 32, -1, 103, 107, 108, -1, 72, 57, -1], [2, -1, 49, 60, -1, -1, 68, -1, -1, -1, 19, -1], [-1, 89, -1, -1, 25, -1, 38, -1, -1, -1, 85, 112]], "target_index": 29, "target_rc": [2, 5], "target_value": 110, "confidence": 0.8555557236350528, "module_label": "A5"}