{"grid": [[23, 59, -1, -1, -1, 112, -1, -1, 67, -1, 62, -1], [-1, -1, -1, -1, 91, -1, -1, 93, 117, -1, 20, 39], [41, 75, -1, -1, -1, 116, -1, 26, -1, -1, -1, -1], [-1, -1, -1, 54, 60, 6, 100, -1, -1, 72, -1, 25], [-1, 29, 114, 47, -1, -1, -1, 86, 113, 87, 106, 21], [80, 37, 55, -1, -1, 76, 35, -1, -1, 119, 22, -1], [-1, -1, -1, 30, -1, -1, -1, -1, 17, 2, -1, 82], [110, 3, 49, 70, 12, -1, 45, 51, 19, -1, 115, 56], [-1, 40, 7, -1, 84, -1, -1, -1, 85, -1, -1, 98], [-1, 58, -1, -1, 42, -1, -1, 24, 38, 57, -1, 96]], "target_index": 11, "target_rc": [0, 11], "target_value": 64, "confidence": 0.8240342233716725, "module_label": "A5"}