{"grid": [[-1, 14, -1, 118, -1, 93, -1, 78, 109, 27, -1, -1], [42, -1, -1, -1, -1, 71, 80, 120, -1, 40, 115, -1], [-1, -1, 106, -1, 51, -1, 61, -1, 13, 34, 8, 55], [41, -1, 72, 81, -1, -1, 45, -1, 68, -1, -1, 99], [32, 85, -1, 1, -1, 17, 107, -1, -1, -1, -1, 22], [101, -1, -1, -1, -1, -1, 16, 74, -1, -1, 73, -1], [-1, 90, -1, 58, -1, -1, 100, -1, -1, 112, 54, 70], [89, -1, 18, -1, 69, -1, 49, 19, -1, 7, 50, -1], [-1, -1, -1, 12, -1, -1, 10, -1, 97, 63, 104, -1], [-1, 20, -1, 62, 75, 52, -1, 77, -1, 98, 96, -1]], "target_index": 72, "target_rc": [6, 0], "target_value": 5, "confidence": 0.9152374803247013, "module_label": "M2"}