{"grid": [[11, 81, 94, 58, 37, -1, -1, 41, 71, 105, 96, -1], [91, -1, -1, 65, 25, -1, -1, 119, 114, -1, 84, 102], [56, -1, 60, -1, 117, 67, -1, 44, -1, 16, 83, -1], [24, -1, -1, -1, -1, -1, 64, 118, 106, -1, 80, -1], [-1, -1, 98, -1, 50, 30, 43, 69, -1, 104, 68, -1], [-1, 62, -1, 113, -1, -1, 10, -1, 27, -1, -1, -1], [-1, -1, -1, 109, 77, -1, -1, -1, 40, 95, 51, 34], [-1, 99, -1, 53, -1, 79, -1, 47, -1, -1, -1, 85], [-1, 89, -1, 5, -1, -1, -1, -1, -1, -1, -1, 90], [63, -1, 49, 38, -1, 1, 28, -1, 103, -1, 19, -1]], "target_index": 86, "target_rc": [7, 2], "target_value": 46, "confidence": 0.9983679728348801, "module_label": "A5"}