{"grid": [[34, -1, 88, 57, 64, 73, -1, 48, 100, -1, -1, 54], [89, 93, 30, -1, 1, -1, -1, -1, -1, 80, 2, 53], [-1, 92, -1, -1, -1, -1, 103, -1, -1, 116, -1, -1], [-1, 71, -1, 76, 28, -1, 18, 94, -1, -1, 79, 81], [-1, -1, 16, 4, -1, 111, -1, 96, -1, -1, 13, 86], [102, -1, 114, -1, -1, -1, 26, 24, -1, -1, -1, -1], [46, 59, -1, -1, -1, -1, -1, -1, 110, 56, 104, -1], [-1, -1, 31, 115, -1, 33, -1, -1, -1, -1, 68, -1], [62, -1, 106, 14, 5, -1, 23, -1, 17, 52, 72, 118], [-1, -1, 113, 25, 39, 105, -1, -1, 9, 51, 75, -1]], "target_index": 83, "target_rc": [6, 11], "target_value": 38, "confidence": 0.8472437955431431, "module_label": "M2"}