{"grid": [[-1, -1, -1, -1, -1, 44, 81, 55, 5, 2, 113, 20], [-1, 12, -1, -1, -1, -1, 21, -1, 114, -1, -1, 65], [77, 3, -1, -1, 110, -1, 106, -1, 78, 120, -1, 41], [47, -1, -1, -1, 67, -1, -1, -1, 48, -1, 79, 17], [-1, 119, 16, 22, -1, -1, 85, -1, 30, 118, -1, 98], [35, 15, 40, -1, -1, 54, 82, 29, -1, -1, 38, 61], [94, 24, -1, -1, 72, 80, -1, 36, -1, 111, -1, -1], [-1, -1, 84, 45, 68, 9, -1, 103, -1, -1, 60, -1], [14, -1, -1, 91, 69, 50, -1, -1, 109, -1, -1, -1], [-1, -1, 25, -1, 92, 95, -1, -1, 100, -1, 102, -1]], "target_index": 64, "target_rc": [5, 4], "target_value": 76, "confidence": 0.884563794084517, "module_label": "M8"}