{"grid": [[-1, 52, -1, -1, 58, 44, -1, -1, -1, 117, 20, -1], [-1, 66, 86, 110, -1, -1, -1, -1, 120, 111, -1, 14], [-1, -1, 67, -1, 22, 25, 3, 51, -1, 49, 43, -1], [89, -1, 70, -1, 79, 56, 83, 42, -1, 104, -1, -1], [-1, 46, 78, 28, -1, 2, 94, 54, -1, 72, 69, 5], [-1, 106, -1, -1, -1, -1, 112, 38, -1, 34, 116, -1], [40, 109, -1, -1, 71, 50, -1, 61, 95, 82, -1, -1], [-1, -1, -1, -1, 53, -1, 55, -1, 11, -1, 77, 85], [-1, 33, 60, -1, -1, 57, -1, -1, -1, -1, 88, -1], [118, -1, -1, 6, -1, 18, -1, 27, -1, 74, -1, -1]], "target_index": 118, "target_rc": [9, 10], "target_value": 16, "confidence": 0.8720975561132591, "module_label": "A5"}