{"grid": [[-1, -1, -1, -1, -1, -1, 57, 49, 2, -1, 58, 18], [-1, -1, 77, -1, 51, 28, 91, 17, 87, 61, -1, -1], [84, 14, 26, -1, -1, -1, -1, 27, 40, 113, -1, 112], [-1, 71, 119, -1, 106, 107, 64, 73, 120, 22, 103, -1], [-1, -1, -1, 68, -1, 102, -1, 12, -1, 89, 48, -1], [-1, -1, -1, -1, 118, 66, 21, 31, 29, -1, 72, 3], [-1, 86, 67, -1, -1, -1, -1, 110, 52, 50, 33, -1], [-1, -1, -1, -1, -1, -1, 55, -1, -1, 19, 4, 15], [-1, -1, -1, -1, 88, -1, -1, -1, -1, 85, -1, 69], [100, 1, 79, 44, -1, -1, 75, 37, 8, -1, -1, -1]], "target_index": 89, "target_rc": [7, 5], "target_value": 90, "confidence": 0.8800987852940826, "module_label": "A5"}