{"grid": [[11, -1, -1, 65, 42, -1, 50, -1, -1, 119, 62, 75], [-1, -1, -1, -1, 23, 41, -1, -1, 84, 9, -1, -1], [-1, -1, 59, 80, 14, 114, 95, 35, -1, -1, -1, 69], [-1, 109, -1, -1, 91, -1, -1, -1, 74, -1, 7, 93], [-1, -1, -1, -1, -1, 60, 97, 71, -1, -1, 120, -1], [72, 10, 98, 49, -1, 96, -1, -1, 63, 117, 47, 55], [5, 58, 20, -1, -1, 17, -1, -1, -1, -1, 89, -1], [92, 111, 116, -1, 102, 30, 1, 53, -1, -1, 83, 21], [-1, -1, -1, 106, 108, -1, -1, -1, 105, 68, -1, -1], [-1, 81, 32, 12, -1, -1, -1, -1, -1, 43, 66, 78]], "target_index": 92, "target_rc": [7, 8], "target_value": 24, "confidence": 0.9398968817011435, "module_label": "M8"}