{"grid": [[72, -1, 118, -1, -1, -1, 48, -1, 108, 105, -1, -1], [39, 58, -1, 87, -1, 84, 96, -1, -1, -1, 12, 43], [104, 14, 56, -1, -1, -1, 112, -1, 47, 100, -1, -1], [-1, 63, 73, -1, 52, 37, -1, 8, 50, -1, -1, -1], [17, -1, -1, 2, -1, 10, 16, -1, 64, -1, 83, -1], [94, -1, 35, -1, -1, -1, -1, -1, -1, 75, 32, 29], [107, 7, -1, -1, -1, -1, -1, -1, 113, 101, 61, -1], [-1, -1, -1, 103, 53, -1, 45, 70, 21, -1, 106, 62], [-1, -1, -1, -1, -1, 68, 55, -1, 36, 77, 74, 85], [-1, 3, 97, -1, 11, -1, -1, 88, 57, 95, -1, 71]], "target_index": 108, "target_rc": [9, 0], "target_value": 6, "confidence": 0.8102948941868294, "module_label": "M2"}