{"grid": [[101, 77, -1, -1, -1, -1, 118, -1, -1, 46, -1, 48], [20, -1, 1, -1, -1, 115, 99, 67, 66, 4, -1, 86], [71, 102, 92, -1, -1, -1, -1, 15, 62, 113, 9, -1], [39, 41, -1, -1, -1, -1, -1, -1, 47, 110, -1, 36], [-1, -1, 35, 42, 98, 61, -1, -1, 90, -1, -1, -1], [-1, 51, 78, 31, 34, -1, 69, -1, -1, 12, 73, 95], [-1, 81, -1, -1, 114, 16, -1, 107, -1, 43, -1, -1], [-1, -1, -1, -1, 44, 29, -1, -1, 10, 84, -1, 24], [93, -1, 8, -1, -1, -1, -1, 105, -1, 54, 27, 28], [22, -1, 50, -1, -1, 79, 94, 112, -1, 7, -1, -1]], "target_index": 57, "target_rc": [4, 9], "target_value": 38, "confidence": 0.9134612930372912, "module_label": "A8"}