{"grid": [[-1, -1, 98, -1, 3, 86, 92, 84, 99, 36, 31, -1], [-1, -1, -1, -1, -1, -1, -1, 20, 5, -1, 80, -1], [-1, 113, 79, -1, 38, 48, 63, 54, 96, 52, -1, -1], [110, 87, -1, -1, -1, 95, -1, -1, 23, -1, 28, -1], [12, -1, -1, 89, -1, -1, -1, -1, -1, -1, 55, -1], [109, -1, -1, 77, 34, -1, 70, 49, -1, -1, 64, -1], [-1, 91, 40, -1, 32, 75, -1, -1, -1, -1, -1, -1], [-1, 56, -1, 11, -1, -1, -1, -1, 81, 71, 90, 78], [-1, 51, -1, 60, 17, -1, 26, -1, 68, 66, 8, 93], [-1, 50, -1, 41, 18, 74, 4, -1, 76, 53, 104, 7]], "target_index": 96, "target_rc": [8, 0], "target_value": 101, "confidence": 0.9357791772238582, "module_label": "M8"}