{"grid": [[-1, 42, -1, 112, 111, -1, -1, 93, 8, 49, 26, 40], [-1, 60, 69, -1, -1, 18, -1, -1, 14, -1, -1, 83], [-1, 53, -1, -1, 77, -1, -1, 61, -1, -1, 1, 20], [-1, -1, 22, 27, 13, -1, -1, 116, 64, -1, -1, -1], [-1, 120, 25, 106, -1, -1, -1, 91, -1, 82, 56, -1], [-1, 55, -1, -1, -1, 108, -1, 73, 117, -1, -1, -1], [107, -1, 6, -1, -1, 21, 45, -1, -1, 100, 50, -1], [-1, -1, 70, 47, 96, 105, 118, -1, -1, -1, 87, 101], [-1, 109, -1, 67, 39, -1, 2, 11, 75, -1, 29, 119], [-1, -1, 31, -1, -1, -1, 79, 68, 113, 19, 32, -1]], "target_index": 75, "target_rc": [6, 3], "target_value": 80, "confidence": 0.9295066016798677, "module_label": "A5"}