{"grid": [[100, -1, 78, 98, -1, -1, 54, 49, 109, 61, 13, -1], [-1, 72, 7, -1, 57, 47, 90, 55, -1, -1, 29, -1], [-1, -1, -1, -1, -1, 17, 38, -1, 53, -1, -1, 102], [4, -1, 26, -1, 79, -1, 18, 103, 45, -1, 2, -1], [62, 101, -1, 119, 48, -1, -1, 39, 92, -1, -1, -1], [88, -1, 116, -1, -1, -1, 20, 76, 34, -1, -1, 59], [75, -1, 113, -1, -1, -1, 9, -1, -1, 108, -1, 23], [69, -1, -1, 25, -1, -1, -1, -1, -1, 58, 1, -1], [-1, 52, 114, 107, 28, 96, -1, -1, 10, 106, -1, 93], [-1, -1, -1, -1, 81, 63, 118, 5, -1, 97, -1, -1]], "target_index": 58, "target_rc": [4, 10], "target_value": 40, "confidence": 0.9642802910522248, "module_label": "A8"}