{"grid": [[34, 72, 58, -1, 101, 110, 39, -1, 52, -1, -1, 118], [74, 89, -1, -1, 80, -1, 11, 105, 116, -1, 33, 114], [43, 2, 85, -1, -1, 42, -1, 96, 87, -1, -1, 21], [59, 29, -1, -1, 23, 69, -1, -1, 3, -1, 31, -1], [98, 76, -1, -1, -1, -1, -1, 12, 50, 100, -1, 88], [-1, 113, 102, -1, -1, 47, -1, -1, 64, 7, 104, -1], [119, 6, 18, -1, -1, -1, -1, -1, -1, -1, -1, 71], [-1, -1, -1, 68, -1, 84, -1, 13, 30, 107, 81, -1], [-1, 4, -1, 92, -1, -1, -1, -1, 75, 91, 37, -1], [-1, -1, -1, 103, 35, -1, -1, 38, -1, 86, -1, -1]], "target_index": 50, "target_rc": [4, 2], "target_value": 67, "confidence": 0.9542121371981739, "module_label": "A8"}