{"grid": [[-1, 107, -1, -1, 41, -1, -1, -1, -1, -1, -1, 92], [-1, -1, -1, -1, 116, 31, -1, 119, 82, -1, -1, -1], [-1, -1, 79, -1, -1, -1, 5, 84, -1, 95, -1, -1], [27, 21, 88, 62, 78, -1, 75, -1, -1, 24, 37, -1], [-1, 30, 93, 94, 32, 45, -1, 61, -1, -1, 68, 114], [-1, -1, 104, -1, 12, -1, -1, -1, 70, 97, -1, -1], [47, 60, 110, -1, 117, 43, -1, -1, 77, 120, 59, 69], [-1, 57, -1, -1, -1, 29, 35, -1, -1, -1, -1, 23], [86, 71, 109, 113, 98, 73, -1, -1, -1, 99, -1, 108], [13, 7, 19, 28, -1, 38, 64, 58, -1, 4, -1, -1]], "target_index": 78, "target_rc": [6, 6], "target_value": 80, "confidence": 0.8253801376899725, "module_label": "M8"}