{"grid": [[-1, 89, 96, 65, -1, -1, -1, -1, -1, 54, 48, 40], [34, -1, 80, -1, -1, 95, -1, -1, 26, -1, -1, 38], [108, 93, 88, 55, 45, -1, -1, -1, -1, 52, 112, 69], [-1, -1, 33, 57, 106, 118, -1, 2, -1, 8, -1, -1], [116, -1, -1, 13, -1, 62, 4, 43, 56, -1, 68, 75], [-1, -1, 115, 84, 98, -1, -1, 15, 100, -1, -1, -1], [1, -1, 85, -1, 49, 3, -1, -1, 71, -1, 21, -1], [-1, 20, 11, 60, 28, 9, 25, -1, -1, 36, -1, -1], [42, 14, -1, 73, 119, -1, -1, -1, 58, -1, -1, -1], [-1, 94, -1, -1, 120, -1, 113, -1, 74, -1, -1, -1]], "target_index": 83, "target_rc": [6, 11], "target_value": 6, "confidence": 0.8929799947425592, "module_label": "M2"}