{"grid": [[35, 55, 25, 12, 14, 27, 74, -1, 99, 3, 19, 42], [75, 81, -1, -1, 117, 49, -1, -1, -1, 46, 11, -1], [-1, -1, 79, -1, -1, -1, 47, 90, 51, 111, 100, -1], [-1, -1, -1, 89, -1, -1, -1, -1, -1, -1, 31, 5], [33, 58, -1, 102, 36, 34, -1, -1, -1, -1, -1, 64], [-1, 4, -1, 24, 98, 104, -1, 23, 20, 110, -1, -1], [-1, -1, -1, -1, -1, 67, -1, -1, -1, -1, 69, 21], [-1, 119, -1, -1, 73, 68, -1, -1, -1, 63, 95, 53], [-1, -1, 26, 62, 22, -1, 93, -1, 78, 2, -1, -1], [96, -1, -1, -1, 88, -1, 107, -1, -1, 13, 114, 70]], "target_index": 103, "target_rc": [8, 7], "target_value": 77, "confidence": 0.8341337206498458, "module_label": "A8"}