{"grid": [[100, -1, -1, -1, -1, -1, -1, 90, -1, 1, -1, 84], [114, -1, -1, -1, 99, 48, -1, 29, 6, -1, 25, -1], [-1, 106, 118, -1, -1, 30, -1, 14, -1, 70, 2, -1], [53, -1, -1, 34, -1, 116, 20, -1, -1, 15, 27, -1], [85, -1, 18, -1, 117, 72, 22, -1, 60, 19, -1, 59], [-1, 104, 40, -1, -1, -1, -1, 12, 49, 28, -1, 113], [105, -1, -1, 82, 44, 66, 7, 107, -1, -1, -1, -1], [-1, -1, 71, -1, 13, 68, 78, -1, 63, -1, 51, -1], [26, -1, -1, -1, 69, -1, -1, -1, -1, 36, -1, 37], [87, -1, 86, 9, -1, 54, 108, -1, -1, 42, 38, 45]], "target_index": 2, "target_rc": [0, 2], "target_value": 56, "confidence": 0.8177573183436789, "module_label": "A5"}