{"grid": [[54, 96, 26, 40, -1, -1, 109, 15, 50, 13, 105, -1], [-1, 80, 75, -1, 12, -1, 9, 28, -1, 112, -1, -1], [64, 29, 70, -1, -1, -1, -1, -1, 27, -1, -1, -1], [-1, -1, -1, 82, 24, 61, 55, 22, 111, 36, 59, -1], [-1, -1, 19, -1, 41, -1, -1, 71, 92, -1, -1, 5], [-1, 56, -1, -1, 107, 32, 30, 106, 102, -1, -1, 84], [-1, -1, -1, -1, 51, -1, -1, -1, 18, -1, 115, -1], [-1, -1, -1, 16, -1, -1, 81, 11, 78, 94, 116, 67], [-1, 100, 119, 108, -1, 104, -1, 72, 97, 85, -1, -1], [14, -1, -1, -1, -1, -1, -1, 42, 69, -1, 1, -1]], "target_index": 11, "target_rc": [0, 11], "target_value": 39, "confidence": 0.8579853554474169, "module_label": "M8"}