{"grid": [[-1, 108, -1, 114, -1, 83, -1, 100, 86, 120, 26, 41], [-1, 45, 106, 59, 101, -1, -1, -1, 110, -1, -1, 64], [-1, -1, -1, -1, -1, 11, -1, 47, 27, -1, -1, -1], [79, -1, -1, 117, 94, -1, -1, 57, 115, -1, -1, 63], [40, 6, -1, 103, 48, -1, 95, 90, 84, -1, 109, 10], [49, -1, 76, -1, 23, -1, 43, 66, -1, -1, -1, 30], [54, -1, -1, 75, -1, -1, -1, -1, -1, -1, -1, -1], [116, 70, -1, 13, 53, 82, 69, 61, -1, 72, 16, -1], [97, -1, 58, 25, -1, -1, 68, 77, -1, -1, -1, -1], [22, 39, 55, -1, 119, -1, 87, -1, -1, -1, -1, 24]], "target_index": 80, "target_rc": [6, 8], "target_value": 33, "confidence": 0.8722912394959395, "module_label": "M2"}