{"grid": [[-1, -1, -1, -1, -1, -1, -1, 1, 67, 88, 39, -1], [103, 92, 23, 100, 55, 108, 27, -1, 9, -1, -1, -1], [-1, 33, -1, 37, -1, 79, -1, -1, -1, 34, 57, -1], [-1, -1, -1, -1, -1, -1, 76, 50, 110, -1, 18, -1], [13, 71, -1, -1, -1, 85, -1, 14, 59, 15, -1, 53], [-1, 48, 44, 8, -1, 78, -1, 107, 84, 109, 58, -1], [-1, -1, 46, -1, 63, 51, 89, -1, 99, -1, -1, -1], [65, -1, 26, 45, 115, -1, -1, 86, -1, 91, -1, -1], [20, -1, 12, -1, 87, 116, 7, 16, -1, 5, -1, 72], [-1, -1, -1, 95, 81, -1, -1, 4, -1, 24, -1, 104]], "target_index": 85, "target_rc": [7, 1], "target_value": 101, "confidence": 0.9409810314358188, "module_label": "M2"}