{"grid": [[-1, -1, 9, -1, -1, 95, 106, -1, -1, 65, 40, 58], [-1, 59, 104, 102, -1, -1, -1, -1, 10, 36, -1, 107], [54, 50, 39, -1, 15, -1, -1, 117, 67, -1, 14, -1], [109, 46, -1, 86, -1, -1, 57, 8, -1, -1, -1, 22], [-1, 74, 72, -1, -1, 63, 51, 76, -1, 12, 26, -1], [48, -1, 43, 83, -1, -1, -1, -1, 88, 33, -1, 45], [-1, 17, -1, 93, 94, 90, -1, -1, 99, -1, -1, 29], [-1, -1, -1, -1, 79, -1, 27, 13, -1, 34, -1, -1], [81, -1, -1, 120, 69, 28, -1, -1, 61, 6, 32, -1], [85, -1, -1, -1, -1, 112, -1, 110, -1, 100, -1, 52]], "target_index": 107, "target_rc": [8, 11], "target_value": 4, "confidence": 0.8236087520362289, "module_label": "M2"}