{"grid": [[37, 97, -1, 91, -1, -1, -1, 105, 116, 103, -1, -1], [76, -1, 104, 23, -1, 79, -1, 61, -1, 40, -1, -1], [1, -1, 115, -1, 75, 77, 5, 47, -1, -1, 4, -1], [-1, -1, -1, 84, 74, -1, -1, 29, -1, 70, 53, -1], [-1, 52, -1, 18, -1, 66, 113, -1, -1, -1, 25, 19], [-1, -1, 48, 56, 24, 42, -1, 21, -1, 83, -1, 6], [-1, 88, 17, 119, -1, -1, -1, -1, 86, -1, -1, 60], [87, 93, -1, -1, 64, 27, -1, -1, -1, 38, -1, -1], [92, 62, 35, 14, 98, -1, 28, 96, -1, 59, 34, -1], [7, 106, 20, -1, -1, -1, 12, -1, -1, -1, -1, -1]], "target_index": 44, "target_rc": [3, 8], "target_value": 26, "confidence": 0.8146567791384759, "module_label": "A5"}