{"grid": [[-1, 41, -1, -1, -1, 109, -1, 100, 56, 68, 12, 92], [-1, -1, 35, -1, -1, 117, -1, 1, 61, 66, 51, -1], [-1, 59, 84, -1, -1, 33, -1, -1, -1, -1, -1, -1], [-1, 115, 105, 14, -1, 5, -1, 79, -1, -1, -1, -1], [-1, -1, -1, -1, -1, -1, -1, -1, 114, -1, -1, 9], [53, -1, -1, 89, -1, -1, 36, -1, 26, -1, 58, 111], [-1, -1, -1, 63, 83, 94, 78, 30, 72, -1, 90, -1], [6, 118, 73, 119, 77, -1, 23, -1, 120, 110, -1, 39], [67, -1, 96, -1, 69, -1, 13, 113, 28, 62, -1, 25], [-1, 107, 60, -1, -1, -1, 70, 82, -1, 3, 93, 40]], "target_index": 116, "target_rc": [9, 8], "target_value": 38, "confidence": 0.8626817076586679, "module_label": "M2"}