{"grid": [[-1, -1, 37, -1, 98, -1, 70, -1, 107, -1, 120, -1], [48, -1, 90, -1, -1, 15, -1, 27, 12, 75, 62, 26], [-1, 13, -1, 45, 39, -1, 56, -1, -1, 43, -1, -1], [-1, -1, -1, -1, 22, 104, 73, -1, 114, -1, -1, 7], [-1, -1, 14, 115, -1, 76, -1, -1, -1, 10, 8, 101], [-1, -1, 58, -1, -1, 34, 52, 46, -1, -1, -1, 51], [92, -1, -1, -1, 21, 99, 83, -1, 60, 9, -1, 77], [-1, 109, 95, -1, 78, -1, 32, -1, 71, 112, 91, 100], [-1, -1, -1, -1, 44, -1, 66, -1, -1, 108, -1, -1], [-1, 102, 54, 85, -1, 82, 29, 17, 50, 64, -1, -1]], "target_index": 35, "target_rc": [2, 11], "target_value": 69, "confidence": 0.9943710811799449, "module_label": "M8"}