{"grid": [[-1, 50, 81, 29, 94, 116, 43, -1, 15, 98, 6, 48], [75, 83, 79, -1, -1, 45, -1, 102, -1, -1, -1, -1], [-1, 82, 68, -1, -1, -1, -1, 74, -1, 105, 46, -1], [72, 93, -1, 89, -1, -1, 4, -1, -1, -1, 120, -1], [-1, 107, 25, 99, -1, 20, 47, -1, 108, 30, 2, 76], [-1, 114, 111, -1, -1, -1, 28, -1, -1, -1, 53, -1], [52, 78, -1, -1, 44, -1, -1, -1, -1, -1, -1, -1], [-1, -1, 58, -1, -1, -1, 104, -1, -1, 38, 57, -1], [22, -1, -1, -1, 85, 41, -1, 59, 69, -1, -1, -1], [66, 33, 49, 62, -1, 106, 37, 19, 34, 10, -1, 118]], "target_index": 97, "target_rc": [8, 1], "target_value": 60, "confidence": 0.9548716301563245, "module_label": "M2"}