{"grid": [[-1, -1, -1, -1, -1, -1, -1, -1, -1, -1, -1, -1], [-1, 102, 110, -1, -1, 113, -1, -1, 69, -1, -1, 107], [-1, 89, -1, -1, 56, -1, 70, 114, -1, 53, 45, 120], [27, 100, -1, 68, 93, 66, 35, 20, 59, 4, 91, 30], [11, 83, 38, -1, 19, -1, -1, -1, -1, -1, -1, -1], [-1, 8, 109, 67, 26, 55, 50, 6, -1, 117, -1, 24], [39, 64, -1, 9, 60, -1, 44, 21, -1, -1, 1, 3], [-1, -1, -1, -1, 108, -1, 99, -1, 2, 51, 79, 32], [-1, 34, 47, -1, -1, 101, -1, 5, 97, -1, 46, -1], [33, -1, -1, -1, -1, -1, 103, 71, -1, 36, -1, -1]], "target_index": 21, "target_rc": [1, 9], "target_value": 96, "confidence": 0.992927819133572, "module_label": "A5"}