{"grid": [[-1, -1, 4, -1, -1, -1, 85, -1, -1, -1, -1, 117], [17, 6, 84, -1, -1, 7, 95, 107, -1, -1, 10, -1], [-1, 53, 51, -1, -1, -1, -1, 78, -1, -1, 25, -1], [-1, -1, 110, 3, 116, -1, 58, 73, -1, 81, -1, -1], [108, -1, 72, 27, 39, 68, 30, 52, 23, 109, -1, 105], [-1, -1, -1, -1, 32, 99, -1, 48, 46, -1, -1, 2], [-1, 89, -1, -1, 31, -1, 8, 40, 57, -1, 11, -1], [9, -1, -1, 97, 112, 5, 69, 28, 41, -1, -1, -1], [-1, 55, -1, 96, -1, 94, -1, 115, -1, -1, 119, -1], [106, 103, -1, -1, 13, -1, -1, -1, 61, 19, 33, 59]], "target_index": 95, "target_rc": [7, 11], "target_value": 18, "confidence": 0.815520986658705, "module_label": "M8"}