{"grid": [[-1, 22, 116, 59, 120, 8, -1, -1, 50, -1, 87, -1], [79, -1, -1, -1, -1, -1, 44, -1, -1, 36, -1, -1], [106, -1, -1, 15, 80, -1, 13, 43, -1, -1, 93, -1], [76, 88, 35, -1, -1, -1, -1, -1, -1, 41, -1, -1], [14, -1, 107, -1, -1, -1, -1, 12, 89, -1, 104, 4], [-1, 84, 78, -1, 21, 57, -1, 49, -1, 53, 56, -1], [113, 19, 27, 83, -1, -1, 101, -1, 45, -1, -1, 86], [-1, 73, 23, -1, 20, 11, -1, 115, -1, 28, 95, -1], [-1, 64, -1, 71, -1, 52, -1, 17, -1, -1, 112, 16], [96, -1, 97, -1, 31, 72, 38, -1, -1, 109, -1, 6]], "target_index": 92, "target_rc": [7, 8], "target_value": 39, "confidence": 0.9444519164101669, "module_label": "A8"}