{"grid": [[-1, -1, -1, 12, -1, 44, 21, 118, 95, -1, 65, -1], [90, 32, -1, 68, -1, 46, 13, -1, -1, -1, 67, -1], [17, -1, -1, 81, -1, -1, -1, -1, -1, 14, 59, -1], [-1, -1, 62, -1, 100, 34, 55, 41, -1, 110, -1, -1], [-1, -1, -1, 114, 69, -1, -1, 116, 60, -1, 25, 20], [-1, 35, 102, -1, 71, 111, 70, 15, -1, 27, -1, 10], [23, 115, 3, 93, -1, -1, -1, -1, -1, 51, 42, 7], [54, -1, 4, 91, -1, -1, 37, -1, -1, 78, 105, -1], [-1, -1, -1, -1, 86, -1, 38, -1, 19, 33, 87, -1], [24, -1, -1, -1, -1, 117, 82, 31, 104, -1, 45, -1]], "target_index": 77, "target_rc": [6, 5], "target_value": 112, "confidence": 0.9123683251376264, "module_label": "A5"}