{"grid": [[-1, -1, -1, 17, 8, -1, -1, -1, 44, 31, -1, -1], [-1, 43, 80, 77, 83, -1, -1, 55, -1, 40, 108, 86], [94, -1, -1, 12, -1, 7, -1, 36, 39, -1, -1, -1], [-1, 5, -1, -1, 66, -1, 59, 97, -1, -1, 64, 10], [60, -1, -1, -1, 24, -1, 72, -1, 52, -1, 109, -1], [51, 73, 46, 30, -1, 117, 110, -1, -1, -1, 116, -1], [-1, -1, 4, -1, -1, 76, -1, 22, -1, -1, 47, 38], [-1, -1, 90, -1, 89, -1, -1, -1, -1, -1, 35, 87], [2, 50, 79, 100, 98, -1, 62, -1, 107, -1, 28, 3], [-1, -1, 27, -1, 21, -1, 14, 118, 20, 37, 113, -1]], "target_index": 111, "target_rc": [9, 3], "target_value": 29, "confidence": 0.8716623319043355, "module_label": "M8"}