{"grid": [[-1, -1, 26, 10, 92, -1, 114, 65, 13, 88, 51, -1], [-1, 11, 84, -1, 113, -1, -1, 90, -1, -1, -1, 5], [36, 32, -1, 53, -1, -1, -1, -1, -1, 111, -1, 27], [-1, 30, -1, -1, 19, 80, -1, -1, -1, 14, -1, 9], [-1, -1, 115, 86, -1, -1, 112, -1, 44, -1, -1, 72], [-1, -1, -1, 83, 1, 47, -1, -1, 62, -1, 97, 71], [-1, -1, -1, -1, 101, -1, -1, -1, -1, 76, 61, 67], [-1, -1, -1, -1, -1, 3, -1, -1, -1, 64, 8, 77], [52, 89, 109, 38, 17, 74, 15, -1, -1, -1, -1, 22], [37, -1, 4, 103, 28, 12, 104, 73, -1, 108, 110, 40]], "target_index": 77, "target_rc": [6, 5], "target_value": 18, "confidence": 0.8121017546912166, "module_label": "M8"}