{"grid": [[17, 111, 77, -1, 96, 86, -1, 106, 15, -1, -1, 87], [14, 79, 60, -1, -1, -1, -1, 118, -1, -1, -1, -1], [19, -1, -1, -1, 83, -1, -1, -1, -1, 74, -1, 7], [95, 89, -1, 1, -1, 13, 25, -1, 62, 67, -1, 5], [112, 10, 46, 29, 6, -1, -1, -1, 31, 41, -1, 114], [78, 107, -1, 84, -1, 2, 9, -1, -1, 42, 117, 16], [-1, 99, -1, 110, -1, -1, -1, 82, -1, -1, -1, -1], [-1, 75, -1, 43, 57, -1, 52, 35, -1, 76, -1, -1], [8, 100, -1, -1, -1, 88, 68, -1, -1, -1, 119, -1], [-1, 66, 22, -1, 103, 120, -1, -1, -1, -1, 23, 37]], "target_index": 43, "target_rc": [3, 7], "target_value": 65, "confidence": 0.9597745291088483, "module_label": "M2"}