{"grid": [[-1, 19, 15, 28, 32, 49, -1, -1, -1, -1, -1, 105], [55, -1, -1, -1, 23, 56, 53, -1, -1, -1, -1, -1], [-1, -1, 119, 51, 9, 77, -1, 4, 113, 37, -1, 82], [-1, -1, -1, 91, -1, -1, 63, -1, -1, -1, 76, 117], [68, 104, -1, -1, -1, -1, 13, 101, -1, 94, 86, 34], [-1, 120, 85, 22, -1, -1, 70, 67, 95, -1, -1, -1], [111, 54, -1, -1, 74, 103, 107, 38, -1, -1, 47, -1], [-1, 1, 57, -1, -1, -1, 84, -1, 73, 20, 71, -1], [46, -1, 114, 42, -1, -1, 90, 97, -1, -1, -1, 61], [-1, -1, 35, 62, -1, -1, 59, -1, 16, 48, 79, -1]], "target_index": 13, "target_rc": [1, 1], "target_value": 81, "confidence": 0.842157485378474, "module_label": "A8"}