{"grid": [[83, 100, -1, 111, -1, -1, -1, 105, 71, -1, 7, 65], [3, -1, -1, -1, -1, -1, -1, -1, 13, 66, 99, 11], [78, -1, 27, 82, -1, -1, -1, -1, -1, 19, -1, 79], [96, 59, -1, 30, 32, -1, -1, 102, -1, 91, -1, 45], [29, 52, -1, 110, -1, 50, -1, -1, -1, 101, 98, -1], [60, 16, -1, 88, 84, -1, 69, -1, -1, 112, 10, 97], [-1, 42, 6, -1, 41, -1, -1, -1, 108, -1, -1, 14], [12, 2, -1, -1, -1, -1, 116, -1, 75, 47, 73, 67], [-1, -1, -1, -1, 57, 87, -1, 95, -1, -1, -1, 74], [81, 18, -1, 33, -1, -1, -1, 17, 39, -1, 22, -1]], "target_index": 2, "target_rc": [0, 2], "target_value": 56, "confidence": 0.8802627473853926, "module_label": "M8"}