{"grid": [[11, 10, -1, -1, 32, -1, 1, -1, 98, -1, 114, -1], [96, 72, 78, -1, 55, -1, -1, -1, 118, -1, -1, 6], [-1, -1, -1, 62, -1, -1, 67, 19, 43, 3, 81, -1], [108, -1, 9, 120, -1, -1, -1, 20, -1, -1, -1, 113], [91, 27, 49, -1, -1, -1, -1, 46, 60, -1, 83, 35], [-1, 50, -1, 106, 21, -1, -1, -1, -1, 34, 15, 48], [-1, 44, 40, 59, 51, -1, -1, 33, 109, 68, -1, -1], [22, 45, -1, 18, -1, 26, 77, -1, 12, -1, 115, 100], [70, -1, 85, 25, -1, 37, 86, -1, -1, 82, -1, -1], [-1, -1, -1, 90, -1, -1, -1, -1, -1, 79, -1, 41]], "target_index": 15, "target_rc": [1, 3], "target_value": 111, "confidence": 0.9039672994737742, "module_label": "M2"}