{"grid": [[64, -1, 95, 93, -1, 97, -1, -1, -1, -1, -1, 81], [29, 73, 89, 58, 15, 55, 30, -1, -1, 52, -1, 2], [79, 40, -1, -1, -1, 11, -1, -1, -1, -1, 88, -1], [96, -1, -1, 53, -1, 92, -1, 9, 62, 23, 37, -1], [119, 51, 35, -1, -1, -1, 16, -1, 59, 54, -1, -1], [-1, 48, -1, -1, -1, 117, -1, -1, 28, -1, 24, -1], [50, 38, 103, 60, 86, -1, -1, 36, -1, 76, 71, -1], [94, 3, 8, -1, 49, 39, -1, -1, -1, 18, 31, 91], [112, -1, 100, -1, 56, -1, -1, -1, -1, -1, -1, -1], [1, 75, -1, 7, 110, -1, -1, -1, -1, 42, 44, -1]], "target_index": 40, "target_rc": [3, 4], "target_value": 26, "confidence": 0.8374664281289359, "module_label": "M2"}