{"grid": [[53, -1, 88, -1, -1, 60, 39, -1, -1, 69, 102, -1], [-1, -1, -1, -1, -1, 7, 66, -1, -1, 74, 75, -1], [-1, -1, 116, 58, -1, 34, 95, -1, 24, 83, -1, -1], [76, 13, 70, -1, -1, 111, -1, -1, 113, -1, -1, 42], [92, -1, -1, -1, -1, -1, -1, -1, 118, 25, -1, 89], [35, -1, 117, 97, -1, 107, 3, -1, -1, 33, 114, -1], [90, 40, 10, -1, 15, 77, -1, -1, -1, 30, -1, 48], [-1, 109, 38, 59, -1, -1, 110, 86, -1, -1, 51, 41], [-1, 57, -1, 64, 21, 17, 47, 98, 61, 31, 20, 119], [-1, 27, -1, 112, -1, -1, -1, -1, -1, 63, -1, -1]], "target_index": 98, "target_rc": [8, 2], "target_value": 32, "confidence": 0.9157143544519493, "module_label": "A8"}