{"grid": [[113, -1, 15, 111, 106, -1, 107, 56, -1, 101, -1, 44], [118, -1, -1, -1, -1, -1, -1, -1, 77, -1, 33, -1], [103, 11, 81, -1, 2, 22, 116, 53, -1, 68, -1, -1], [19, -1, 87, 54, 35, -1, -1, 67, -1, -1, -1, -1], [43, 49, 97, 42, 26, -1, 41, 6, 45, 38, -1, -1], [119, 16, -1, -1, 59, 61, 120, -1, -1, 37, -1, -1], [46, -1, -1, -1, 31, -1, -1, -1, 30, -1, -1, 99], [47, 70, 76, 25, -1, -1, 13, -1, -1, 112, -1, -1], [88, -1, -1, -1, -1, 73, 74, -1, -1, 57, -1, 39], [5, -1, 27, -1, -1, -1, 17, -1, 9, 83, 92, -1]], "target_index": 44, "target_rc": [3, 8], "target_value": 3, "confidence": 0.8282099429133352, "module_label": "A8"}