{"grid": [[-1, -1, 34, -1, 108, -1, 31, -1, 68, -1, -1, -1], [89, 38, 17, -1, 55, -1, -1, 79, -1, 5, 2, -1], [-1, 119, -1, -1, 102, 1, 20, 33, 77, 36, -1, 54], [80, -1, -1, -1, -1, 12, 25, 44, -1, 62, -1, -1], [-1, 42, 88, -1, -1, 63, 96, 70, 118, 45, -1, -1], [8, -1, 4, -1, 64, -1, -1, -1, 49, -1, 105, 53], [75, -1, -1, 98, -1, -1, -1, -1, -1, 7, 116, -1], [-1, 78, 117, -1, 23, 104, -1, 22, 110, -1, -1, 18], [101, -1, 76, 113, -1, 66, 30, 9, -1, -1, -1, 94], [58, -1, 56, -1, -1, 21, -1, 107, 13, -1, -1, -1]], "target_index": 100, "target_rc": [8, 4], "target_value": 114, "confidence": 0.9302083467257635, "module_label": "A8"}