{"grid": [[113, -1, -1, 45, 85, -1, -1, -1, -1, 64, 31, -1], [58, -1, 110, -1, 36, -1, 93, 52, -1, 101, -1, 86], [6, -1, -1, 105, 79, -1, 2, -1, -1, 114, 26, -1], [-1, -1, -1, 68, 82, 103, 94, 28, 24, -1, -1, 91], [4, 109, -1, -1, -1, 76, 53, -1, -1, -1, -1, -1], [37, 12, -1, -1, 120, 34, -1, -1, -1, 90, -1, 99], [-1, 25, -1, 78, 77, 118, 46, -1, 50, 75, 33, -1], [111, -1, 29, -1, 49, 72, -1, -1, 96, -1, -1, 5], [-1, 7, 83, -1, 51, 70, -1, -1, 57, 38, 92, 62], [44, -1, 18, -1, -1, -1, -1, -1, -1, 3, -1, -1]], "target_index": 109, "target_rc": [9, 1], "target_value": 104, "confidence": 0.9298354654329912, "module_label": "M8"}