{"grid": [[-1, -1, 74, -1, -1, -1, -1, 114, -1, -1, 76, 64], [-1, 62, 97, 22, -1, -1, 96, 23, 33, -1, 49, -1], [43, 48, -1, -1, -1, 26, 46, -1, -1, 11, 78, 105], [101, -1, -1, 99, 8, 44, 12, -1, 119, 6, 14, 108], [-1, -1, 31, 1, -1, 117, -1, 116, 30, 95, -1, 39], [-1, 17, -1, 54, 41, -1, -1, -1, -1, -1, -1, -1], [-1, 92, -1, 36, -1, 115, -1, -1, -1, 118, 56, 34], [-1, -1, -1, 102, -1, -1, -1, 84, 21, 13, -1, -1], [66, -1, -1, 32, -1, -1, -1, 2, 91, -1, 45, -1], [18, 85, -1, 38, -1, 9, -1, 19, 70, 69, 103, -1]], "target_index": 70, "target_rc": [5, 10], "target_value": 59, "confidence": 0.8301456522561201, "module_label": "A5"}