{"grid": [[31, -1, -1, -1, 119, -1, -1, 34, -1, 37, -1, 105], [-1, -1, 12, 93, 20, 72, 1, -1, -1, -1, -1, -1], [103, -1, -1, -1, -1, 30, -1, 88, -1, 120, -1, 63], [-1, 70, 68, 95, 60, -1, 2, 80, -1, -1, 109, 7], [-1, -1, 46, -1, -1, -1, 73, -1, -1, 23, 56, 11], [96, -1, 48, 79, -1, -1, 74, -1, 87, -1, 104, 14], [107, 69, 59, -1, 117, -1, 44, -1, -1, -1, 54, -1], [-1, 21, -1, -1, 106, -1, -1, -1, 8, -1, -1, -1], [112, 22, 40, -1, 64, 13, 10, 35, -1, -1, -1, 25], [76, 62, 18, -1, 110, 114, -1, 55, 100, 15, -1, -1]], "target_index": 51, "target_rc": [4, 3], "target_value": 16, "confidence": 0.8341978211093731, "module_label": "A8"}