{"grid": [[-1, 65, -1, 28, -1, 103, 21, -1, 96, 99, 107, -1], [-1, 24, 116, 4, -1, 29, -1, 80, 95, 76, -1, 102], [-1, -1, -1, 97, 57, -1, -1, 72, -1, -1, -1, 79], [-1, -1, 70, -1, -1, 100, 92, 68, -1, 60, -1, 6], [-1, -1, 69, 53, -1, -1, -1, -1, 93, 15, 14, -1], [101, -1, 89, 13, -1, 45, -1, 86, -1, 31, -1, -1], [-1, -1, 108, -1, -1, 81, 18, 94, 63, 46, 20, 82], [17, -1, -1, 32, 19, -1, -1, 59, 36, -1, 61, 23], [-1, -1, 75, 117, -1, 1, 48, 78, -1, -1, -1, -1], [-1, -1, 113, 62, -1, -1, -1, 112, -1, -1, 105, -1]], "target_index": 54, "target_rc": [4, 6], "target_value": 5, "confidence": 0.822478995066181, "module_label": "A8"}