{"grid": [[-1, -1, -1, 17, -1, -1, 26, -1, -1, 45, 46, 93], [-1, 92, -1, 22, 53, 78, 109, -1, -1, 24, -1, 87], [-1, 10, 12, -1, -1, -1, 114, -1, 59, -1, 9, -1], [-1, 37, 36, 108, -1, -1, 69, 1, 43, 3, -1, 76], [91, -1, 16, -1, 54, -1, 101, -1, 18, -1, -1, -1], [105, 80, 20, 107, 117, 64, -1, 100, 82, 72, -1, -1], [61, 34, 5, -1, -1, -1, 65, -1, 84, -1, 120, -1], [77, 104, -1, 67, 27, -1, 6, 58, -1, -1, 81, -1], [-1, 42, -1, 23, -1, -1, 11, 88, -1, 57, -1, -1], [-1, -1, -1, -1, -1, -1, 118, 7, -1, -1, 55, -1]], "target_index": 98, "target_rc": [8, 2], "target_value": 44, "confidence": 0.809421825075918, "module_label": "M8"}