{"grid": [[78, 48, 80, -1, -1, 11, 89, -1, -1, -1, -1, 69], [91, 101, -1, -1, 74, 6, -1, -1, 38, -1, -1, -1], [86, 105, 76, -1, -1, 54, -1, 20, 58, 31, 36, 115], [-1, 43, -1, -1, -1, 103, -1, 7, 17, -1, -1, -1], [100, 50, 88, 71, 66, -1, -1, -1, -1, 68, 104, 16], [-1, 35, 109, 120, -1, 53, 27, -1, 70, -1, 45, 29], [-1, -1, -1, -1, -1, -1, -1, -1, 83, -1, 106, -1], [2, -1, -1, -1, 42, -1, -1, 28, -1, 40, 15, -1], [-1, 87, -1, -1, 3, 62, -1, -1, 97, 25, 32, 81], [113, 64, -1, -1, -1, -1, 18, -1, 24, -1, 9, 12]], "target_index": 4, "target_rc": [0, 4], "target_value": 61, "confidence": 0.8379753732309749, "module_label": "A8"}