{"grid": [[5, -1, 85, -1, -1, -1, 48, -1, -1, -1, -1, 56], [107, -1, -1, 36, 64, -1, 87, -1, 41, 63, -1, 7], [39, 28, -1, -1, -1, 37, 24, -1, -1, 61, -1, 16], [105, -1, -1, 75, 25, -1, 94, -1, 81, 68, -1, 86], [-1, 89, 60, -1, 106, 71, 20, 97, -1, 33, 69, -1], [-1, -1, 52, 38, -1, 103, 45, 118, -1, 4, -1, -1], [19, 77, -1, 92, -1, -1, -1, -1, -1, -1, -1, -1], [72, -1, 21, 17, 67, -1, -1, -1, -1, -1, 14, 15], [-1, 108, -1, 26, -1, -1, -1, -1, 65, 119, 74, -1], [32, -1, -1, 49, -1, -1, 78, 100, 120, 47, 117, 46]], "target_index": 41, "target_rc": [3, 5], "target_value": 40, "confidence": 0.8108819934125181, "module_label": "A8"}