{"grid": [[65, 82, -1, -1, -1, -1, 111, -1, 3, 10, 41, -1], [-1, -1, -1, -1, -1, -1, 38, -1, 103, -1, -1, -1], [-1, -1, 73, -1, 107, -1, 27, -1, 81, -1, -1, -1], [-1, -1, 76, 72, -1, 108, 100, 109, -1, -1, 74, 70], [120, -1, -1, -1, 89, 43, 15, 12, -1, 105, -1, 69], [-1, -1, 66, -1, 44, 94, 26, 102, -1, -1, -1, -1], [117, 25, 32, 23, 13, 28, 9, 79, 104, 68, 37, 58], [-1, -1, -1, -1, 14, -1, -1, 62, -1, 86, 75, 96], [30, 11, -1, -1, 45, -1, 18, 93, -1, -1, -1, 87], [112, -1, 24, 8, -1, 17, -1, -1, 71, 19, -1, -1]], "target_index": 61, "target_rc": [5, 1], "target_value": 114, "confidence": 0.8969744774859045, "module_label": "M2"}