{"grid": [[-1, 86, 91, -1, 107, 64, -1, -1, -1, -1, -1, -1], [26, 20, -1, -1, 113, -1, 114, -1, 27, -1, 108, 70], [111, 93, 106, -1, -1, -1, 34, 110, -1, -1, -1, 102], [-1, -1, -1, 36, -1, 11, -1, 28, 79, 46, 42, 67], [-1, -1, -1, 40, -1, -1, 43, 3, 39, 100, -1, 52], [-1, 119, 37, 65, -1, -1, 33, -1, -1, -1, -1, -1], [117, 23, -1, -1, -1, 90, 81, -1, 31, 55, -1, 101], [-1, -1, -1, 14, -1, -1, 57, -1, -1, 68, 76, -1], [-1, -1, -1, -1, 48, 82, -1, 53, 44, 77, 41, 66], [54, -1, 72, 29, 16, -1, 73, -1, 58, 69, -1, 75]], "target_index": 68, "target_rc": [5, 8], "target_value": 80, "confidence": 0.8762990783729269, "module_label": "M8"}