{"grid": [[-1, -1, 22, 12, 99, 57, -1, 1, 103, 54, 21, 118], [-1, -1, 14, 41, -1, 59, -1, -1, -1, -1, -1, -1], [-1, -1, 18, -1, -1, 48, -1, -1, 111, -1, -1, -1], [24, 76, 65, -1, -1, 27, -1, 78, 94, -1, 91, 62], [-1, 116, -1, -1, 52, 13, 36, 2, -1, 85, -1, -1], [5, -1, -1, -1, -1, -1, -1, 68, 58, -1, -1, 88], [-1, 60, 43, -1, 72, 100, -1, 90, 63, -1, -1, -1], [-1, 107, -1, -1, 30, 40, -1, -1, 102, 120, -1, 44], [66, -1, -1, -1, 119, -1, 83, -1, 95, 7, 3, 26], [96, 55, 113, -1, 32, -1, 16, -1, 87, 114, 84, -1]], "target_index": 33, "target_rc": [2, 9], "target_value": 67, "confidence": 0.9587579586281932, "module_label": "M2"}