{"grid": [[-1, -1, -1, 84, 90, 66, -1, 101, 43, 110, -1, -1], [89, -1, -1, -1, -1, -1, -1, -1, -1, -1, -1, -1], [-1, -1, -1, -1, 67, -1, -1, -1, 81, 42, -1, 80], [34, 85, 11, -1, 91, 13, 26, 1, -1, -1, 8, 37], [68, 40, 53, 23, 95, -1, 88, 15, -1, -1, 73, 31], [14, -1, 107, 120, 97, -1, -1, 79, 64, -1, -1, -1], [30, -1, 71, 36, -1, -1, 52, -1, 103, -1, -1, 93], [77, -1, 60, 83, 39, 25, -1, 87, 33, -1, 104, 50], [-1, -1, -1, 32, 57, -1, 86, -1, 28, -1, -1, 74], [65, -1, 17, -1, 35, -1, 41, -1, -1, 112, -1, -1]], "target_index": 44, "target_rc": [3, 8], "target_value": 108, "confidence": 0.9995969116124559, "module_label": "A8"}