{"grid": [[-1, 79, -1, 28, -1, -1, 18, 24, 68, 80, 59, 85], [-1, 52, 103, -1, 62, -1, 22, 117, -1, 15, 110, 41], [-1, -1, 9, 102, -1, 37, -1, 74, 115, 114, -1, -1], [48, -1, 70, 61, -1, -1, 45, 76, 25, 72, 32, -1], [-1, 108, -1, -1, -1, 119, 75, 65, -1, 11, 13, 49], [-1, -1, 78, -1, 6, -1, 40, 23, 104, 10, 91, -1], [-1, -1, -1, -1, -1, -1, -1, -1, -1, -1, -1, 111], [4, 101, 53, -1, -1, 47, 92, -1, -1, 109, -1, 99], [71, 44, -1, -1, -1, -1, -1, -1, -1, 56, -1, -1], [16, 84, -1, -1, -1, 107, 94, -1, 100, -1, -1, -1]], "target_index": 35, "target_rc": [2, 11], "target_value": 14, "confidence": 0.9050636795971368, "module_label": "M8"}