{"grid": [[-1, -1, -1, 4, -1, 82, -1, 50, 88, 49, 32, 44], [3, -1, 115, -1, -1, 109, -1, -1, -1, 42, -1, -1], [-1, 74, -1, 71, 62, -1, 70, 19, 48, 75, 2, 68], [-1, 69, 52, -1, -1, -1, 95, -1, -1, 1, -1, 8], [-1, -1, -1, -1, -1, 55, -1, -1, 85, -1, 76, 59], [15, 120, 81, 107, -1, 93, -1, 58, -1, -1, 98, 34], [-1, -1, 28, 40, 25, -1, 111, -1, -1, 27, 73, 56], [-1, 17, -1, 7, -1, -1, -1, 30, -1, -1, -1, 41], [53, -1, 103, 9, 101, -1, -1, 77, -1, 22, 12, -1], [-1, -1, 63, -1, -1, -1, 24, -1, -1, 119, 26, 57]], "target_index": 115, "target_rc": [9, 7], "target_value": 13, "confidence": 0.8534998090581072, "module_label": "M8"}