{"grid": [[-1, 53, -1, 70, 7, 41, 107, -1, -1, 69, -1, 23], [74, -1, -1, 27, 6, 91, -1, -1, -1, 116, -1, 17], [-1, -1, -1, -1, -1, 97, -1, -1, 67, -1, 63, -1], [46, 15, -1, 8, -1, -1, 9, 98, 30, 80, 66, 42], [28, 11, -1, -1, 43, 29, -1, 24, -1, -1, -1, -1], [-1, -1, -1, 13, -1, -1, 86, 112, -1, -1, -1, 47], [-1, 73, 76, -1, -1, 34, -1, -1, 99, 26, -1, -1], [-1, 58, 79, 78, -1, 101, -1, 68, -1, -1, 72, -1], [84, 106, 85, -1, -1, 96, -1, -1, 81, 45, -1, 48], [108, 36, 118, -1, 35, -1, -1, 64, -1, 10, 87, 1]], "target_index": 70, "target_rc": [5, 10], "target_value": 103, "confidence": 0.9194393877114424, "module_label": "M2"}