{"grid": [[16, 110, -1, -1, -1, 25, -1, 60, -1, 96, -1, 23], [31, -1, -1, 115, -1, 68, -1, -1, 55, 21, -1, 81], [-1, 54, -1, -1, -1, -1, -1, 100, -1, 59, -1, 79], [32, 44, -1, -1, -1, -1, -1, -1, 43, -1, -1, -1], [109, 74, -1, 85, 9, 36, 93, 52, -1, -1, -1, 2], [-1, -1, 13, 106, 28, -1, 88, 118, 50, -1, -1, 66], [1, -1, 69, 53, -1, -1, -1, -1, -1, 45, 34, -1], [98, -1, 63, -1, -1, 24, 62, 91, 114, -1, 89, 86], [-1, 92, -1, -1, 29, 12, -1, 119, -1, 99, -1, 95], [-1, 64, -1, 78, 70, 17, 113, -1, -1, 75, 101, -1]], "target_index": 34, "target_rc": [2, 10], "target_value": 5, "confidence": 0.9063671073527925, "module_label": "A8"}