{"grid": [[50, -1, -1, 75, 29, -1, -1, 72, -1, -1, 117, -1], [67, -1, -1, 115, 112, 97, -1, -1, -1, -1, -1, -1], [-1, 113, -1, -1, -1, -1, 35, 106, 109, 65, -1, 74], [84, 63, 85, 20, -1, 14, -1, -1, 7, -1, -1, 110], [-1, -1, -1, 108, 31, 55, 83, -1, -1, 23, 24, -1], [-1, 33, -1, 61, -1, 25, 95, -1, -1, 27, 64, -1], [-1, -1, 39, -1, 48, 78, -1, -1, -1, 15, -1, 10], [71, -1, -1, 73, 88, 96, 94, -1, 90, -1, -1, 111], [100, -1, -1, 98, -1, 9, 92, -1, 30, -1, 34, 6], [-1, 70, -1, 66, -1, -1, -1, 43, 38, 102, 5, 41]], "target_index": 86, "target_rc": [7, 2], "target_value": 53, "confidence": 0.9240155475730608, "module_label": "A8"}