{"grid": [[-1, 58, 11, -1, 66, 65, 32, 16, 14, -1, 95, -1], [84, -1, 42, -1, -1, -1, -1, -1, -1, 53, -1, 17], [78, -1, 48, -1, 15, 37, 25, 106, -1, -1, 9, -1], [-1, 102, 93, -1, -1, -1, -1, 4, -1, 19, 110, 57], [-1, -1, -1, 77, 85, 38, 3, 99, -1, 61, -1, -1], [31, -1, -1, 74, 39, 103, -1, 13, -1, -1, 23, 49], [-1, 34, -1, 47, 89, 10, -1, -1, 24, 21, 81, 33], [69, -1, -1, 60, 63, 2, -1, -1, 62, 79, -1, -1], [-1, -1, -1, -1, -1, 52, -1, -1, 70, 88, -1, -1], [90, 116, 20, 117, -1, -1, -1, -1, -1, -1, -1, 67]], "target_index": 79, "target_rc": [6, 7], "target_value": 75, "confidence": 0.8818329748158739, "module_label": "A5"}