{"grid": [[-1, -1, -1, 94, -1, -1, 108, -1, -1, -1, -1, -1], [-1, 22, 20, 91, -1, -1, 54, -1, 12, -1, 26, -1], [-1, -1, -1, 11, 86, 29, 41, 49, 44, 72, -1, -1], [-1, -1, 100, -1, 39, 18, 101, 64, 84, 102, 69, 32], [-1, 75, 97, 40, 43, -1, 71, -1, 30, -1, -1, -1], [-1, -1, -1, 53, -1, -1, -1, -1, -1, 7, -1, 8], [111, 33, -1, 14, -1, -1, -1, -1, 48, 25, 87, 59], [90, 37, 96, 24, -1, 17, 93, 113, -1, 95, -1, 16], [-1, -1, 34, -1, -1, -1, 107, 45, -1, 77, 3, -1], [76, -1, -1, 55, 9, 5, -1, 67, -1, -1, 36, -1]], "target_index": 114, "target_rc": [9, 6], "target_value": 23, "confidence": 0.9577544464435978, "module_label": "A5"}