{"grid": [[-1, 116, -1, -1, 53, 40, -1, 18, -1, 119, -1, -1], [-1, 68, 59, 27, -1, -1, 64, -1, -1, 67, 120, -1], [9, -1, 22, 23, 70, 104, 71, -1, 118, -1, -1, 30], [-1, 61, 79, 26, 97, -1, 15, -1, -1, 107, -1, 39], [-1, 106, -1, 80, 110, 115, -1, 33, 94, -1, 25, 91], [-1, -1, 3, -1, 109, -1, -1, 24, -1, 95, 17, -1], [1, -1, -1, -1, -1, -1, -1, -1, -1, -1, 100, -1], [-1, -1, 10, 60, -1, 37, 31, 28, -1, 88, 44, -1], [-1, -1, 99, 48, -1, -1, 50, 101, -1, 63, -1, -1], [29, 86, -1, -1, 2, -1, 5, 98, -1, 74, 14, -1]], "target_index": 92, "target_rc": [7, 8], "target_value": 35, "confidence": 0.822036226350424, "module_label": "M2"}