{"grid": [[28, 14, 7, -1, 47, 38, -1, 85, 24, 46, -1, -1], [-1, -1, -1, -1, 95, -1, -1, -1, 105, -1, 99, -1], [15, -1, 44, 75, 111, -1, 29, -1, 12, -1, 116, -1], [-1, 2, 97, 6, 102, 114, -1, -1, 16, 21, -1, 39], [-1, -1, -1, 94, -1, -1, -1, -1, -1, 37, -1, -1], [-1, 13, 83, -1, 81, 9, -1, 71, 66, 72, 40, 107], [64, 51, 19, 60, -1, -1, 11, -1, -1, -1, -1, -1], [-1, -1, -1, 110, 109, -1, -1, -1, 113, 10, -1, -1], [69, -1, -1, -1, 26, 5, 31, 90, 117, -1, 50, -1], [-1, 3, 25, -1, 93, 82, -1, -1, -1, 1, 100, 30]], "target_index": 95, "target_rc": [7, 11], "target_value": 118, "confidence": 0.9832337591205997, "module_label": "A5"}