{"grid": [[-1, 18, -1, -1, 118, 25, -1, -1, 114, 104, 28, -1], [37, 17, 10, 62, -1, -1, 5, 60, -1, 43, -1, 20], [-1, 90, 36, -1, -1, 49, -1, -1, 45, -1, 19, -1], [-1, -1, -1, -1, -1, 31, 85, -1, 8, -1, -1, -1], [-1, 117, -1, -1, 9, -1, -1, 87, -1, -1, -1, -1], [-1, 102, -1, 52, -1, 89, -1, 41, 11, -1, 81, 29], [74, -1, 105, 38, -1, -1, 24, 66, 50, 112, -1, -1], [32, 39, -1, -1, 47, -1, 33, 15, 3, 6, 95, 93], [-1, 30, -1, -1, -1, 71, 86, -1, 61, -1, 53, 70], [-1, 55, -1, -1, 75, -1, 98, -1, 72, -1, 44, 76]], "target_index": 51, "target_rc": [4, 3], "target_value": 106, "confidence": 0.9795824495247539, "module_label": "A5"}