{"grid": [[57, 52, -1, -1, -1, -1, -1, -1, 81, -1, 6, -1], [39, 106, 46, -1, 118, 84, -1, -1, -1, 16, -1, 112], [-1, -1, 68, -1, 87, 83, -1, 53, 110, 14, 8, 45], [-1, -1, -1, -1, -1, -1, 42, 29, 86, 24, 12, 117], [88, -1, -1, 101, -1, -1, -1, 59, -1, 78, -1, 41], [-1, 28, 64, -1, 69, 98, -1, 99, -1, 43, 21, 33], [-1, 32, 97, 34, 105, -1, -1, -1, -1, 26, 58, 51], [17, -1, 36, -1, -1, -1, -1, 77, -1, -1, 116, 54], [-1, 19, 119, -1, -1, -1, -1, 115, 10, 13, -1, 15], [-1, -1, 50, 71, -1, -1, -1, 79, 63, -1, -1, -1]], "target_index": 117, "target_rc": [9, 9], "target_value": 35, "confidence": 0.8460670870612552, "module_label": "M8"}