{"grid": [[99, -1, 66, 56, -1, 95, 14, -1, 117, -1, 85, 4], [5, 29, -1, 31, -1, -1, -1, -1, -1, -1, -1, 49], [-1, -1, 107, -1, 97, 46, -1, 40, -1, -1, 13, 23], [-1, 36, -1, -1, 17, 80, -1, -1, 58, 81, 50, 35], [73, 88, 91, 43, -1, -1, -1, 18, -1, 47, -1, -1], [-1, -1, -1, 10, -1, 22, 59, -1, 44, -1, 12, 78], [76, -1, -1, 69, 53, -1, -1, -1, 111, -1, -1, -1], [84, -1, 54, -1, -1, 64, 62, -1, 55, -1, 86, 72], [109, 63, -1, 39, 67, 100, -1, -1, -1, 42, -1, -1], [71, -1, 52, 2, 83, -1, -1, -1, -1, -1, 96, 32]], "target_index": 7, "target_rc": [0, 7], "target_value": 90, "confidence": 0.9859153881770277, "module_label": "A5"}