{"grid": [[26, -1, -1, 45, 69, -1, 40, -1, -1, 28, 83, 12], [-1, -1, -1, -1, -1, -1, 15, -1, -1, 4, -1, -1], [35, -1, -1, 7, 118, 61, 107, -1, -1, -1, 94, -1], [84, 110, 100, 92, 31, 52, -1, 86, 30, -1, -1, -1], [-1, 39, -1, 72, 115, 36, -1, 62, 3, 103, -1, 48], [8, 63, 23, -1, -1, -1, 85, 112, -1, 20, 21, 2], [29, -1, 81, 60, -1, 18, 79, -1, -1, 59, -1, 41], [-1, -1, 22, -1, -1, 97, -1, -1, 120, -1, -1, -1], [68, -1, -1, -1, -1, -1, 119, 57, 93, 43, -1, 1], [70, -1, 82, 102, -1, -1, -1, 55, -1, -1, -1, 51]], "target_index": 84, "target_rc": [7, 0], "target_value": 76, "confidence": 0.9803932463135486, "module_label": "M2"}