{"grid": [[31, -1, -1, 120, -1, -1, -1, -1, 68, -1, 76, 83], [106, -1, -1, 113, -1, 87, 7, -1, -1, 81, 26, -1], [23, 51, -1, -1, 27, 74, 110, -1, 3, -1, 103, 71], [-1, -1, -1, 21, 104, 16, -1, -1, 69, 13, 94, 61], [-1, 22, -1, -1, -1, -1, -1, -1, -1, 86, 75, 40], [66, 32, -1, 93, 95, 8, 63, 29, -1, 50, -1, -1], [56, 47, 20, -1, -1, -1, 18, 37, 62, -1, -1, -1], [-1, 116, -1, -1, -1, 100, -1, 92, -1, 35, 99, 1], [105, 2, -1, -1, 5, 9, 114, 117, -1, -1, -1, 48], [-1, 118, 28, -1, -1, -1, -1, -1, -1, -1, 45, -1]], "target_index": 42, "target_rc": [3, 6], "target_value": 15, "confidence": 0.9260713548823503, "module_label": "M8"}