{"grid": [[-1, 85, 23, 119, -1, 21, -1, 76, -1, -1, 33, 117], [81, 113, 67, -1, -1, -1, 39, -1, 90, 87, -1, -1], [-1, 38, 11, 69, 106, -1, -1, -1, -1, -1, 65, -1], [-1, -1, 98, 84, -1, 50, 12, -1, 2, -1, -1, 95], [-1, -1, -1, 47, 1, -1, -1, -1, 75, 18, 25, -1], [31, 27, 109, 73, 102, -1, 52, 13, -1, 43, -1, -1], [54, 100, -1, 55, 80, -1, -1, 41, 46, 17, -1, -1], [110, -1, -1, -1, -1, -1, -1, -1, -1, 82, 63, -1], [114, -1, -1, -1, 104, 112, 3, -1, -1, 58, 35, 19], [-1, -1, 62, 103, 118, -1, 88, -1, -1, 10, 72, -1]], "target_index": 55, "target_rc": [4, 7], "target_value": 45, "confidence": 0.9928056482560775, "module_label": "A5"}