{"grid": [[11, -1, -1, -1, -1, -1, -1, -1, -1, 16, 14, 63], [112, -1, -1, 99, 27, 94, -1, 107, 88, 41, -1, -1], [73, -1, -1, -1, -1, 30, 24, -1, -1, -1, 113, -1], [-1, 31, -1, -1, -1, 35, 32, -1, 36, -1, 78, -1], [95, 90, 101, -1, 4, 81, 18, -1, -1, 40, -1, 54], [-1, -1, -1, -1, -1, -1, 28, -1, 29, 85, 8, -1], [7, 37, -1, -1, -1, 75, 120, -1, -1, -1, -1, 97], [-1, -1, 13, 66, 84, -1, 109, 57, -1, 12, -1, -1], [51, 59, 17, 72, -1, -1, 106, 104, 44, -1, 91, 103], [39, -1, 53, -1, 26, -1, -1, 62, 45, 33, 79, 111]], "target_index": 114, "target_rc": [9, 6], "target_value": 1, "confidence": 0.9534259324424439, "module_label": "M2"}