{"grid": [[-1, 14, -1, 79, -1, 59, -1, 13, -1, 36, 21, -1], [-1, 5, 40, -1, 49, 55, -1, 104, 119, 80, 37, -1], [17, -1, -1, 35, 92, -1, -1, 28, 24, -1, -1, -1], [-1, 88, 98, 71, 103, 47, -1, 53, -1, 60, 99, 73], [-1, -1, -1, 61, -1, -1, -1, 96, 6, -1, 45, -1], [94, 22, -1, 107, -1, -1, 67, 57, 83, 8, -1, -1], [-1, 46, -1, 117, -1, 32, 101, -1, 106, -1, 44, -1], [-1, 109, 38, -1, -1, -1, -1, -1, -1, 25, -1, 112], [3, 90, 95, 9, -1, -1, 69, 63, -1, 74, 111, 116], [-1, -1, 89, -1, -1, -1, -1, -1, -1, 50, -1, -1]], "target_index": 113, "target_rc": [9, 5], "target_value": 27, "confidence": 0.9727901623431043, "module_label": "A5"}