{"grid": [[84, -1, 46, -1, 89, 8, -1, 26, -1, -1, -1, -1], [-1, 73, 44, -1, -1, -1, -1, -1, 97, 106, 19, 108], [52, 3, -1, -1, -1, -1, 36, -1, 4, -1, 34, 118], [45, 86, 69, 110, -1, 32, 18, -1, 47, 55, 112, -1], [-1, 77, -1, 22, 82, 64, -1, 58, 9, -1, -1, -1], [80, 119, 113, -1, 38, -1, -1, -1, -1, -1, -1, 23], [-1, -1, -1, -1, 90, 98, -1, -1, 117, 99, 40, 39], [-1, -1, 12, -1, -1, -1, 91, -1, -1, -1, 6, 94], [68, -1, -1, -1, -1, 15, 83, 37, -1, -1, 16, -1], [88, -1, 78, 76, -1, -1, 17, 74, -1, 101, 29, 60]], "target_index": 75, "target_rc": [6, 3], "target_value": 95, "confidence": 0.9616726110651026, "module_label": "M8"}