{"grid": [[116, 27, -1, -1, 22, -1, 100, 41, 32, 29, 102, -1], [92, 105, 17, -1, 119, 70, -1, 6, 115, -1, -1, 82], [-1, 85, -1, 50, 23, -1, 4, -1, 14, -1, 64, 19], [-1, -1, -1, -1, 44, -1, 39, -1, 74, -1, 16, -1], [95, -1, -1, -1, 18, -1, 35, 24, -1, 76, 90, 80], [36, 57, 2, -1, -1, 5, -1, -1, -1, -1, 25, -1], [-1, -1, -1, -1, 51, 49, 81, -1, 53, -1, -1, -1], [-1, -1, 110, 71, -1, 88, 58, -1, 65, 12, -1, -1], [79, -1, 78, -1, 13, -1, 107, 108, 20, -1, -1, -1], [-1, -1, 62, 1, -1, 103, -1, 15, -1, -1, 40, -1]], "target_index": 3, "target_rc": [0, 3], "target_value": 69, "confidence": 0.985046943074296, "module_label": "M8"}