{"grid": [[-1, 87, -1, -1, -1, -1, -1, -1, -1, 84, -1, -1], [-1, 108, 58, -1, -1, 11, 88, 30, 55, 111, -1, 9], [-1, -1, -1, -1, 56, -1, 54, 15, 44, -1, -1, -1], [39, 45, -1, -1, -1, -1, 95, 99, 19, -1, 80, 109], [62, 103, -1, -1, -1, 29, 33, 16, -1, -1, 7, -1], [67, -1, 28, -1, 31, -1, -1, -1, 117, -1, 48, 97], [-1, 113, 64, 77, 90, -1, 70, 52, 71, 10, -1, 96], [18, -1, -1, 1, 25, -1, 59, -1, -1, -1, -1, -1], [81, -1, 120, 38, -1, -1, -1, -1, 51, 101, -1, -1], [23, 98, 49, 57, 69, -1, 91, 41, 65, 37, -1, -1]], "target_index": 11, "target_rc": [0, 11], "target_value": 89, "confidence": 0.8817196937061383, "module_label": "A8"}