{"grid": [[-1, 105, -1, -1, 11, 70, 114, 37, -1, 2, -1, 69], [42, -1, -1, -1, -1, -1, 20, -1, -1, -1, -1, 57], [-1, 110, -1, 111, 76, -1, -1, 95, -1, 53, 66, -1], [6, 24, 25, -1, -1, 102, 52, 21, 75, -1, -1, -1], [34, 107, 45, 98, 85, -1, 27, 38, 63, -1, 41, 18], [-1, -1, 15, 39, 14, -1, -1, 65, -1, -1, -1, 49], [-1, 47, -1, 23, -1, -1, 92, 44, 103, -1, 83, -1], [64, -1, 62, -1, -1, 77, -1, 118, 46, -1, -1, 94], [22, -1, 7, 54, -1, -1, -1, 12, 82, -1, 96, -1], [-1, -1, 35, 33, -1, -1, -1, 40, -1, -1, 90, -1]], "target_index": 32, "target_rc": [2, 8], "target_value": 120, "confidence": 0.8105151711469675, "module_label": "A8"}