{"grid": [[-1, -1, 83, -1, -1, -1, 22, 114, -1, 103, 32, 68], [-1, 100, -1, -1, 6, -1, -1, 5, -1, 26, -1, -1], [-1, -1, 81, -1, -1, 56, 98, -1, -1, -1, 95, 41], [99, 10, 18, -1, 60, -1, 12, -1, 43, -1, -1, 40], [-1, 48, 61, 4, 27, 119, -1, 20, -1, 89, 39, 7], [62, 109, -1, 45, -1, 69, -1, 116, -1, 1, 33, -1], [67, -1, 111, -1, -1, -1, 77, 28, -1, 50, 107, 79], [-1, 24, 73, 31, -1, 91, -1, -1, -1, -1, -1, -1], [30, 23, 85, 64, -1, -1, 13, 97, -1, 113, -1, -1], [63, -1, -1, -1, -1, -1, 55, 44, -1, 25, -1, -1]], "target_index": 48, "target_rc": [4, 0], "target_value": 36, "confidence": 0.9529778487933985, "module_label": "A5"}