{"grid": [[80, -1, -1, -1, 113, 37, 26, -1, 18, 50, 8, -1], [7, 87, -1, 91, 88, -1, -1, -1, 70, -1, -1, 63], [24, 81, -1, -1, 98, 3, -1, 82, 67, -1, -1, -1], [-1, 107, 102, 84, 94, -1, 36, 31, 54, -1, 105, -1], [-1, 2, 23, 9, -1, 115, 99, -1, -1, -1, -1, 100], [47, -1, 110, -1, 42, -1, 51, 12, 28, -1, -1, -1], [-1, -1, -1, -1, 13, -1, 22, -1, 86, 117, -1, 27], [-1, 17, 104, 95, -1, -1, 25, 4, -1, 58, 38, -1], [-1, -1, 114, 68, -1, 61, -1, -1, 111, -1, 89, 16], [-1, -1, -1, -1, 40, -1, 73, -1, 10, -1, -1, -1]], "target_index": 2, "target_rc": [0, 2], "target_value": 14, "confidence": 0.9444264747095946, "module_label": "M8"}