{"grid": [[-1, -1, 30, 68, 65, -1, -1, -1, 49, 120, -1, -1], [-1, 66, -1, -1, -1, -1, -1, 21, -1, -1, 28, 59], [84, 118, 94, -1, 113, -1, 82, -1, -1, 74, -1, 78], [76, 62, -1, -1, 32, -1, 112, 3, 47, -1, -1, -1], [69, -1, -1, 4, 37, 38, 88, 17, 6, 52, 23, 56], [20, -1, -1, 53, -1, -1, 51, -1, 36, -1, 13, 18], [42, -1, -1, 100, 91, -1, 92, -1, -1, -1, 34, -1], [35, 116, -1, -1, 107, -1, -1, 110, -1, 105, 29, -1], [96, -1, -1, -1, -1, -1, 14, -1, -1, 41, 54, 77], [80, 98, -1, -1, -1, -1, 70, -1, 87, -1, 73, 19]], "target_index": 21, "target_rc": [1, 9], "target_value": 50, "confidence": 0.9337918904855836, "module_label": "A5"}