{"grid": [[29, -1, -1, -1, 1, -1, 34, -1, -1, 40, -1, 92], [110, -1, -1, 7, 111, 37, -1, -1, -1, 10, -1, 41], [42, -1, -1, 36, 60, 19, -1, 61, 11, 75, 52, -1], [27, 47, 33, -1, -1, -1, 50, 91, 72, -1, -1, -1], [76, 62, -1, -1, 64, -1, -1, -1, 98, -1, 56, 53], [28, 114, -1, -1, 103, -1, 80, 67, 45, -1, 86, 38], [-1, -1, -1, -1, 9, -1, -1, -1, 82, 85, -1, 81], [-1, -1, -1, 71, -1, 100, 102, -1, -1, 6, 57, 66], [69, -1, -1, 16, -1, 112, 25, 89, -1, -1, 21, 94], [-1, -1, 93, 3, -1, 2, -1, -1, -1, -1, -1, 24]], "target_index": 45, "target_rc": [3, 9], "target_value": 65, "confidence": 0.8735101872825187, "module_label": "A8"}