{"grid": [[-1, -1, 114, -1, 83, -1, -1, 14, 30, -1, 7, 91], [-1, -1, 54, 16, 108, -1, 49, 118, -1, 37, 73, -1], [41, -1, 44, -1, -1, 4, 63, 12, -1, -1, 66, -1], [86, 67, -1, -1, -1, -1, -1, 77, -1, -1, 84, 103], [64, 47, 55, -1, 45, 8, -1, -1, -1, -1, -1, 104], [-1, 69, -1, -1, -1, 95, 39, 109, 68, 110, 96, -1], [-1, 76, -1, -1, 38, 13, -1, 61, 112, -1, -1, 28], [31, -1, -1, -1, -1, -1, 11, -1, 74, 27, 70, -1], [20, 113, 92, 10, 116, -1, -1, 40, -1, -1, -1, -1], [-1, 21, -1, 107, 5, -1, 32, 1, -1, -1, -1, 24]], "target_index": 42, "target_rc": [3, 6], "target_value": 120, "confidence": 0.8714613367125071, "module_label": "A5"}