{"grid": [[-1, -1, -1, -1, -1, -1, -1, 42, 3, 34, 59, -1], [-1, -1, 58, -1, 91, 100, 68, -1, -1, -1, -1, -1], [25, 118, -1, -1, 70, 18, 107, 96, 56, 51, 97, 33], [81, -1, 28, 15, -1, -1, 76, -1, 22, -1, -1, 39], [77, -1, 24, -1, 74, 49, 1, -1, -1, 78, 104, -1], [-1, -1, -1, 69, -1, -1, -1, 99, 50, 120, -1, 10], [4, -1, -1, -1, 13, 26, 67, -1, -1, -1, -1, 23], [41, 105, 112, 71, -1, -1, -1, -1, 92, -1, -1, -1], [6, 52, 93, 12, -1, -1, 35, -1, -1, 73, -1, -1], [114, -1, -1, 119, 16, 32, 54, 37, 101, -1, -1, 113]], "target_index": 109, "target_rc": [9, 1], "target_value": 36, "confidence": 0.9226660973599837, "module_label": "A5"}