{"grid": [[66, -1, -1, -1, -1, 90, 93, -1, -1, -1, -1, 48], [1, 83, -1, 13, 45, -1, 96, 50, -1, -1, -1, 59], [-1, 46, 107, 112, -1, -1, -1, -1, 97, 108, 40, -1], [-1, 118, 38, -1, 81, -1, -1, 87, -1, 85, 101, -1], [92, -1, 119, 28, -1, 63, 99, -1, -1, 3, -1, -1], [73, 32, -1, -1, 30, -1, -1, 21, -1, -1, 94, -1], [84, -1, 95, -1, -1, 27, -1, -1, 82, -1, 77, 89], [-1, -1, 16, -1, 7, 80, -1, -1, -1, 111, 98, 70], [-1, 14, 9, -1, 79, -1, -1, 31, -1, 64, -1, 18], [75, -1, 55, 106, 54, 20, -1, 19, 5, 23, -1, -1]], "target_index": 59, "target_rc": [4, 11], "target_value": 22, "confidence": 0.8089725949490075, "module_label": "M2"}