{"grid": [[-1, 15, -1, 89, 43, 62, -1, 90, 29, 91, -1, -1], [-1, -1, 9, -1, -1, -1, 61, -1, 110, -1, -1, -1], [-1, 36, -1, 97, -1, 111, -1, 50, -1, 21, 2, 48], [119, -1, -1, -1, -1, -1, 94, 103, 118, -1, 99, 18], [-1, -1, 95, -1, -1, -1, 22, 25, 116, -1, 30, 102], [-1, 52, 105, -1, 28, -1, -1, -1, -1, 117, -1, -1], [-1, -1, 14, 73, 101, 27, -1, -1, -1, 7, 109, 46], [24, -1, 58, -1, -1, 41, 72, -1, 34, 75, -1, 6], [115, -1, 10, 92, 13, -1, -1, 20, -1, 44, 60, -1], [-1, -1, -1, -1, -1, 87, 67, 88, 93, -1, 82, 26]], "target_index": 72, "target_rc": [6, 0], "target_value": 83, "confidence": 0.9768522234972439, "module_label": "M8"}