{"grid": [[-1, 8, -1, 54, 27, 19, 15, 72, 20, 10, 67, 55], [-1, -1, 56, -1, 12, -1, -1, 100, 117, 6, 44, 116], [41, -1, -1, 68, -1, 70, 107, 81, -1, -1, -1, 57], [-1, -1, -1, 95, -1, -1, 35, 34, 22, 98, 26, 31], [-1, 88, 71, 84, -1, 42, -1, 7, -1, -1, -1, 97], [33, 85, -1, -1, -1, -1, 43, 13, -1, 112, 104, -1], [119, 61, 83, -1, 86, -1, 76, -1, -1, -1, 114, -1], [-1, -1, -1, -1, 59, -1, -1, -1, 63, 36, -1, 1], [-1, -1, 58, -1, -1, -1, -1, -1, -1, 74, 92, 102], [108, -1, -1, 120, -1, -1, -1, 16, 118, -1, -1, -1]], "target_index": 112, "target_rc": [9, 4], "target_value": 65, "confidence": 0.9958311504576229, "module_label": "M2"}