{"grid": [[-1, 79, -1, 90, 68, 114, 32, 27, -1, -1, -1, -1], [9, 73, 103, -1, -1, 51, -1, 95, 102, 40, -1, 15], [-1, 100, -1, 70, -1, 83, -1, 76, 74, 91, -1, -1], [11, 58, 85, -1, -1, -1, 46, -1, -1, 64, -1, -1], [14, 44, 86, -1, -1, -1, 67, 63, 56, 18, -1, -1], [-1, -1, 88, -1, 16, 52, -1, -1, 92, -1, -1, 55], [104, 82, -1, -1, 22, 8, -1, 31, 57, 80, 111, 2], [94, -1, -1, 117, 29, -1, -1, 23, -1, 39, 37, -1], [-1, 107, 4, 47, -1, -1, -1, -1, 7, -1, -1, -1], [-1, -1, -1, -1, 38, -1, -1, 24, -1, 61, 26, -1]], "target_index": 47, "target_rc": [3, 11], "target_value": 106, "confidence": 0.9965422549128711, "module_label": "M2"}