{"grid": [[86, -1, 92, 74, 68, 103, 65, -1, 84, -1, -1, -1], [-1, 63, -1, -1, 13, 78, 96, -1, 98, 3, -1, -1], [-1, 69, 119, 77, -1, 8, 46, 117, 56, 59, -1, -1], [-1, -1, 43, 49, 76, 101, 111, 57, -1, -1, -1, -1], [67, 100, 45, 113, 114, 55, 35, 20, -1, -1, -1, -1], [-1, -1, -1, -1, -1, -1, -1, -1, 26, -1, 23, -1], [93, -1, 88, 58, -1, 66, -1, -1, -1, 83, 87, -1], [48, 24, 53, -1, -1, 73, 91, 102, -1, -1, -1, -1], [29, -1, -1, 64, -1, 52, 90, -1, 31, -1, -1, -1], [41, -1, -1, 61, 112, -1, -1, -1, 115, -1, 95, 109]], "target_index": 9, "target_rc": [0, 9], "target_value": 19, "confidence": 0.8861895518577545, "module_label": "A5"}