{"grid": [[-1, -1, 63, -1, 78, 47, 10, -1, -1, 33, 35, -1], [-1, -1, -1, -1, 30, -1, 46, -1, -1, 8, -1, -1], [-1, 71, 110, -1, -1, -1, 84, 118, -1, 106, 92, 40], [51, -1, 66, -1, -1, 69, 116, 28, 70, -1, -1, -1], [-1, 65, -1, 107, -1, -1, 94, 77, -1, -1, 29, -1], [-1, -1, 80, -1, -1, 56, 93, 52, -1, -1, -1, 82], [-1, -1, -1, -1, -1, 12, 18, 114, 67, -1, 42, -1], [-1, 32, -1, 117, -1, 87, -1, 48, 20, 112, 3, 24], [-1, 17, -1, 103, 14, 102, 1, -1, 101, -1, -1, 25], [7, 22, -1, -1, 61, 55, -1, 27, 39, 44, 11, -1]], "target_index": 52, "target_rc": [4, 4], "target_value": 41, "confidence": 0.9301632745064974, "module_label": "A5"}