{"grid": [[-1, -1, 80, -1, 117, 9, -1, -1, 5, -1, 48, -1], [43, -1, 108, 84, -1, 18, -1, 58, 116, -1, -1, 71], [-1, 52, -1, -1, -1, -1, 10, 45, 72, 15, 16, -1], [-1, -1, -1, -1, -1, 51, -1, 118, 68, 82, 37, -1], [-1, 34, 54, 69, -1, -1, 31, -1, -1, -1, 98, 21], [-1, 53, -1, -1, 109, -1, -1, -1, 64, -1, 102, 93], [56, 8, -1, 4, 50, -1, 20, -1, -1, -1, 86, -1], [-1, 22, -1, -1, 40, 61, -1, 12, 78, -1, 75, 79], [26, -1, -1, 105, 110, 94, -1, 103, -1, 101, 99, 74], [-1, -1, -1, 17, -1, -1, -1, -1, 87, 90, 7, 59]], "target_index": 29, "target_rc": [2, 5], "target_value": 14, "confidence": 0.961814989208254, "module_label": "M2"}