{"grid": [[18, 49, 77, 62, 91, -1, -1, 120, -1, 119, -1, 78], [36, -1, -1, 17, -1, 45, -1, 83, 44, 89, 55, 15], [82, 58, -1, 42, -1, -1, -1, -1, -1, 23, -1, -1], [116, -1, 28, 24, 84, -1, 57, -1, -1, 21, 34, -1], [-1, 114, 87, -1, 92, -1, 38, -1, 40, 101, 102, -1], [-1, 32, 14, 59, 98, 46, -1, -1, 56, -1, 86, 7], [-1, -1, -1, -1, -1, 95, -1, -1, -1, -1, -1, 115], [54, -1, 66, 112, 5, 97, -1, -1, -1, 99, -1, 105], [-1, -1, -1, -1, -1, -1, 48, -1, 29, 64, -1, -1], [-1, 73, 65, -1, -1, -1, -1, 79, 11, 47, 75, -1]], "target_index": 28, "target_rc": [2, 4], "target_value": 93, "confidence": 0.8676755203402222, "module_label": "M8"}