{"grid": [[82, -1, 1, -1, 18, -1, -1, -1, 42, 47, -1, 64], [-1, 57, 16, -1, 83, -1, -1, 100, 70, -1, -1, -1], [-1, -1, -1, 46, 76, 50, -1, 99, -1, -1, 29, -1], [-1, -1, -1, 101, 36, 61, -1, -1, 80, -1, 31, 62], [6, -1, -1, 8, -1, -1, 21, -1, -1, 92, 7, -1], [-1, -1, -1, -1, -1, 11, 119, -1, -1, 34, -1, -1], [33, 77, 112, -1, 23, -1, 55, -1, -1, 2, 51, 120], [-1, -1, 75, 69, 111, -1, -1, -1, 39, -1, 60, 32], [63, 56, 43, -1, 85, 90, 108, 102, 27, 109, 95, 91], [-1, 19, 72, 53, -1, -1, 41, -1, -1, -1, -1, 48]], "target_index": 3, "target_rc": [0, 3], "target_value": 10, "confidence": 0.8830162922489372, "module_label": "A5"}