{"grid": [[62, 50, -1, -1, -1, -1, -1, -1, -1, -1, -1, -1], [7, -1, -1, 38, -1, -1, 1, -1, 52, 104, -1, 9], [-1, -1, -1, 64, 93, 67, 21, 90, 4, 24, 92, 47], [-1, 11, -1, -1, -1, 53, 88, 41, -1, -1, -1, -1], [-1, 78, -1, -1, 94, 20, 77, -1, 26, -1, -1, -1], [66, 95, -1, 45, 13, 6, 89, -1, 55, -1, -1, 111], [-1, -1, -1, -1, -1, 36, -1, 98, 113, 65, 28, 68], [116, -1, 84, 17, -1, 76, 100, 87, -1, -1, 54, 57], [79, -1, 74, 2, -1, -1, 115, 97, -1, 105, -1, -1], [-1, -1, 29, -1, 81, 12, 75, -1, 60, -1, 51, -1]], "target_index": 92, "target_rc": [7, 8], "target_value": 58, "confidence": 0.9847090976079862, "module_label": "M8"}