{"grid": [[8, -1, 109, -1, -1, -1, 61, -1, -1, -1, -1, 9], [82, 34, -1, 21, -1, -1, 47, 91, -1, 50, -1, 92], [88, -1, 54, 114, 15, 10, -1, -1, -1, -1, -1, 85], [-1, 96, 81, 116, -1, -1, 68, -1, -1, 118, -1, -1], [62, 67, -1, -1, -1, 37, 12, -1, 25, 3, 107, 57], [73, 55, -1, -1, -1, -1, 110, -1, 119, -1, -1, 75], [-1, 30, 22, -1, 41, -1, 56, -1, 52, 71, -1, 35], [48, -1, -1, -1, 65, 74, -1, -1, 83, 58, 90, 42], [-1, -1, 93, -1, 45, -1, -1, -1, -1, 36, -1, -1], [16, -1, -1, -1, 87, 26, 111, 2, 40, -1, 49, 78]], "target_index": 16, "target_rc": [1, 4], "target_value": 105, "confidence": 0.8773234140726789, "module_label": "A5"}