{"grid": [[35, -1, 113, 93, -1, 100, -1, -1, 44, 62, -1, -1], [37, 70, 6, 81, -1, -1, 119, 116, 86, 84, -1, 76], [-1, 29, -1, -1, 9, -1, 68, 7, -1, 14, 87, -1], [-1, 88, -1, 13, 54, -1, -1, -1, 90, -1, 97, -1], [-1, 48, 102, -1, -1, -1, -1, 28, -1, -1, -1, -1], [-1, 109, -1, -1, -1, -1, 45, -1, 16, -1, -1, 23], [46, 96, 77, -1, 34, -1, 8, 49, 79, -1, 104, 107], [18, 63, 43, 114, -1, 115, 3, 72, 4, -1, 75, -1], [65, 5, -1, -1, -1, 55, -1, -1, 120, 52, -1, -1], [-1, 78, 33, -1, 91, -1, -1, -1, -1, 40, -1, -1]], "target_index": 45, "target_rc": [3, 9], "target_value": 25, "confidence": 0.9329864422619633, "module_label": "A5"}