{"grid": [[41, -1, -1, 65, -1, -1, -1, -1, 114, 115, 8, 9], [-1, 86, 108, -1, 107, 16, -1, 39, -1, -1, -1, 92], [98, 95, -1, 56, -1, -1, -1, -1, 94, 66, 47, 37], [118, 49, -1, 57, 25, -1, 27, -1, 45, -1, -1, -1], [87, -1, -1, 93, 17, 43, -1, 104, 79, -1, -1, -1], [-1, 76, 69, -1, 2, -1, 46, -1, -1, -1, 83, -1], [-1, -1, 10, -1, 119, -1, -1, -1, 33, 48, 91, -1], [-1, 62, -1, -1, 19, 99, -1, 80, 1, 32, 23, -1], [-1, 6, 7, 15, -1, -1, 71, 4, -1, -1, -1, -1], [-1, 29, -1, 103, 70, 106, -1, 34, -1, 61, 120, -1]], "target_index": 87, "target_rc": [7, 3], "target_value": 21, "confidence": 0.809644805587244, "module_label": "M2"}