{"grid": [[-1, -1, 83, -1, 12, 10, 59, -1, -1, 17, 8, 16], [19, -1, -1, 21, 28, -1, 9, 65, -1, 46, 61, -1], [112, 77, 99, -1, 34, -1, -1, -1, 57, -1, -1, 47], [-1, -1, -1, 87, 32, 75, 96, -1, 120, -1, -1, -1], [117, 41, 14, 109, -1, 89, -1, 30, 90, -1, 98, -1], [-1, -1, -1, 15, 54, 94, -1, 113, -1, 79, 35, -1], [-1, 62, 104, -1, 115, -1, 116, -1, -1, 105, -1, 111], [72, -1, -1, 23, 82, -1, -1, 55, -1, 106, -1, -1], [-1, -1, -1, 53, -1, 68, -1, -1, -1, -1, -1, 118], [33, -1, -1, 58, -1, 3, -1, 43, 22, 63, -1, 97]], "target_index": 62, "target_rc": [5, 2], "target_value": 100, "confidence": 0.8584117439104252, "module_label": "M2"}