{"grid": [[-1, -1, -1, -1, 113, -1, -1, -1, 99, 62, 104, 6], [-1, -1, -1, -1, -1, -1, 68, 27, 36, -1, 31, 1], [-1, -1, 67, -1, 81, -1, 58, 69, 60, 80, 88, -1], [105, 28, 17, 96, -1, 55, -1, -1, 102, 98, -1, 25], [39, 119, -1, 42, -1, -1, 5, 74, -1, 10, 4, 33], [-1, -1, -1, -1, 110, -1, 66, 43, 101, 95, -1, 56], [51, 46, -1, 63, -1, 87, 116, -1, -1, -1, -1, -1], [-1, -1, -1, -1, -1, 11, 97, -1, -1, 92, 37, 57], [-1, -1, -1, -1, -1, 83, 44, -1, 40, 59, 120, -1], [-1, -1, 7, 3, -1, -1, 45, 41, 61, 35, -1, -1]], "target_index": 7, "target_rc": [0, 7], "target_value": 86, "confidence": 0.943460775887833, "module_label": "M2"}