{"grid": [[-1, -1, 99, 112, 104, -1, -1, -1, -1, -1, -1, 61], [97, 8, 56, 91, 1, 73, -1, 41, 69, -1, 110, 19], [-1, 75, 59, -1, 27, -1, 88, -1, -1, -1, 25, 64], [107, -1, -1, -1, -1, -1, -1, 7, 50, -1, 71, -1], [113, -1, -1, -1, 12, 18, 96, -1, 102, -1, 47, -1], [32, -1, -1, 24, -1, -1, 28, 66, 39, 29, 16, -1], [-1, 94, -1, 51, 117, 57, -1, -1, 30, 2, 105, 14], [-1, 103, -1, -1, 63, -1, -1, -1, 81, 23, -1, 98], [-1, -1, -1, -1, -1, 43, -1, 26, 95, -1, -1, -1], [120, -1, 37, 116, 78, -1, 65, -1, 72, 44, -1, -1]], "target_index": 9, "target_rc": [0, 9], "target_value": 67, "confidence": 0.980313015087905, "module_label": "M8"}