{"grid": [[119, 38, 36, 71, 16, -1, -1, 88, -1, 51, 106, -1], [-1, 10, -1, -1, 68, 14, -1, -1, -1, -1, 54, -1], [15, 107, -1, 21, 40, 25, -1, -1, -1, 101, 6, 55], [78, -1, 112, -1, -1, 70, -1, -1, -1, -1, -1, -1], [31, -1, 9, -1, -1, -1, -1, 113, 27, 61, 79, -1], [99, -1, -1, 83, 87, -1, -1, 3, -1, 96, 24, 66], [23, -1, -1, -1, 44, 93, 52, 90, -1, -1, -1, 58], [-1, 67, 100, -1, 4, -1, 102, -1, 91, -1, 22, -1], [65, -1, -1, 110, 80, 98, -1, 11, -1, 8, -1, 53], [56, -1, -1, -1, 47, 81, 26, -1, 43, -1, -1, -1]], "target_index": 115, "target_rc": [9, 7], "target_value": 19, "confidence": 0.8574627878620855, "module_label": "A8"}