{"grid": [[20, -1, -1, -1, 43, 42, -1, -1, -1, -1, -1, 7], [107, 57, 69, 111, 56, -1, -1, 32, 75, -1, 66, 60], [-1, 88, 62, -1, -1, 99, -1, 26, -1, -1, -1, -1], [-1, -1, -1, -1, 91, 93, 83, -1, -1, -1, 78, -1], [65, 9, -1, -1, -1, -1, -1, -1, 96, 2, 37, -1], [-1, -1, 53, 16, 101, -1, -1, -1, 21, 108, 46, 119], [63, -1, -1, -1, -1, 94, 70, -1, 113, -1, 22, -1], [18, -1, 45, 14, -1, 105, 98, -1, -1, 79, 61, -1], [-1, -1, -1, 117, -1, -1, 25, -1, 55, 85, 58, -1], [118, 4, 89, 64, 95, 67, 74, -1, 35, 82, 44, -1]], "target_index": 33, "target_rc": [2, 9], "target_value": 3, "confidence": 0.9786561221726167, "module_label": "M8"}