{"grid": [[-1, 7, 1, -1, -1, 52, 31, 46, 12, 94, -1, 13], [62, -1, -1, -1, 92, 20, -1, 19, 39, -1, 116, 97], [120, 27, -1, 113, 100, 28, -1, -1, 69, -1, -1, -1], [42, -1, -1, 58, 51, -1, 6, -1, -1, 32, 50, -1], [-1, -1, 40, -1, -1, -1, 83, -1, -1, 64, 56, 23], [108, -1, 95, 82, -1, 16, 88, 98, -1, -1, -1, -1], [14, 117, 70, 18, 85, -1, -1, -1, 65, -1, -1, -1], [26, -1, -1, 29, -1, -1, -1, 33, -1, 41, -1, 30], [54, -1, -1, 15, -1, 25, -1, -1, 55, 71, -1, -1], [66, -1, -1, -1, -1, -1, 78, -1, 77, 63, 44, 4]], "target_index": 113, "target_rc": [9, 5], "target_value": 75, "confidence": 0.9319989136081047, "module_label": "A5"}