{"grid": [[117, -1, 120, 118, -1, 114, -1, -1, 9, -1, -1, 18], [15, 23, -1, -1, 66, -1, 85, -1, 97, 6, -1, 113], [-1, -1, 106, -1, 37, -1, 38, -1, -1, -1, -1, 105], [30, 33, 29, 5, -1, -1, -1, -1, 95, 16, 34, -1], [44, 2, -1, -1, -1, -1, -1, 107, 86, 54, 68, -1], [-1, -1, -1, 14, -1, -1, 40, -1, -1, -1, -1, 58], [-1, -1, 36, -1, 112, 8, 27, 60, 21, 25, 69, 43], [-1, 61, 64, 7, 109, -1, 63, 1, 35, -1, -1, 50], [78, -1, -1, -1, -1, 98, 22, 70, 19, 53, -1, -1], [-1, -1, -1, -1, 11, -1, -1, -1, 32, -1, 92, 56]], "target_index": 40, "target_rc": [3, 4], "target_value": 101, "confidence": 0.9078964730393368, "module_label": "M2"}