{"grid": [[34, -1, 106, -1, 40, 19, 13, -1, -1, -1, -1, -1], [-1, 104, -1, 63, 37, -1, -1, 78, 93, 48, 91, 101], [-1, -1, 45, 25, -1, 115, 28, -1, -1, -1, -1, 95], [21, 3, 57, -1, 97, 72, -1, -1, 86, 83, -1, 82], [81, -1, -1, -1, -1, 77, 114, 54, -1, 51, 46, -1], [66, 38, 62, 111, 85, -1, -1, -1, 102, -1, -1, -1], [-1, -1, 4, -1, -1, 23, 17, 32, -1, -1, -1, -1], [-1, 119, 74, -1, 105, 87, -1, -1, 89, 120, -1, -1], [-1, 118, 116, -1, -1, 92, 73, 41, -1, 20, -1, -1], [-1, 64, -1, 117, -1, -1, 55, -1, 18, -1, 11, 71]], "target_index": 14, "target_rc": [1, 2], "target_value": 36, "confidence": 0.8112604545020382, "module_label": "A5"}