{"grid": [[113, 62, 36, 78, 46, -1, -1, -1, -1, -1, 77, -1], [55, -1, -1, -1, 88, -1, -1, -1, -1, 87, -1, -1], [-1, 69, 1, 110, -1, -1, -1, 61, -1, -1, 11, 27], [72, -1, 19, 76, -1, 119, 73, 86, -1, -1, 21, 94], [13, 51, -1, -1, 95, 53, -1, -1, -1, -1, -1, -1], [6, 115, 68, 40, -1, -1, 22, 108, 102, -1, -1, 82], [63, -1, -1, -1, 12, 48, -1, 52, -1, 104, -1, 54], [80, -1, -1, 7, 8, -1, -1, -1, 9, -1, 120, 18], [26, 20, 42, -1, -1, 105, -1, 3, 57, 50, 83, -1], [-1, -1, 28, 117, -1, 10, 81, -1, -1, -1, 97, -1]], "target_index": 115, "target_rc": [9, 7], "target_value": 96, "confidence": 0.8907792662340249, "module_label": "A5"}