{"grid": [[19, 104, 8, 16, -1, -1, 85, 120, -1, 94, -1, 78], [58, -1, -1, -1, 5, 27, -1, 96, 101, 39, -1, 25], [-1, -1, 81, -1, -1, 56, -1, -1, -1, -1, 54, -1], [62, 111, -1, 40, -1, 50, -1, 116, -1, 68, -1, -1], [-1, -1, -1, 4, 47, 65, 66, 44, -1, 92, -1, 11], [-1, 102, 117, -1, -1, -1, -1, -1, -1, 109, 100, 18], [114, -1, 57, -1, -1, 67, -1, 9, -1, 110, -1, 13], [51, 1, 87, 79, 98, 119, -1, 91, -1, -1, 59, -1], [-1, -1, -1, 52, -1, 93, -1, -1, 77, -1, 7, -1], [-1, 15, 49, 115, -1, 76, 37, -1, -1, -1, -1, 26]], "target_index": 116, "target_rc": [9, 8], "target_value": 69, "confidence": 0.9982911047281942, "module_label": "A8"}