{"grid": [[-1, -1, -1, -1, 37, 117, -1, 113, 50, 28, 114, 111], [86, 69, 74, -1, 77, -1, 107, -1, -1, -1, -1, 13], [-1, 29, 85, -1, -1, 31, 82, -1, -1, 103, -1, 99], [79, -1, 55, -1, -1, 19, -1, 76, -1, 72, 14, 61], [-1, -1, 73, 71, 112, 96, 53, -1, 22, -1, 38, -1], [-1, -1, -1, 6, 12, 7, -1, -1, 21, -1, -1, 58], [-1, 56, -1, -1, -1, -1, 98, -1, 41, -1, -1, 105], [15, -1, -1, -1, 45, -1, 60, -1, 83, -1, -1, -1], [-1, 94, 42, -1, -1, 25, -1, 16, 64, 104, 97, 59], [-1, 35, -1, -1, 1, -1, 51, -1, 63, -1, 65, 11]], "target_index": 77, "target_rc": [6, 5], "target_value": 95, "confidence": 0.8558593373943256, "module_label": "A5"}