{"grid": [[-1, 28, -1, 3, -1, -1, 101, 41, 69, -1, -1, 95], [47, -1, -1, -1, 32, -1, -1, -1, 86, -1, 11, 25], [-1, -1, 39, 117, 26, -1, -1, 119, 80, 104, 43, 94], [46, -1, -1, -1, 72, -1, -1, -1, 120, 100, 90, -1], [92, 49, 82, -1, 75, -1, 29, 108, 52, -1, 96, -1], [-1, 58, -1, -1, 9, 83, -1, -1, 10, 36, 55, 87], [-1, 78, -1, -1, -1, 64, 109, 45, -1, -1, 37, 79], [-1, -1, -1, -1, -1, 112, -1, 50, 89, -1, 17, -1], [27, -1, -1, 34, -1, -1, -1, -1, -1, 12, 61, -1], [-1, 24, -1, 38, 71, -1, 118, 102, 98, -1, 106, -1]], "target_index": 84, "target_rc": [7, 0], "target_value": 111, "confidence": 0.922640558847873, "module_label": "A8"}