{"grid": [[-1, -1, -1, 107, -1, 39, -1, -1, -1, 50, -1, -1], [27, -1, -1, 71, 46, -1, -1, 13, -1, -1, 90, 59], [47, -1, -1, 54, -1, 31, 56, 120, 89, 106, -1, 15], [-1, 83, -1, -1, -1, 25, 108, 10, 49, 93, 4, -1], [35, -1, 87, -1, 111, -1, -1, 81, 73, 86, 80, -1], [52, -1, -1, -1, -1, -1, -1, 68, 101, -1, 9, 92], [-1, -1, 2, 70, -1, -1, 74, 34, 44, -1, -1, -1], [38, -1, -1, 69, -1, 1, -1, 88, -1, -1, -1, -1], [-1, 51, -1, -1, 75, -1, 41, 21, 33, -1, 100, 22], [36, 8, -1, 102, -1, 57, 118, 30, -1, 95, 82, -1]], "target_index": 26, "target_rc": [2, 2], "target_value": 94, "confidence": 0.8917672300417299, "module_label": "M2"}