{"grid": [[-1, -1, 90, 81, 38, -1, -1, 67, -1, 88, 117, -1], [21, 118, -1, 41, 111, -1, 44, 20, 16, -1, 55, 17], [5, -1, 47, -1, 53, -1, -1, 32, -1, -1, -1, 108], [82, 8, -1, -1, -1, -1, -1, -1, -1, -1, -1, 49], [34, -1, -1, -1, -1, 35, 62, 84, 100, -1, 26, -1], [56, 107, 103, -1, -1, 24, 54, 64, -1, 76, 6, -1], [36, 48, 46, -1, 50, -1, 70, -1, 57, 10, -1, 112], [80, -1, -1, -1, 29, 11, -1, 79, -1, 63, -1, 89], [-1, 110, 93, -1, 92, -1, -1, -1, -1, -1, -1, -1], [-1, 7, 28, 15, 101, -1, 1, -1, -1, -1, 77, -1]], "target_index": 94, "target_rc": [7, 10], "target_value": 69, "confidence": 0.8095052675086807, "module_label": "A8"}