{"grid": [[-1, 47, -1, 12, -1, 49, -1, 53, -1, -1, 39, 71], [41, -1, 106, 64, 118, -1, -1, -1, -1, -1, -1, 63], [-1, 33, 65, 108, 55, 90, -1, -1, -1, -1, -1, -1], [-1, -1, -1, 46, 91, -1, -1, 44, -1, -1, 42, -1], [93, 109, -1, 24, 2, -1, -1, 32, -1, 74, -1, 11], [-1, -1, -1, -1, 45, 27, -1, -1, -1, -1, 87, 59], [116, 14, 5, 8, -1, 84, 66, 89, 92, -1, -1, 10], [25, 83, 13, -1, -1, 48, -1, 23, 88, 21, 81, 3], [-1, 95, -1, -1, -1, 16, 54, -1, 102, 105, -1, -1], [-1, 26, 19, -1, -1, 110, 29, -1, -1, 40, -1, 120]], "target_index": 0, "target_rc": [0, 0], "target_value": 96, "confidence": 0.9041068602261558, "module_label": "M8"}