{"grid": [[42, 84, -1, -1, -1, 21, -1, -1, -1, 103, 36, -1], [23, 47, -1, -1, -1, -1, 78, -1, 101, 74, -1, -1], [114, 94, -1, 66, -1, 14, -1, 93, -1, 109, -1, -1], [-1, -1, 58, 25, 102, -1, -1, -1, 100, 29, 117, 34], [89, 1, 53, -1, -1, 95, -1, 104, 99, -1, 20, -1], [-1, -1, -1, 68, 98, -1, -1, -1, 51, 54, 86, 17], [-1, -1, 39, -1, 88, -1, 7, 19, -1, 90, 71, -1], [-1, -1, 107, 110, -1, -1, -1, 3, 83, -1, 12, -1], [-1, 64, 91, -1, 67, 44, 46, -1, 10, 5, 79, 96], [-1, -1, -1, -1, -1, 9, 92, -1, -1, 115, 13, -1]], "target_index": 66, "target_rc": [5, 6], "target_value": 72, "confidence": 0.821244683605423, "module_label": "A8"}