{"grid": [[-1, 103, -1, -1, -1, -1, 17, -1, 11, 15, -1, -1], [-1, -1, 101, -1, 73, -1, -1, 111, 8, 53, -1, 18], [68, 26, 81, 87, 91, 24, -1, -1, -1, -1, -1, 97], [31, 44, 102, -1, -1, 99, -1, -1, -1, 43, 70, -1], [-1, -1, 86, -1, 60, 5, -1, -1, -1, -1, 98, -1], [-1, 118, 95, 115, -1, 39, -1, 100, 56, 76, 66, 112], [-1, 7, -1, -1, -1, -1, 58, 34, -1, 38, -1, -1], [64, -1, -1, -1, 37, -1, 74, 119, -1, -1, 96, -1], [88, 71, -1, 49, 29, -1, 47, -1, -1, 30, 113, 42], [33, -1, 110, 116, 27, -1, 82, -1, 77, -1, -1, 6]], "target_index": 32, "target_rc": [2, 8], "target_value": 59, "confidence": 0.9127315597777571, "module_label": "A8"}