{"grid": [[-1, 107, -1, -1, 70, 1, 16, 13, 37, -1, -1, -1], [-1, -1, -1, 34, -1, 80, 49, -1, -1, 112, 58, -1], [-1, 21, 77, 43, -1, -1, -1, 110, 40, 81, 3, 55], [-1, 56, -1, -1, 65, 19, -1, 4, 18, -1, 20, -1], [-1, 97, 93, 103, 74, 101, 82, 53, 75, -1, -1, 98], [-1, -1, -1, 92, 12, 118, -1, 50, -1, -1, -1, -1], [-1, -1, 76, -1, -1, 38, 25, -1, -1, -1, -1, -1], [-1, 66, 6, -1, 87, 69, 67, -1, 8, -1, -1, 89], [-1, -1, 63, -1, -1, 2, -1, -1, 90, -1, 28, -1], [96, -1, 71, 30, 57, -1, 94, -1, 54, 91, 32, -1]], "target_index": 58, "target_rc": [4, 10], "target_value": 26, "confidence": 0.938598278355131, "module_label": "A5"}