{"grid": [[103, 71, 25, -1, 75, 85, 18, 30, 40, 65, -1, -1], [-1, 23, -1, 52, -1, 91, 83, 119, -1, 84, 117, -1], [39, 33, -1, 49, 24, -1, -1, 105, 59, -1, -1, 108], [-1, 13, 73, 99, 44, -1, 116, -1, -1, -1, -1, 36], [-1, -1, -1, -1, -1, 79, -1, -1, -1, 62, -1, 95], [-1, -1, -1, 51, -1, -1, -1, -1, 8, 97, -1, 10], [-1, -1, -1, 45, -1, 46, -1, 96, -1, 100, 114, 6], [70, -1, -1, 22, 16, 53, 78, -1, 109, 76, -1, 58], [-1, 72, -1, -1, -1, 69, -1, -1, 118, -1, -1, 101], [56, 115, -1, -1, 106, -1, 92, 2, -1, 89, -1, -1]], "target_index": 46, "target_rc": [3, 10], "target_value": 57, "confidence": 0.8983254140184166, "module_label": "A8"}