{"grid": [[-1, 119, -1, 117, 87, 67, 30, 3, 103, -1, 49, -1], [43, -1, -1, 58, -1, -1, -1, 118, -1, -1, -1, -1], [85, 120, 63, 5, -1, 47, 9, -1, 113, -1, 90, 114], [-1, -1, -1, 42, 45, 18, -1, 27, 11, 60, 52, -1], [-1, 73, -1, -1, 72, -1, -1, 55, 4, -1, 14, 105], [-1, 29, 25, -1, -1, 76, 93, -1, 95, -1, -1, -1], [-1, -1, -1, 70, -1, 68, 109, 56, -1, -1, -1, -1], [66, 108, -1, -1, -1, -1, -1, -1, 71, -1, -1, -1], [32, -1, 106, -1, 101, 75, -1, -1, 74, 23, 46, 104], [96, 33, -1, -1, -1, -1, 107, 15, 91, 94, 100, -1]], "target_index": 71, "target_rc": [5, 11], "target_value": 84, "confidence": 0.8878192707758497, "module_label": "A5"}