{"grid": [[-1, -1, -1, 23, -1, -1, 120, -1, 114, 25, 78, -1], [86, -1, 9, 33, -1, 64, 66, 79, -1, -1, 19, 50], [39, -1, 87, -1, 69, -1, -1, 70, -1, -1, -1, -1], [-1, 74, 106, -1, -1, -1, 76, -1, -1, -1, 16, -1], [-1, 111, 40, -1, 65, -1, 20, 82, 117, -1, -1, -1], [-1, 27, -1, 46, -1, 22, -1, 108, -1, -1, -1, -1], [7, 4, 100, 95, -1, 5, 63, 18, 93, -1, 92, -1], [80, 102, -1, -1, 31, 85, -1, 68, 59, -1, -1, -1], [58, 6, -1, 62, 8, 57, 83, 49, 56, -1, -1, 109], [29, 55, -1, 32, -1, 67, -1, -1, 1, -1, -1, -1]], "target_index": 66, "target_rc": [5, 6], "target_value": 26, "confidence": 0.977034758514869, "module_label": "A5"}