{"grid": [[-1, -1, -1, -1, -1, -1, -1, -1, 8, 24, 32, -1], [-1, 36, 105, -1, -1, 95, 70, -1, 12, 37, -1, 120], [47, 22, -1, -1, -1, -1, -1, 17, -1, -1, -1, -1], [28, 114, -1, 57, 88, -1, -1, 46, 93, -1, 104, 14], [91, 97, 58, -1, 80, 100, -1, -1, -1, 10, 73, 63], [-1, 68, -1, 48, -1, -1, 69, 67, -1, -1, 41, -1], [23, 42, -1, -1, 72, -1, -1, -1, 117, 118, -1, 82], [29, 65, 7, -1, 60, -1, -1, 15, -1, -1, -1, 115], [78, 13, 86, 79, -1, -1, 45, -1, -1, -1, 27, 75], [-1, 61, -1, 101, -1, 99, -1, 55, 74, -1, 52, 20]], "target_index": 4, "target_rc": [0, 4], "target_value": 56, "confidence": 0.9658647452484823, "module_label": "M8"}