{"grid": [[43, 67, -1, -1, 102, 35, -1, -1, 14, 117, 33, -1], [-1, 40, 87, 118, 41, 21, 115, -1, -1, 45, -1, 76], [109, -1, 46, 50, -1, -1, -1, -1, 13, 32, -1, -1], [100, 74, 97, -1, 20, -1, -1, 59, -1, -1, -1, -1], [69, 104, 34, -1, 26, 71, -1, -1, -1, 44, -1, 4], [83, 28, 107, 110, 75, 18, -1, -1, -1, -1, -1, -1], [-1, -1, -1, -1, 116, -1, -1, 6, -1, 95, -1, 16], [88, -1, 51, 8, -1, 103, -1, -1, 38, -1, 5, -1], [-1, -1, -1, -1, -1, 77, -1, 64, 52, 120, 66, 47], [-1, -1, 101, 73, 25, 111, -1, -1, 79, -1, 114, -1]], "target_index": 58, "target_rc": [4, 10], "target_value": 29, "confidence": 0.9982000176654404, "module_label": "A5"}