{"grid": [[36, 67, -1, 16, -1, 101, 76, -1, 47, -1, -1, 29], [-1, 53, -1, 1, -1, -1, -1, -1, 99, -1, 102, 20], [73, -1, 91, 2, 89, 85, 83, -1, 113, -1, 19, 45], [100, 33, -1, 6, 43, -1, -1, -1, 34, -1, -1, -1], [107, 112, 118, 62, 24, -1, -1, -1, 106, -1, -1, -1], [98, -1, 109, 72, 3, 88, -1, 17, -1, 71, 105, -1], [25, -1, -1, -1, 55, 8, 11, 95, -1, 115, 78, 117], [-1, 84, -1, -1, 86, -1, -1, 60, -1, -1, -1, 23], [-1, -1, -1, -1, 18, -1, -1, -1, 54, -1, -1, -1], [-1, -1, -1, 57, 59, -1, 10, 66, 116, -1, 90, -1]], "target_index": 12, "target_rc": [1, 0], "target_value": 35, "confidence": 0.9495852707411845, "module_label": "A8"}