{"grid": [[-1, 21, -1, 56, 73, -1, -1, 8, -1, -1, 107, -1], [20, 9, -1, -1, 4, -1, -1, -1, -1, 74, 111, 76], [7, -1, 66, 18, 83, 101, -1, -1, -1, 97, -1, -1], [45, 87, 63, 120, 72, 93, -1, -1, -1, -1, 98, 79], [105, 96, -1, 5, -1, -1, -1, 31, -1, -1, 1, -1], [81, -1, -1, -1, 77, 33, 36, 88, -1, -1, 52, -1], [-1, -1, 85, 54, -1, 26, -1, -1, -1, 17, -1, -1], [109, 100, 49, 23, -1, -1, -1, 94, -1, 10, 48, -1], [34, -1, 22, -1, -1, 41, 47, 51, 11, -1, 3, -1], [-1, 55, 16, -1, -1, 112, 117, 2, 25, -1, -1, -1]], "target_index": 80, "target_rc": [6, 8], "target_value": 44, "confidence": 0.802356037867102, "module_label": "M2"}