{"grid": [[-1, 1, -1, 35, 89, -1, -1, 28, 63, 77, 88, 97], [-1, -1, -1, 16, -1, -1, 112, -1, 86, -1, -1, 106], [-1, -1, 34, -1, -1, -1, -1, -1, 105, -1, -1, -1], [-1, -1, -1, -1, 84, 62, 72, 50, 41, 20, 66, 68], [82, -1, 57, -1, -1, 92, -1, 116, 100, 120, 59, 37], [45, 102, 96, -1, 85, 98, -1, 74, -1, -1, -1, 87], [-1, -1, 2, -1, -1, -1, 6, -1, -1, -1, -1, -1], [30, 26, 107, 110, 49, -1, 56, 52, -1, 115, 111, -1], [-1, -1, -1, 81, 22, -1, 90, 5, -1, 7, 3, -1], [-1, -1, -1, 47, -1, 91, 94, -1, 8, 17, -1, 61]], "target_index": 66, "target_rc": [5, 6], "target_value": 40, "confidence": 0.92867807932934, "module_label": "A8"}