{"grid": [[28, 80, -1, -1, -1, 10, -1, -1, -1, 92, 82, -1], [-1, 48, 96, -1, -1, -1, -1, 7, -1, 40, 55, -1], [-1, 34, -1, -1, 63, 79, 9, -1, 106, 26, 59, 74], [95, 21, -1, -1, 101, 25, -1, -1, -1, -1, -1, 90], [36, 62, -1, -1, -1, -1, -1, -1, -1, 111, 51, -1], [50, 100, 78, 75, -1, 46, 91, -1, -1, -1, -1, -1], [-1, 115, 58, 73, -1, 86, 112, 38, -1, 98, 13, 69], [-1, 45, 77, -1, -1, -1, 116, 65, 93, -1, -1, -1], [-1, -1, 31, 16, 56, 103, 37, -1, 22, 52, -1, -1], [-1, 104, -1, -1, 19, 109, 6, -1, 67, -1, 15, -1]], "target_index": 76, "target_rc": [6, 4], "target_value": 4, "confidence": 0.9542063855178737, "module_label": "M2"}