{"grid": [[-1, -1, 68, -1, -1, -1, 97, 64, 5, -1, -1, 95], [52, 59, -1, 15, 102, 83, -1, 20, 119, -1, -1, -1], [7, -1, 77, 35, -1, 82, -1, 31, 43, 3, 76, -1], [-1, -1, -1, 18, 71, 41, 110, 116, -1, -1, 87, 73], [-1, -1, -1, -1, 113, -1, 48, 63, -1, 114, 106, 96], [-1, -1, 78, -1, 21, 33, -1, -1, -1, -1, 99, -1], [-1, -1, 109, -1, 107, -1, -1, 47, -1, -1, 112, -1], [-1, 17, 55, -1, 29, 16, 36, -1, 10, -1, 50, -1], [115, 37, 61, -1, 11, -1, 88, -1, 57, -1, -1, -1], [94, 67, 42, -1, 101, 74, -1, -1, -1, -1, -1, 34]], "target_index": 60, "target_rc": [5, 0], "target_value": 26, "confidence": 0.8974529598875878, "module_label": "M2"}