{"grid": [[-1, 21, 114, -1, 3, 95, 78, 120, 6, -1, 35, 66], [-1, -1, 49, -1, -1, 27, -1, 36, -1, 109, 28, -1], [-1, -1, 74, -1, 62, -1, 46, -1, -1, 25, -1, 54], [57, 11, 9, 59, 60, 83, 117, 37, -1, -1, -1, 65], [10, -1, -1, 94, 22, -1, 58, 55, 53, -1, -1, 50], [81, -1, 111, -1, -1, 89, -1, -1, -1, -1, -1, -1], [-1, 92, 107, -1, 24, -1, -1, 19, -1, -1, 26, -1], [-1, 31, -1, -1, -1, 7, 71, 64, -1, -1, -1, -1], [30, -1, -1, -1, 1, 106, 118, 14, -1, 115, 32, 80], [-1, -1, 23, -1, -1, 99, 33, -1, 72, -1, 67, -1]], "target_index": 87, "target_rc": [7, 3], "target_value": 96, "confidence": 0.9925951641912917, "module_label": "M2"}