{"grid": [[-1, 62, -1, -1, 38, -1, -1, -1, 45, -1, 119, 103], [-1, -1, 99, 11, -1, 63, -1, -1, -1, -1, -1, -1], [-1, 25, 81, -1, 37, 14, 118, 88, 9, 24, -1, -1], [70, -1, 57, -1, -1, 67, -1, 10, -1, -1, 49, -1], [-1, 17, -1, -1, -1, 35, -1, -1, -1, 56, 40, -1], [12, -1, 16, 113, 76, 47, 116, -1, 44, -1, 7, -1], [-1, -1, 8, -1, 52, -1, -1, 68, 100, 32, -1, 5], [48, 6, -1, 102, 53, -1, -1, 79, -1, 75, 54, 74], [115, 55, -1, 72, 90, -1, -1, 59, 23, 71, 106, -1], [51, -1, -1, -1, 58, -1, -1, 105, -1, 80, -1, 64]], "target_index": 44, "target_rc": [3, 8], "target_value": 39, "confidence": 0.9171730270219068, "module_label": "A8"}