{"grid": [[-1, -1, -1, 119, -1, 32, 120, -1, -1, -1, -1, -1], [12, 31, -1, 108, -1, 89, -1, 103, -1, 61, -1, -1], [-1, 40, 73, -1, 43, -1, 26, -1, -1, -1, 29, -1], [5, -1, -1, -1, 58, -1, 65, 56, -1, -1, -1, 4], [-1, 62, -1, -1, 84, -1, 7, -1, 38, -1, 92, 77], [-1, -1, 74, -1, 55, 86, -1, -1, -1, 15, -1, 46], [-1, -1, -1, 82, 100, 11, 118, -1, 64, 104, -1, -1], [83, 34, 63, 23, 91, -1, 35, -1, -1, 54, 96, 60], [80, 10, -1, 95, 67, -1, 110, -1, -1, 30, 75, -1], [117, 52, 102, -1, 68, -1, 99, 22, 107, 19, -1, -1]], "target_index": 61, "target_rc": [5, 1], "target_value": 101, "confidence": 0.850583241712932, "module_label": "M2"}