{"grid": [[11, -1, 4, 29, 15, 3, 113, -1, -1, 25, -1, 40], [-1, -1, -1, 71, -1, -1, 47, -1, -1, -1, 10, -1], [-1, 104, -1, 34, 27, 31, 44, -1, -1, 26, 39, -1], [-1, 63, 85, -1, -1, -1, 36, 49, 100, -1, 48, -1], [61, -1, 116, 110, -1, -1, -1, 76, 43, 108, 91, 42], [65, -1, -1, -1, -1, 20, 107, -1, 7, -1, -1, -1], [-1, 9, -1, -1, 119, 32, 117, -1, -1, -1, -1, 114], [-1, 70, 66, 35, -1, -1, 16, 8, -1, -1, 72, 77], [-1, 2, -1, 74, 38, -1, 83, 90, 92, 120, -1, 52], [-1, 73, -1, -1, -1, -1, -1, -1, 82, 19, -1, 17]], "target_index": 72, "target_rc": [6, 0], "target_value": 55, "confidence": 0.8083579155869937, "module_label": "M2"}