{"grid": [[115, -1, 75, 74, -1, 1, -1, -1, 29, 111, 88, 36], [83, -1, -1, 46, -1, -1, -1, 19, -1, -1, -1, -1], [-1, -1, 5, 55, 33, -1, 103, 60, 104, 44, -1, 97], [-1, -1, 93, -1, 87, -1, 120, -1, 70, -1, -1, -1], [57, -1, -1, -1, 119, -1, -1, 41, -1, -1, -1, -1], [114, -1, 26, 67, 64, 25, 45, 14, 63, 54, 9, -1], [40, 106, -1, -1, 10, -1, 18, -1, 31, 17, 92, -1], [116, -1, -1, 42, 53, 65, -1, -1, 22, -1, 82, -1], [11, -1, -1, -1, 80, 21, -1, -1, 76, -1, -1, 109], [-1, -1, 89, -1, -1, 86, 102, 77, -1, 98, 27, -1]], "target_index": 25, "target_rc": [2, 1], "target_value": 108, "confidence": 0.8950608229646138, "module_label": "A5"}