{"grid": [[-1, 90, 2, -1, 93, -1, 111, 26, 78, -1, -1, -1], [-1, 16, 116, -1, 42, -1, 20, -1, 13, 77, 31, 65], [85, -1, 40, 120, 35, 32, -1, -1, -1, 98, 95, -1], [-1, 1, -1, -1, -1, -1, 37, -1, 14, -1, 100, -1], [17, -1, 61, -1, 104, -1, 63, -1, 69, -1, 54, -1], [-1, 67, 47, -1, -1, 119, 60, -1, -1, -1, -1, -1], [-1, 21, 94, -1, 87, 80, -1, 52, -1, 105, 49, -1], [41, -1, -1, -1, 110, -1, -1, -1, 103, 91, 64, -1], [-1, 112, 6, 76, 23, -1, -1, 99, -1, -1, 4, 109], [-1, -1, 102, -1, -1, 92, 15, 59, 39, -1, -1, 12]], "target_index": 69, "target_rc": [5, 9], "target_value": 55, "confidence": 0.8587932663413467, "module_label": "A8"}