{"grid": [[-1, -1, -1, -1, 25, 36, 33, 68, 5, 84, -1, -1], [8, -1, 85, -1, -1, -1, 81, 112, -1, -1, -1, 32], [83, -1, 51, 66, 88, -1, -1, -1, 104, -1, 65, 62], [110, 29, -1, -1, 99, 105, -1, 26, 120, 82, 75, 31], [-1, -1, -1, -1, -1, -1, -1, 92, 106, 45, 107, -1], [-1, 63, -1, 93, 19, -1, -1, 74, -1, 9, -1, -1], [-1, 24, -1, -1, -1, -1, 10, -1, 38, 60, 64, 109], [-1, -1, -1, -1, -1, 12, -1, 79, 108, 14, -1, -1], [22, -1, 3, 27, 100, 28, 72, -1, 34, 13, -1, -1], [-1, -1, -1, -1, 48, 69, -1, 15, 50, 70, -1, 23]], "target_index": 11, "target_rc": [0, 11], "target_value": 73, "confidence": 0.9592795464118323, "module_label": "M2"}