{"grid": [[-1, 21, 74, 3, -1, -1, 7, -1, -1, 66, 99, -1], [62, 89, -1, 9, 102, 95, -1, 88, 81, 60, -1, 47], [-1, -1, -1, 80, -1, -1, 33, 38, -1, -1, -1, 75], [-1, -1, -1, 63, 72, 78, 49, 34, 114, 69, -1, 40], [18, 110, -1, -1, -1, 83, -1, 87, 22, -1, -1, 79], [58, 96, -1, 91, -1, 111, -1, -1, 71, -1, 45, -1], [-1, 54, 73, -1, 55, 61, -1, -1, -1, 86, 119, 15], [-1, 16, -1, -1, -1, -1, -1, -1, 23, -1, -1, 97], [-1, 104, -1, 46, 113, -1, -1, 93, 32, 116, 76, -1], [65, -1, -1, 57, 98, -1, -1, -1, -1, -1, -1, 17]], "target_index": 114, "target_rc": [9, 6], "target_value": 8, "confidence": 0.8556300274359504, "module_label": "M2"}