{"grid": [[-1, -1, 26, -1, -1, -1, 105, -1, -1, -1, 98, 40], [66, 120, -1, -1, -1, 64, -1, 91, -1, 38, 5, -1], [102, 90, -1, 25, 27, 31, 77, -1, 49, -1, 76, -1], [109, 111, -1, 9, -1, 51, -1, 83, 47, 57, 107, 101], [21, 10, -1, -1, -1, -1, -1, -1, 118, 100, 60, 56], [53, 63, -1, -1, -1, 117, -1, 75, -1, 62, -1, -1], [-1, -1, 65, -1, -1, -1, 45, -1, -1, 14, 1, -1], [99, -1, -1, 18, -1, 54, -1, -1, -1, -1, -1, -1], [-1, 73, -1, 79, -1, 74, 52, -1, -1, 82, 67, 113], [44, -1, -1, 69, -1, 24, 68, 46, 7, 59, 33, -1]], "target_index": 76, "target_rc": [6, 4], "target_value": 81, "confidence": 0.8425805423613209, "module_label": "M8"}