{"grid": [[-1, 106, 30, -1, -1, 105, -1, 16, -1, 99, -1, 22], [-1, -1, 79, 54, 69, -1, 120, -1, 19, -1, 73, -1], [-1, 32, -1, 23, 5, 41, 18, -1, -1, 44, -1, -1], [-1, -1, -1, 80, -1, -1, -1, 20, -1, 34, -1, -1], [11, 75, -1, 53, -1, 102, 46, -1, 86, -1, 76, 92], [-1, -1, 28, 115, 37, -1, 55, -1, 70, -1, 42, -1], [66, 47, -1, 72, -1, -1, -1, 89, 51, 111, 101, 117], [-1, 33, -1, 6, -1, 87, 85, -1, 59, 57, -1, -1], [98, -1, -1, -1, -1, -1, 29, -1, -1, 71, -1, 4], [62, 64, -1, -1, 36, 74, 8, 40, 52, -1, -1, -1]], "target_index": 98, "target_rc": [8, 2], "target_value": 109, "confidence": 0.8265596499076875, "module_label": "M8"}