{"grid": [[-1, -1, 100, -1, -1, -1, -1, 72, 18, 47, -1, -1], [-1, 2, -1, -1, 23, 21, -1, -1, -1, 101, -1, -1], [-1, 80, -1, 108, -1, 85, 44, 13, 96, 79, -1, 39], [114, -1, 95, -1, 109, 61, -1, -1, -1, -1, -1, 26], [-1, -1, -1, 83, -1, 33, 36, 29, 7, -1, 117, -1], [81, 31, 75, -1, 24, -1, -1, 82, -1, 42, -1, -1], [-1, 19, 34, -1, -1, 119, 98, -1, -1, 60, 97, 102], [27, -1, 20, -1, -1, -1, 120, -1, -1, -1, 69, 12], [-1, 58, -1, 93, 89, -1, 35, 105, 3, 57, -1, -1], [32, 8, 113, -1, 92, 91, 73, -1, 68, 94, -1, -1]], "target_index": 20, "target_rc": [1, 8], "target_value": 107, "confidence": 0.9882404647276957, "module_label": "M2"}