{"grid": [[-1, 41, 30, 103, 70, 60, -1, -1, 89, 16, -1, 96], [26, 52, -1, -1, 62, 97, -1, -1, -1, 34, 37, 102], [-1, 72, 6, 39, -1, 67, -1, 24, -1, -1, 111, 43], [11, 12, 49, -1, -1, 65, 46, 33, 47, 112, -1, 95], [-1, -1, 3, -1, 114, -1, 19, 82, 118, 51, -1, -1], [42, 29, -1, 1, -1, -1, -1, -1, 9, 80, -1, -1], [87, -1, -1, -1, -1, -1, -1, 57, 56, -1, -1, 105], [10, -1, -1, -1, -1, -1, 4, 20, 38, 101, 27, 90], [-1, -1, -1, -1, -1, 58, -1, 94, -1, -1, -1, 35], [-1, -1, -1, -1, -1, -1, 74, -1, -1, 22, 7, 92]], "target_index": 19, "target_rc": [1, 7], "target_value": 48, "confidence": 0.8181471445518055, "module_label": "M8"}