{"grid": [[22, 96, 45, -1, -1, 78, 55, 39, 15, -1, 108, 13], [-1, -1, -1, -1, -1, 23, -1, -1, 52, -1, 62, -1], [-1, 34, 54, -1, -1, -1, -1, 102, -1, -1, 40, -1], [-1, -1, 74, 56, 33, 83, -1, -1, 81, 3, 88, 114], [-1, -1, 46, 67, -1, -1, 51, -1, -1, -1, -1, -1], [66, 4, -1, -1, 113, -1, -1, 28, 10, 63, -1, 27], [-1, -1, 91, -1, 95, 5, -1, 58, 43, 86, -1, 77], [-1, 87, -1, -1, 112, -1, -1, -1, 106, 6, 59, 11], [9, 14, -1, 60, 72, 1, 61, 93, -1, -1, -1, -1], [103, -1, 105, 119, -1, -1, 99, -1, -1, 26, -1, 73]], "target_index": 56, "target_rc": [4, 8], "target_value": 79, "confidence": 0.8720144054283017, "module_label": "M2"}