{"grid": [[-1, 88, 90, -1, -1, -1, -1, 35, -1, -1, 111, 104], [-1, 116, -1, 87, 11, -1, 112, 23, -1, 81, 75, -1], [-1, -1, 107, 51, -1, 92, -1, 120, -1, 97, -1, 42], [-1, -1, -1, 68, 67, -1, 106, 62, -1, 3, 93, -1], [-1, -1, -1, -1, -1, -1, 33, 48, 38, 56, 61, 43], [99, -1, -1, 2, 78, 96, -1, 25, 105, 79, -1, 49], [82, -1, 44, -1, 22, 47, 76, -1, 17, 12, 117, -1], [-1, -1, -1, -1, 34, -1, -1, 40, 114, -1, -1, -1], [6, -1, 115, -1, 31, -1, -1, -1, 39, -1, -1, 15], [91, 69, 55, -1, -1, 24, 70, -1, -1, -1, 52, -1]], "target_index": 9, "target_rc": [0, 9], "target_value": 95, "confidence": 0.8115498509519309, "module_label": "M2"}