{"grid": [[17, -1, 50, -1, -1, -1, -1, 103, 78, -1, 108, 77], [-1, 105, 69, 75, -1, -1, 15, -1, -1, 66, 29, -1], [28, -1, 37, -1, -1, -1, 72, 100, -1, -1, -1, 62], [7, -1, -1, 2, -1, 24, -1, -1, -1, 21, -1, 26], [-1, 61, -1, 31, -1, -1, 53, 11, -1, -1, -1, -1], [-1, 40, 14, -1, -1, -1, -1, -1, 12, 98, -1, 16], [79, 51, 10, 9, -1, -1, 57, 74, -1, 115, 42, 102], [-1, -1, 49, -1, 39, 20, -1, -1, -1, -1, 101, 93], [-1, -1, 55, 23, 99, 63, -1, 6, 112, 32, 13, -1], [5, 107, 110, -1, -1, -1, -1, 113, 56, 65, 58, -1]], "target_index": 9, "target_rc": [0, 9], "target_value": 86, "confidence": 0.807491259777544, "module_label": "M8"}