{"grid": [[69, 108, -1, 85, 87, 51, -1, -1, -1, -1, -1, 29], [39, -1, -1, 77, -1, 31, 101, 112, -1, -1, 104, 53], [-1, 94, 109, -1, -1, -1, 93, -1, -1, 98, 55, -1], [-1, -1, -1, -1, -1, 41, 76, 120, 95, -1, -1, 114], [44, -1, 68, 37, -1, -1, -1, -1, 118, -1, 23, -1], [49, -1, 20, 8, 119, -1, 70, -1, 58, -1, 5, -1], [103, -1, -1, 16, 15, 13, -1, 10, -1, -1, -1, 80], [74, 63, -1, -1, -1, 92, 11, 64, -1, 115, 65, -1], [107, 12, -1, 105, 61, 89, 90, -1, -1, 60, -1, -1], [-1, 52, 113, 48, -1, 88, -1, -1, -1, -1, 79, -1]], "target_index": 104, "target_rc": [8, 8], "target_value": 96, "confidence": 0.8895612301661379, "module_label": "M8"}