{"grid": [[69, 74, 98, -1, -1, 63, 71, 16, 109, 95, -1, -1], [13, -1, 119, 106, 9, -1, -1, -1, 18, 24, 15, -1], [46, -1, -1, 73, 104, -1, -1, 33, -1, -1, 102, -1], [-1, -1, -1, 94, 55, 89, 56, 111, 118, -1, 40, -1], [-1, -1, -1, 35, 48, -1, 107, -1, -1, -1, -1, 37], [-1, 68, 113, -1, 8, 3, -1, -1, -1, 1, -1, 11], [-1, 93, 25, 64, 43, -1, -1, -1, 14, -1, 103, 54], [-1, 67, 80, -1, -1, 44, -1, -1, 50, 39, 32, 77], [-1, 47, 120, -1, -1, 53, -1, 85, -1, -1, -1, -1], [23, -1, 86, -1, -1, 45, -1, -1, -1, 108, -1, 101]], "target_index": 81, "target_rc": [6, 9], "target_value": 52, "confidence": 0.9206400334094902, "module_label": "M2"}