{"grid": [[49, 74, -1, 92, 24, -1, -1, -1, -1, -1, 45, -1], [-1, -1, 64, 69, 5, 55, -1, -1, -1, 3, 111, 53], [89, -1, -1, 51, 108, -1, -1, 29, 57, -1, -1, 82], [-1, 56, 6, 25, -1, -1, -1, 76, -1, -1, 80, 16], [75, -1, 62, -1, 47, -1, 42, -1, -1, 27, 88, -1], [-1, -1, -1, -1, 36, 102, 35, -1, 52, -1, 14, -1], [-1, 77, 8, 39, -1, 116, 12, -1, -1, -1, -1, 94], [-1, -1, -1, -1, -1, 18, 117, 59, 90, 44, -1, 96], [-1, 81, -1, -1, 114, -1, 97, -1, 30, 26, 95, 20], [43, 98, -1, 19, -1, -1, -1, -1, -1, 63, 91, 99]], "target_index": 29, "target_rc": [2, 5], "target_value": 113, "confidence": 0.8539075494144067, "module_label": "M8"}