{"grid": [[-1, -1, 27, -1, 39, 84, 80, 110, -1, 113, -1, 41], [-1, -1, 87, -1, -1, -1, 49, -1, -1, 67, -1, -1], [-1, 103, 116, 23, -1, 53, 14, 78, -1, -1, 112, 72], [-1, -1, 79, -1, 12, -1, 20, 29, 58, 85, -1, -1], [59, -1, 47, -1, -1, -1, -1, 64, 94, -1, 10, -1], [30, 22, 86, 115, -1, 71, 97, 21, 77, -1, 8, -1], [117, -1, 82, 33, 35, 2, -1, -1, -1, -1, -1, -1], [3, -1, -1, 101, 42, -1, 102, 90, 92, -1, -1, 40], [-1, 108, -1, 56, -1, -1, -1, -1, 16, -1, -1, 13], [-1, -1, 24, -1, 37, -1, -1, -1, 61, 63, 62, 51]], "target_index": 17, "target_rc": [1, 5], "target_value": 38, "confidence": 0.8684535609819383, "module_label": "A8"}