{"grid": [[-1, 119, 118, 108, 114, 104, 44, -1, -1, 25, -1, 23], [47, 39, -1, -1, -1, -1, -1, 37, 82, -1, -1, 112], [14, -1, 15, 73, -1, -1, 72, 29, -1, 33, -1, 86], [-1, 3, 40, -1, -1, -1, -1, -1, -1, -1, 67, 116], [27, -1, -1, -1, 54, 83, -1, -1, 110, -1, 2, -1], [-1, 78, 62, -1, 99, 89, -1, -1, -1, -1, 8, -1], [-1, -1, 52, -1, 56, 98, 105, 43, -1, 96, -1, -1], [-1, 66, 97, 4, 60, -1, 92, 18, 7, -1, 87, 34], [-1, 70, 95, -1, 13, 58, 120, 91, -1, -1, 9, -1], [109, -1, -1, 79, -1, 24, -1, -1, -1, 76, -1, -1]], "target_index": 57, "target_rc": [4, 9], "target_value": 94, "confidence": 0.9511639120653071, "module_label": "A5"}