{"grid": [[5, 82, -1, 25, 70, -1, 91, 51, 12, 56, -1, 118], [4, -1, 68, -1, 71, -1, -1, 63, -1, -1, 75, 72], [113, 66, 108, 95, 16, -1, 57, -1, -1, 90, -1, -1], [30, -1, 77, 114, -1, -1, -1, -1, -1, -1, 7, 106], [-1, 69, -1, -1, -1, -1, -1, 65, -1, -1, -1, 74], [-1, -1, -1, -1, -1, -1, -1, 32, 27, -1, -1, -1], [64, 117, 21, 36, -1, 76, -1, -1, -1, -1, 22, 1], [9, -1, 87, 53, -1, 47, -1, -1, -1, -1, 120, 116], [-1, -1, 109, 103, 119, -1, 20, 17, 14, 81, -1, 111], [-1, 11, -1, 107, 43, 97, -1, 18, -1, 34, -1, 60]], "target_index": 17, "target_rc": [1, 5], "target_value": 41, "confidence": 0.9906399727162363, "module_label": "A5"}