{"grid": [[-1, 64, -1, 100, -1, 71, -1, 29, 49, 59, -1, -1], [72, 5, -1, -1, -1, 17, -1, -1, -1, 13, 90, -1], [61, 24, -1, 89, -1, 101, -1, 36, 30, 77, 27, 76], [113, -1, -1, 106, 110, 105, 38, -1, 83, -1, 28, 73], [-1, -1, -1, 18, 57, -1, 32, -1, 48, -1, 40, 67], [-1, 53, 92, 16, -1, -1, 118, -1, -1, 86, -1, 97], [-1, -1, -1, -1, 68, 9, -1, -1, 63, 23, -1, 60], [-1, -1, -1, 115, 74, -1, -1, -1, -1, -1, -1, -1], [91, 47, -1, -1, 10, -1, -1, -1, 79, 35, -1, -1], [42, -1, -1, 87, 22, 66, 8, -1, 62, 12, 80, -1]], "target_index": 72, "target_rc": [6, 0], "target_value": 94, "confidence": 0.9218892032878314, "module_label": "A5"}