{"grid": [[5, -1, -1, 70, -1, -1, -1, 51, -1, -1, -1, 112], [-1, 90, 57, -1, -1, 102, 67, 4, 49, -1, -1, -1], [-1, 35, 117, 68, -1, 52, -1, 81, -1, 88, -1, 36], [24, -1, 11, -1, 118, 66, -1, 38, -1, -1, -1, -1], [-1, -1, 73, 18, 119, 28, -1, -1, -1, -1, -1, 111], [-1, -1, -1, 56, -1, -1, 120, 53, -1, 3, -1, 27], [20, 93, -1, -1, -1, 10, -1, 23, 46, -1, 100, 6], [92, -1, -1, -1, -1, 109, 103, -1, 97, -1, 17, -1], [77, -1, 96, 79, -1, 65, 16, 85, -1, 104, -1, -1], [101, -1, 58, 25, 62, -1, 95, 71, -1, 47, 43, 33]], "target_index": 88, "target_rc": [7, 4], "target_value": 21, "confidence": 0.8957859933846571, "module_label": "M2"}