{"grid": [[90, 54, 64, -1, 78, 83, -1, -1, -1, -1, -1, 98], [-1, -1, -1, 34, 82, -1, 8, -1, -1, 111, 47, 119], [10, 73, -1, 38, 4, 15, -1, -1, -1, -1, -1, 51], [-1, -1, 25, -1, -1, -1, -1, -1, -1, 49, -1, -1], [94, 85, -1, -1, 81, 105, -1, -1, 45, 31, -1, 65], [-1, 14, -1, 108, 33, 86, -1, 93, -1, 59, -1, -1], [12, 23, 60, -1, -1, 118, -1, 106, 30, 104, 100, 36], [-1, 13, 52, 71, -1, -1, -1, 114, -1, 113, -1, 91], [-1, -1, 20, -1, 17, -1, -1, -1, -1, 99, 42, 70], [-1, -1, 107, 55, -1, 11, -1, 69, 103, -1, 37, 72]], "target_index": 43, "target_rc": [3, 7], "target_value": 66, "confidence": 0.9294403691745738, "module_label": "M8"}