{"grid": [[-1, 20, -1, -1, 37, 85, -1, -1, -1, -1, -1, 4], [-1, 73, -1, -1, 54, 63, -1, -1, 104, 1, 120, -1], [115, -1, -1, 18, 11, 88, 41, -1, 47, -1, 39, -1], [30, 26, -1, -1, -1, -1, 97, 71, 10, 32, -1, -1], [-1, 15, 42, 114, 58, 81, -1, -1, 76, -1, 98, 100], [70, 65, 113, 105, -1, -1, 72, -1, -1, -1, -1, 14], [82, -1, -1, -1, 5, -1, -1, -1, 101, 111, -1, 28], [53, -1, 99, 8, -1, -1, -1, -1, 24, -1, 80, 43], [87, -1, -1, 68, 110, -1, -1, 17, -1, 67, 51, -1], [-1, -1, 91, 74, -1, 69, 52, 77, -1, -1, 36, -1]], "target_index": 88, "target_rc": [7, 4], "target_value": 118, "confidence": 0.9674950948773051, "module_label": "M2"}