{"grid": [[-1, 115, -1, -1, 56, 48, 85, 102, 1, -1, -1, 54], [92, -1, 7, -1, -1, -1, 78, -1, 118, 47, 83, 21], [105, 70, 45, -1, 79, -1, 41, 110, -1, -1, 58, -1], [84, 30, 119, -1, -1, -1, -1, -1, 8, 61, 13, -1], [114, -1, 75, -1, -1, 88, 59, -1, 53, -1, 55, -1], [57, -1, -1, -1, -1, -1, -1, -1, -1, 16, 60, 111], [50, 36, 20, -1, -1, 17, -1, -1, -1, 66, -1, -1], [90, 46, -1, -1, -1, 74, 77, -1, 91, 32, 95, 42], [-1, 104, 69, 51, 43, -1, 62, 86, -1, 23, 10, -1], [-1, -1, 22, -1, -1, -1, -1, -1, -1, -1, -1, 67]], "target_index": 19, "target_rc": [1, 7], "target_value": 82, "confidence": 0.8441365340734679, "module_label": "A8"}