{"grid": [[60, 93, -1, 90, -1, -1, -1, 111, -1, -1, 39, 16], [33, 47, 104, 89, -1, 78, 8, -1, -1, -1, -1, -1], [-1, 101, -1, -1, 58, 112, -1, 106, 57, -1, -1, 45], [-1, -1, -1, -1, -1, 120, 13, 92, -1, 32, -1, -1], [-1, 56, 9, -1, 61, -1, 102, 53, -1, -1, -1, 44], [59, -1, 114, -1, -1, 5, 36, -1, 17, -1, -1, 117], [-1, 24, 110, 113, 66, 30, 63, -1, -1, 82, 107, 54], [42, 3, -1, 64, 87, -1, 62, -1, -1, -1, 25, -1], [34, -1, -1, 19, 76, -1, -1, 95, -1, 98, -1, -1], [29, 96, 84, -1, 37, -1, -1, -1, 10, -1, 7, -1]], "target_index": 98, "target_rc": [8, 2], "target_value": 52, "confidence": 0.894182930034232, "module_label": "M2"}