{"grid": [[-1, 60, 23, 46, 54, 113, 106, 58, -1, 72, -1, 97], [76, 94, 100, -1, 34, 119, 84, -1, -1, -1, -1, 25], [-1, -1, 49, -1, -1, 73, 107, 104, 86, -1, 43, -1], [-1, -1, 28, 4, 67, -1, -1, -1, 30, -1, -1, -1], [-1, 8, -1, -1, 63, 62, -1, -1, -1, -1, -1, -1], [-1, -1, -1, -1, 45, 24, 85, 109, 64, 108, 21, -1], [-1, -1, -1, 22, -1, -1, 59, 7, -1, 2, -1, -1], [112, 35, 37, 120, -1, 93, -1, -1, -1, 26, 52, 20], [66, -1, 48, -1, 79, 12, 50, -1, -1, -1, -1, 83], [17, 51, -1, -1, 18, 117, -1, -1, -1, -1, 19, 10]], "target_index": 15, "target_rc": [1, 3], "target_value": 116, "confidence": 0.9806030178640787, "module_label": "A8"}