{"grid": [[100, -1, 37, -1, 46, 52, -1, -1, -1, -1, 80, -1], [5, 15, 65, -1, -1, -1, -1, -1, 24, 29, -1, 95], [25, 47, 58, 40, 8, -1, 98, -1, 2, -1, 49, -1], [115, 111, -1, 69, -1, -1, 75, 70, 20, -1, 31, 51], [-1, 9, -1, 18, 108, -1, -1, -1, -1, -1, 106, -1], [-1, -1, 86, -1, 13, -1, 30, 12, -1, 64, 54, -1], [-1, 103, 77, -1, 97, 55, 73, -1, -1, -1, -1, -1], [-1, 116, 107, 67, 35, 26, 28, 36, -1, -1, 61, 94], [3, -1, -1, -1, -1, -1, -1, 78, 21, -1, -1, 10], [-1, 4, 63, 33, -1, -1, -1, 76, -1, -1, -1, 62]], "target_index": 80, "target_rc": [6, 8], "target_value": 39, "confidence": 0.9777270954878048, "module_label": "M2"}