{"grid": [[-1, -1, 78, 44, 100, 112, 3, 6, 89, -1, -1, -1], [58, -1, 86, -1, 104, -1, -1, 109, -1, -1, -1, 77], [67, -1, -1, 49, 75, -1, -1, 38, -1, 93, -1, 114], [-1, 57, 31, -1, -1, 32, 14, -1, 53, 76, 33, -1], [-1, -1, 27, -1, 96, -1, -1, 119, 48, 55, -1, -1], [-1, -1, 101, 12, 35, 52, -1, 97, -1, 59, -1, -1], [43, 63, 29, -1, -1, 74, 8, 41, -1, 68, -1, 54], [-1, 25, 79, -1, 66, -1, 36, 30, 103, -1, -1, 37], [-1, -1, 19, -1, -1, 70, -1, 73, -1, 34, 61, -1], [-1, 111, -1, -1, -1, 2, 23, -1, 9, -1, -1, -1]], "target_index": 119, "target_rc": [9, 11], "target_value": 106, "confidence": 0.9576882254933172, "module_label": "A5"}