{"grid": [[-1, 103, 119, 27, 111, -1, 86, 34, -1, -1, 79, -1], [98, 62, 15, 96, -1, 16, 28, -1, 35, 117, 11, 97], [22, 87, -1, 90, -1, 108, 91, 112, -1, -1, -1, -1], [5, -1, 116, -1, -1, 114, 32, 41, -1, 14, 120, -1], [107, 61, 92, 67, -1, -1, -1, -1, -1, 58, -1, -1], [57, -1, 3, -1, -1, -1, 63, 81, -1, -1, -1, -1], [46, -1, 66, 37, -1, 80, 54, 9, -1, 70, -1, 1], [-1, -1, -1, -1, 83, -1, 7, -1, 65, 21, -1, -1], [6, -1, -1, -1, -1, -1, -1, 45, -1, -1, 69, 100], [-1, 118, 38, -1, -1, -1, -1, 64, -1, -1, 94, 102]], "target_index": 44, "target_rc": [3, 8], "target_value": 101, "confidence": 0.9492141624190644, "module_label": "M2"}