{"grid": [[111, -1, -1, 80, -1, -1, 113, -1, -1, 35, 61, 56], [-1, -1, -1, 53, -1, -1, -1, 120, 50, -1, -1, 44], [66, -1, 3, -1, 104, 102, -1, 64, 29, 5, -1, -1], [27, 106, 91, 30, 2, 49, -1, 22, 88, 4, -1, 37], [39, -1, -1, 83, -1, 92, -1, 112, -1, -1, 114, 72], [94, -1, 19, 69, -1, 100, 45, -1, -1, -1, -1, 71], [-1, 78, -1, 20, 79, 67, -1, 98, -1, 54, -1, -1], [-1, 63, -1, 40, -1, -1, -1, -1, 58, -1, 84, -1], [-1, 110, 119, -1, 97, -1, 103, -1, 118, 115, -1, 59], [-1, 77, -1, -1, -1, -1, -1, 21, 87, 15, -1, -1]], "target_index": 108, "target_rc": [9, 0], "target_value": 85, "confidence": 0.9782189417704106, "module_label": "M8"}