{"grid": [[-1, 80, 47, -1, -1, 66, 111, 96, 116, 118, 106, -1], [-1, -1, -1, -1, 83, 30, -1, -1, 3, -1, 26, 44], [-1, 48, 28, -1, 20, -1, -1, -1, 79, -1, 99, 6], [49, 89, -1, 50, 16, -1, -1, 23, -1, -1, 15, -1], [37, -1, -1, 11, -1, 101, -1, -1, 75, 92, -1, -1], [-1, 19, -1, -1, -1, 25, -1, -1, -1, 4, -1, 53], [76, 113, -1, -1, -1, 81, -1, 94, 88, 61, 73, -1], [-1, -1, -1, -1, 39, -1, 60, -1, -1, 55, 64, 9], [109, 93, 110, -1, -1, -1, 85, -1, 105, 115, -1, 56], [104, -1, 34, 77, 1, -1, -1, 117, -1, 87, -1, 24]], "target_index": 38, "target_rc": [3, 2], "target_value": 100, "confidence": 0.9003798518028305, "module_label": "A8"}