{"grid": [[-1, 89, -1, -1, -1, 76, 99, 73, -1, -1, -1, -1], [-1, 118, 85, -1, 64, 114, -1, -1, 43, -1, 86, 33], [-1, 21, 3, 46, -1, 59, -1, 39, -1, 41, -1, 83], [-1, -1, 34, -1, -1, -1, -1, -1, 82, 104, -1, 80], [-1, -1, 102, 50, -1, -1, -1, 117, -1, 94, 28, -1], [-1, -1, -1, -1, 67, 71, -1, 56, -1, -1, 38, 107], [24, 63, -1, -1, -1, 91, 106, 74, 20, -1, 78, 12], [-1, 44, -1, -1, 45, 61, -1, 42, 65, 66, 29, 49], [103, -1, 119, -1, 15, -1, -1, 100, -1, -1, -1, -1], [27, 7, 19, 115, -1, -1, 68, -1, 109, -1, 81, 11]], "target_index": 53, "target_rc": [4, 5], "target_value": 14, "confidence": 0.9771187573365219, "module_label": "M2"}