{"grid": [[12, -1, 81, 58, 113, -1, -1, -1, -1, -1, -1, 76], [-1, 27, -1, 3, -1, 74, 112, 16, -1, -1, 35, 47], [40, -1, -1, -1, 9, 59, -1, 57, 67, -1, -1, -1], [-1, -1, -1, -1, 89, 38, -1, 41, -1, -1, -1, -1], [48, 32, -1, 72, 92, -1, -1, 51, 101, 109, -1, 24], [18, 82, -1, -1, -1, -1, -1, 46, 110, 66, -1, -1], [-1, 105, -1, 115, 75, -1, -1, -1, 97, 2, -1, 53], [-1, 79, -1, 43, -1, -1, 42, -1, -1, 33, 36, -1], [108, -1, 54, 15, 25, -1, 11, 91, 78, 6, 70, -1], [-1, -1, -1, 8, 64, 84, 85, 19, -1, -1, 28, 102]], "target_index": 27, "target_rc": [2, 3], "target_value": 34, "confidence": 0.9161928031193464, "module_label": "A8"}