{"grid": [[-1, -1, 77, 59, -1, 12, -1, -1, -1, -1, 13, 43], [93, 39, 50, 103, -1, -1, -1, 15, 71, -1, 14, 79], [-1, 100, -1, -1, -1, 49, 7, 76, 19, 88, 62, -1], [-1, -1, 3, -1, -1, 1, -1, 21, 18, 104, 81, -1], [66, -1, 94, -1, 53, -1, 119, -1, -1, -1, -1, -1], [-1, -1, 68, -1, 34, -1, 84, 24, 111, -1, -1, 28], [55, -1, 41, 105, 110, 115, 35, 46, 36, -1, 23, -1], [-1, 27, 74, -1, 10, -1, -1, -1, -1, -1, 40, -1], [-1, 80, 63, -1, 47, 56, -1, 9, -1, -1, 72, -1], [-1, 57, 64, 101, 70, -1, -1, -1, -1, 16, -1, -1]], "target_index": 47, "target_rc": [3, 11], "target_value": 87, "confidence": 0.8104159955326168, "module_label": "M8"}