{"grid": [[78, 34, 79, 107, -1, 91, 53, -1, 54, -1, -1, 87], [46, -1, 16, 112, -1, -1, -1, 76, 13, -1, -1, -1], [-1, -1, -1, -1, -1, -1, 92, 82, 6, 57, 56, 111], [-1, -1, 114, -1, 26, -1, -1, -1, -1, -1, 77, -1], [86, 98, 47, 55, -1, 102, -1, 24, 25, -1, 5, 10], [62, -1, -1, -1, -1, -1, 59, -1, 52, 90, 44, -1], [96, -1, -1, 69, 64, 28, -1, 81, -1, -1, 104, 3], [68, 120, -1, -1, -1, -1, 113, 108, -1, -1, -1, -1], [50, -1, -1, -1, 71, -1, -1, 17, 49, 115, -1, -1], [-1, 119, 14, 117, -1, -1, 42, 7, 89, 41, 58, -1]], "target_index": 88, "target_rc": [7, 4], "target_value": 65, "confidence": 0.9982762027372949, "module_label": "A5"}