{"grid": [[-1, 99, 38, 6, 69, -1, -1, 118, 12, 1, -1, -1], [26, -1, -1, 11, 31, 28, 50, -1, -1, -1, -1, 60], [29, -1, 44, 94, 83, 77, -1, 45, -1, 56, 40, 71], [13, -1, 14, -1, -1, 18, 35, -1, -1, -1, -1, 36], [-1, -1, -1, -1, -1, -1, 67, -1, 119, -1, -1, -1], [4, -1, 68, 34, -1, -1, 58, -1, -1, 86, -1, 109], [43, 117, 59, -1, -1, 2, 16, 9, 115, 101, -1, -1], [-1, -1, 97, 105, -1, -1, 80, -1, 15, -1, 51, -1], [-1, -1, 78, -1, -1, -1, -1, 32, 116, 90, -1, 84], [88, -1, 98, 95, -1, 22, 37, -1, -1, -1, 107, 39]], "target_index": 116, "target_rc": [9, 8], "target_value": 54, "confidence": 0.9070981046050623, "module_label": "A5"}