{"grid": [[113, -1, -1, 29, -1, -1, 65, 38, -1, 46, -1, 117], [-1, -1, 61, 20, -1, -1, -1, 86, -1, -1, -1, -1], [69, 3, 31, -1, 107, -1, -1, -1, 55, 62, -1, 108], [-1, 76, 33, -1, -1, 87, 43, 110, -1, 70, 24, -1], [-1, 5, 90, 34, -1, 67, 71, 114, -1, 89, 50, -1], [-1, -1, 28, -1, -1, 9, 18, -1, -1, -1, 94, 22], [77, -1, 57, -1, 116, -1, -1, 79, -1, 36, 26, 39], [-1, -1, -1, -1, 10, 41, 80, -1, -1, -1, -1, 25], [97, 82, 102, -1, 27, 6, -1, 15, -1, -1, 21, -1], [105, -1, 106, 59, 118, -1, -1, -1, -1, 101, 51, -1]], "target_index": 16, "target_rc": [1, 4], "target_value": 74, "confidence": 0.8073229737018125, "module_label": "M8"}