{"grid": [[-1, 93, -1, 39, 74, -1, -1, 99, 53, -1, 115, -1], [32, 14, 6, -1, 17, -1, -1, 101, 38, -1, 68, -1], [70, 42, 114, 11, 97, -1, 1, 104, 46, -1, 18, -1], [-1, -1, -1, -1, 69, -1, -1, -1, 91, 66, 58, 50], [87, 26, -1, 106, 100, -1, -1, -1, 76, -1, 85, 83], [-1, 45, -1, 96, 44, -1, 33, -1, -1, 5, 35, 103], [84, -1, 22, -1, -1, 119, 47, -1, -1, 73, -1, -1], [65, -1, -1, 112, -1, -1, -1, 43, -1, -1, -1, -1], [-1, 81, 62, -1, 56, -1, 116, 102, 60, -1, -1, -1], [88, 36, -1, -1, -1, -1, -1, -1, 63, 78, -1, 31]], "target_index": 43, "target_rc": [3, 7], "target_value": 110, "confidence": 0.9464202248117454, "module_label": "A5"}