{"grid": [[-1, -1, -1, -1, 114, -1, -1, -1, 28, 57, -1, -1], [20, -1, 120, -1, -1, -1, -1, -1, 108, 73, -1, -1], [-1, -1, 84, 71, -1, -1, 30, 34, 88, 110, -1, -1], [-1, 23, 85, -1, -1, 99, -1, 77, -1, -1, -1, 56], [58, 40, -1, -1, -1, 25, -1, 89, 67, -1, -1, 105], [115, 24, 96, 54, -1, 31, 66, -1, -1, 60, -1, 104], [68, 116, 82, 6, 76, -1, -1, -1, 21, 86, 10, 87], [119, -1, -1, -1, -1, 14, -1, 92, -1, 97, -1, 93], [109, 59, -1, 79, -1, 45, -1, 74, 38, 13, -1, -1], [-1, 46, -1, 53, 12, 64, -1, -1, 98, -1, 91, 90]], "target_index": 24, "target_rc": [2, 0], "target_value": 22, "confidence": 0.8273459159382383, "module_label": "A8"}