{"grid": [[-1, 107, -1, 85, 90, -1, -1, 39, -1, 32, 26, -1], [95, 37, 61, 66, 44, -1, 73, 57, 62, 113, 81, 105], [-1, 101, 118, -1, -1, 70, 49, -1, -1, 115, -1, -1], [-1, 51, -1, -1, 27, -1, 1, 5, -1, 40, 110, 46], [-1, 8, 13, 79, 116, 86, 16, -1, -1, -1, 29, -1], [-1, 102, -1, -1, -1, -1, -1, -1, 43, 63, -1, -1], [-1, -1, -1, -1, -1, -1, 75, 100, -1, 117, 33, -1], [-1, -1, 76, -1, 30, 34, 47, -1, -1, 98, 94, -1], [9, -1, -1, 108, 4, -1, -1, -1, -1, 99, 96, -1], [17, 31, -1, -1, 58, -1, 87, -1, -1, 64, -1, 82]], "target_index": 5, "target_rc": [0, 5], "target_value": 119, "confidence": 0.9838442075816475, "module_label": "M2"}