{"grid": [[43, -1, 54, 38, 65, 50, 28, -1, 92, 101, 105, -1], [-1, 98, 23, -1, -1, 16, -1, -1, -1, 79, -1, 113], [-1, -1, 110, -1, 81, 58, -1, 14, 72, 18, 3, -1], [-1, 104, 70, -1, -1, -1, -1, 46, -1, -1, 36, 20], [30, 86, -1, 109, -1, -1, 40, 42, -1, 112, 19, 119], [-1, 115, 106, 64, 25, 31, 26, -1, -1, 103, 57, 96], [-1, 94, 45, -1, 5, 51, -1, 117, -1, -1, 97, -1], [-1, -1, 39, 60, 116, -1, -1, -1, 4, -1, -1, -1], [-1, -1, 44, -1, -1, 82, -1, -1, -1, 66, -1, -1], [-1, -1, 33, 63, -1, -1, -1, -1, 32, -1, 41, -1]], "target_index": 117, "target_rc": [9, 9], "target_value": 10, "confidence": 0.8244114251243712, "module_label": "M2"}