{"grid": [[-1, 105, -1, 59, 71, -1, 91, 114, -1, -1, 104, -1], [-1, 43, 107, 88, 101, -1, -1, -1, 77, 31, -1, -1], [20, 62, -1, -1, 108, -1, 12, -1, 55, 2, 80, 27], [68, 72, 46, -1, 97, 47, -1, -1, -1, 7, -1, -1], [-1, 36, -1, 74, -1, 5, -1, 52, -1, -1, 23, 117], [-1, -1, -1, -1, 13, 33, -1, -1, -1, -1, -1, 95], [4, -1, -1, 8, 54, 39, 60, 100, 26, -1, -1, -1], [-1, 9, -1, 30, -1, -1, 67, -1, -1, 21, 16, -1], [-1, -1, 45, 41, 76, 29, 40, -1, 22, -1, 53, -1], [96, -1, 17, -1, 66, -1, -1, -1, -1, 111, 116, 65]], "target_index": 44, "target_rc": [3, 8], "target_value": 112, "confidence": 0.8619255263930717, "module_label": "A5"}