{"grid": [[35, -1, -1, -1, -1, 104, -1, -1, 1, -1, -1, 52], [-1, 89, 53, 59, 36, -1, -1, -1, 92, -1, -1, -1], [51, -1, -1, -1, -1, 117, 107, -1, -1, -1, -1, -1], [-1, 31, -1, 101, 106, 116, -1, -1, -1, -1, -1, 27], [99, 110, 13, 73, -1, -1, 81, 37, -1, -1, 24, 85], [-1, 49, 98, 115, 102, 61, -1, 34, -1, 84, -1, 17], [-1, -1, 23, 68, -1, 87, -1, -1, 6, 8, 71, -1], [80, -1, -1, 9, -1, 70, -1, -1, -1, 26, 105, 95], [10, 16, 120, 64, 33, 69, 14, -1, -1, 96, -1, -1], [119, 114, 58, 40, -1, -1, 93, -1, -1, 21, 66, -1]], "target_index": 4, "target_rc": [0, 4], "target_value": 91, "confidence": 0.9815202809671641, "module_label": "M8"}