{"grid": [[29, -1, 13, -1, 97, -1, 40, 7, -1, 58, 95, -1], [79, -1, 62, 109, -1, -1, -1, -1, -1, -1, -1, -1], [117, -1, 14, -1, -1, 85, -1, 15, 9, 88, 43, -1], [82, -1, -1, 104, -1, -1, 100, 41, 28, -1, -1, 87], [3, -1, 11, -1, 67, -1, -1, 4, -1, 60, 25, -1], [-1, -1, -1, 120, 46, 112, -1, -1, 10, 33, -1, 110], [-1, 99, 37, 70, 64, 73, -1, 105, -1, -1, -1, -1], [-1, -1, 90, 71, -1, 93, 47, -1, -1, 18, 76, 103], [-1, 65, 119, -1, 69, -1, -1, 115, 22, -1, 111, 5], [-1, 51, 57, -1, -1, -1, -1, 114, 48, 52, -1, -1]], "target_index": 91, "target_rc": [7, 7], "target_value": 21, "confidence": 0.834187857878083, "module_label": "M8"}