{"grid": [[-1, 88, 8, -1, 63, -1, -1, 23, 84, 30, 66, -1], [11, 55, 58, 60, 99, 17, -1, -1, -1, 43, -1, -1], [93, 69, -1, -1, 115, -1, 7, -1, 97, -1, 42, 102], [85, -1, -1, -1, -1, 5, 62, 35, -1, 73, 50, 100], [-1, -1, 118, -1, 24, 54, 19, 22, -1, -1, 64, 103], [-1, 21, -1, 39, 36, -1, -1, -1, 37, 44, -1, -1], [-1, 116, 120, -1, 6, -1, 33, -1, 72, -1, -1, 105], [67, -1, -1, -1, -1, -1, 9, -1, -1, -1, 61, 45], [53, -1, -1, -1, -1, 40, -1, -1, 76, 114, 2, -1], [-1, -1, -1, -1, -1, 110, 59, -1, -1, 106, 91, 25]], "target_index": 108, "target_rc": [9, 0], "target_value": 38, "confidence": 0.97193118456907, "module_label": "A8"}