{"grid": [[32, -1, 68, -1, 29, -1, 86, 52, -1, 63, -1, -1], [102, -1, -1, 116, 20, -1, -1, -1, -1, -1, 30, -1], [-1, 58, -1, -1, 60, 12, -1, 56, -1, -1, 118, -1], [67, -1, -1, -1, 82, 88, 17, -1, 65, 87, 14, 2], [-1, 74, -1, -1, -1, -1, 51, 34, -1, 38, 75, 92], [106, -1, -1, -1, -1, -1, -1, -1, 72, 5, 91, 79], [81, -1, -1, -1, 61, 110, -1, -1, -1, 7, 99, 50], [54, -1, -1, 115, 112, 77, -1, -1, 42, -1, -1, -1], [11, 49, 27, -1, 28, -1, -1, -1, 6, 25, 93, 16], [15, -1, -1, -1, 107, 33, -1, 95, 120, -1, 46, 62]], "target_index": 21, "target_rc": [1, 9], "target_value": 98, "confidence": 0.9309872135834903, "module_label": "M2"}