{"grid": [[11, 26, -1, 25, 91, 74, -1, 53, -1, 57, -1, 79], [21, -1, 39, -1, 89, -1, 92, -1, 110, 106, -1, -1], [77, -1, -1, -1, -1, -1, -1, 97, -1, 99, -1, -1], [116, 105, 46, 36, -1, -1, -1, -1, 72, 120, -1, -1], [15, -1, -1, -1, -1, -1, 6, 33, -1, 10, 30, 95], [-1, 98, 40, 3, -1, 17, 65, -1, -1, -1, -1, 62], [-1, 100, 108, 117, 71, 96, 13, 69, -1, -1, -1, -1], [76, -1, -1, -1, 73, 50, 16, -1, 5, -1, -1, -1], [18, 45, 66, -1, -1, -1, 75, 51, 68, 119, -1, 88], [-1, -1, -1, -1, 7, -1, 2, 113, 49, 85, -1, -1]], "target_index": 94, "target_rc": [7, 10], "target_value": 48, "confidence": 0.8208019694962315, "module_label": "A5"}