{"grid": [[117, -1, 40, -1, 104, -1, -1, -1, 19, 85, -1, 119], [-1, 6, 61, 35, 79, -1, 38, -1, 107, 71, -1, 89], [-1, -1, 9, 103, -1, -1, 112, -1, -1, 34, -1, -1], [102, -1, -1, -1, -1, 36, -1, -1, -1, -1, -1, -1], [73, 37, 67, 4, 64, -1, 42, 48, -1, 44, -1, 47], [20, -1, 86, -1, -1, -1, -1, -1, -1, -1, -1, 74], [106, 53, 88, 15, -1, -1, 87, 24, 21, -1, -1, -1], [90, 43, -1, -1, 100, 76, -1, 93, 116, 7, -1, -1], [120, -1, -1, 115, 12, 95, -1, 99, 63, 8, 109, 52], [65, -1, 30, 114, 91, -1, -1, -1, -1, -1, 68, -1]], "target_index": 70, "target_rc": [5, 10], "target_value": 5, "confidence": 0.8981465779469424, "module_label": "A5"}