{"grid": [[52, 15, 107, -1, -1, 97, -1, -1, -1, 47, 40, -1], [39, -1, -1, 86, 106, 17, -1, -1, 7, -1, 93, 67], [-1, 18, 66, 25, -1, -1, 43, -1, -1, -1, 12, 120], [16, -1, -1, 79, -1, 85, -1, -1, 20, -1, -1, 81], [-1, -1, 5, 89, -1, -1, -1, -1, -1, 14, -1, -1], [83, 102, -1, 103, -1, 28, -1, 108, -1, -1, -1, 33], [48, 92, 19, -1, 99, 104, -1, 70, -1, 31, -1, -1], [-1, -1, -1, 112, -1, 116, -1, 60, -1, 54, -1, 117], [87, 84, 71, -1, 105, 22, 27, -1, 36, -1, -1, -1], [-1, 110, 77, -1, 51, 42, 3, -1, 91, 26, -1, 10]], "target_index": 53, "target_rc": [4, 5], "target_value": 45, "confidence": 0.9222112211137217, "module_label": "A5"}