{"grid": [[77, 37, -1, -1, -1, -1, -1, 101, 40, 114, -1, -1], [91, -1, 74, -1, -1, 52, 105, 79, -1, 48, -1, 45], [-1, 90, 60, -1, 54, -1, 22, 99, -1, -1, 44, 112], [-1, 10, -1, 109, -1, 19, -1, -1, 59, -1, -1, -1], [-1, -1, 115, -1, 35, 24, -1, 81, -1, -1, -1, -1], [18, 50, 86, 11, 21, -1, -1, 53, -1, 17, -1, 5], [-1, 69, 14, -1, -1, -1, -1, -1, -1, -1, -1, 20], [84, 85, 16, 111, -1, 94, -1, 110, -1, 107, 49, 47], [-1, 64, 7, -1, -1, 117, -1, 12, -1, 96, -1, 65], [42, 78, -1, 26, 92, 116, 102, -1, -1, -1, -1, 67]], "target_index": 22, "target_rc": [1, 10], "target_value": 106, "confidence": 0.9597526434434416, "module_label": "A8"}