{"grid": [[21, -1, 33, -1, 73, -1, -1, 81, 68, 96, -1, 18], [-1, 49, -1, 11, 116, -1, -1, -1, 19, 43, 109, 41], [-1, 58, 46, -1, -1, 70, -1, 102, 118, -1, -1, -1], [92, -1, -1, 9, -1, 111, 95, -1, -1, -1, 93, 85], [100, -1, 30, 13, -1, -1, -1, -1, 112, -1, -1, -1], [65, -1, -1, 32, 5, 7, 79, -1, 6, -1, -1, -1], [74, -1, 78, 45, -1, -1, -1, 38, 27, 28, 99, 16], [-1, -1, -1, -1, 105, -1, 72, -1, 25, 47, 31, 76], [-1, -1, -1, 8, -1, -1, 51, 71, 110, 35, 57, -1], [59, 84, 39, -1, -1, 14, -1, -1, -1, -1, 20, -1]], "target_index": 73, "target_rc": [6, 1], "target_value": 17, "confidence": 0.8016781899804369, "module_label": "M2"}