{"grid": [[-1, 99, -1, 4, 8, 25, -1, 32, -1, -1, -1, -1], [101, 7, -1, -1, -1, 97, 45, -1, 20, 91, -1, 29], [44, 14, 88, 86, 59, 54, -1, -1, -1, 62, 56, 115], [-1, 118, 60, 51, 43, -1, -1, -1, -1, -1, 110, -1], [-1, -1, 37, 73, 23, -1, -1, -1, -1, -1, -1, -1], [87, 52, 76, -1, 71, 74, 38, 11, -1, 57, -1, 68], [17, 72, -1, 111, -1, -1, 89, 82, -1, -1, -1, -1], [-1, 10, 103, 108, 21, -1, 3, -1, 98, -1, 105, 81], [102, 47, -1, 78, -1, -1, -1, 77, 28, -1, -1, -1], [-1, -1, -1, 65, 69, -1, 117, -1, -1, -1, 104, -1]], "target_index": 91, "target_rc": [7, 7], "target_value": 75, "confidence": 0.9047865083834588, "module_label": "M2"}