{"grid": [[93, 36, 55, 43, 104, 83, -1, -1, -1, -1, 57, -1], [51, -1, 62, -1, 114, 60, 64, 84, -1, -1, 14, 8], [-1, -1, -1, 9, -1, -1, 41, -1, 85, 118, -1, 5], [-1, 40, 116, 113, -1, 95, -1, 47, 69, 81, 115, 120], [-1, -1, 44, 20, -1, -1, -1, 106, 54, -1, -1, 27], [-1, 101, 15, 3, 75, -1, -1, -1, 90, -1, 82, 33], [-1, -1, 110, -1, -1, -1, -1, -1, -1, 76, -1, -1], [18, -1, -1, -1, -1, -1, 77, 34, 63, 22, 86, 7], [-1, 107, -1, 88, 98, -1, -1, -1, 49, 50, 11, -1], [92, -1, -1, -1, -1, -1, 31, 52, 109, -1, -1, -1]], "target_index": 24, "target_rc": [2, 0], "target_value": 46, "confidence": 0.8059557291026367, "module_label": "A5"}