{"grid": [[81, 112, 45, -1, 90, 1, 44, -1, 89, 22, 109, -1], [-1, 86, 113, 107, -1, 38, -1, -1, -1, 18, 26, -1], [-1, 94, -1, 9, -1, -1, -1, -1, -1, 57, -1, 64], [120, 11, -1, 71, 61, -1, -1, -1, -1, 72, -1, 20], [-1, -1, 21, 98, 35, -1, -1, -1, 24, 85, -1, -1], [111, 32, 58, 19, 16, 75, -1, 97, -1, 73, -1, 110], [-1, -1, -1, -1, 39, -1, 29, 33, 54, 74, -1, 67], [12, 95, -1, 36, 80, -1, 37, -1, 6, -1, 101, -1], [-1, -1, -1, -1, 59, 82, 102, -1, 17, -1, -1, -1], [-1, 48, -1, -1, -1, -1, -1, -1, 7, 116, -1, 53]], "target_index": 49, "target_rc": [4, 1], "target_value": 114, "confidence": 0.8564546756491168, "module_label": "M2"}