{"grid": [[18, 120, 4, 19, -1, 34, 7, 5, -1, 3, 16, 30], [-1, -1, 66, 90, 8, -1, -1, -1, -1, 108, 6, 64], [112, -1, -1, 38, 59, 46, -1, -1, 96, -1, -1, -1], [14, -1, -1, 15, 68, 57, -1, -1, -1, -1, 110, 98], [-1, -1, 71, 77, -1, 33, 76, 55, -1, 106, 119, -1], [-1, 85, 17, -1, 91, 111, 44, -1, -1, -1, 61, 60], [65, 50, 63, 21, -1, -1, -1, -1, -1, -1, 102, -1], [-1, 49, 31, 114, -1, -1, -1, -1, -1, 43, -1, 27], [81, -1, -1, -1, -1, 74, 37, -1, -1, -1, 53, 24], [-1, -1, 89, -1, -1, -1, -1, 20, -1, -1, 52, 54]], "target_index": 59, "target_rc": [4, 11], "target_value": 47, "confidence": 0.9968841224129698, "module_label": "A8"}