{"grid": [[-1, 23, 99, -1, -1, 58, 73, 36, 15, 34, -1, -1], [109, 93, 116, -1, -1, 51, 67, -1, 20, 53, -1, -1], [22, -1, 76, -1, -1, -1, 35, 117, 8, 19, 30, 24], [42, -1, 55, 74, -1, 94, 38, -1, 119, -1, -1, -1], [-1, -1, -1, -1, -1, 103, 52, -1, 77, -1, -1, -1], [28, 105, 27, 89, -1, 118, -1, 18, 68, -1, -1, 10], [6, -1, -1, -1, -1, -1, 97, -1, 40, 37, 12, -1], [-1, 70, 9, -1, 62, 69, 57, 54, -1, 80, 100, -1], [-1, 1, 3, -1, -1, -1, -1, -1, -1, -1, -1, -1], [-1, -1, 32, 113, 61, -1, 39, -1, 7, -1, 102, -1]], "target_index": 28, "target_rc": [2, 4], "target_value": 45, "confidence": 0.949471119335521, "module_label": "M8"}