{"grid": [[107, -1, -1, 106, 50, 116, -1, -1, -1, -1, 35, -1], [40, 114, -1, -1, -1, 73, -1, 14, -1, 112, 54, -1], [-1, -1, 111, -1, 37, 118, -1, 96, -1, 75, 15, -1], [104, -1, 85, 8, 34, -1, -1, -1, -1, 41, -1, 98], [3, 78, 59, 56, 97, -1, -1, 33, 27, -1, -1, -1], [49, 28, 13, -1, -1, 115, 23, -1, -1, 94, 82, 84], [66, -1, 22, 99, -1, 60, -1, -1, -1, -1, 63, -1], [71, 16, -1, -1, -1, -1, -1, -1, 72, -1, -1, -1], [-1, -1, -1, 92, 64, 2, 65, -1, -1, 62, 7, 46], [-1, 53, -1, 21, -1, 6, 20, 70, -1, 113, 76, -1]], "target_index": 68, "target_rc": [5, 8], "target_value": 43, "confidence": 0.9997983844760037, "module_label": "A8"}