{"grid": [[78, 68, -1, -1, 4, -1, -1, -1, 20, 10, 59, -1], [-1, -1, 11, 25, -1, -1, 110, 30, -1, 5, 85, 26], [104, -1, 31, -1, 51, -1, -1, -1, 106, -1, 9, 94], [-1, 38, 71, 116, -1, -1, -1, -1, -1, -1, -1, -1], [47, 21, -1, -1, -1, -1, 90, 23, -1, 118, -1, 120], [-1, 74, 1, -1, -1, 89, 15, -1, -1, -1, -1, 119], [-1, -1, 91, 57, 58, 45, 114, 108, 13, 98, 48, 52], [-1, 86, -1, 101, -1, -1, -1, 18, 80, 36, -1, 42], [-1, 2, 77, 83, -1, -1, 61, 24, 96, -1, -1, 6], [64, -1, -1, -1, 109, -1, -1, 73, 37, -1, -1, -1]], "target_index": 36, "target_rc": [3, 0], "target_value": 32, "confidence": 0.941578614809052, "module_label": "M8"}