{"grid": [[-1, 32, -1, -1, -1, -1, 119, 56, -1, -1, -1, 89], [105, -1, 43, 92, 114, -1, 19, 78, 90, -1, 72, 6], [88, 9, 48, -1, 47, -1, -1, 66, -1, -1, 39, -1], [-1, -1, -1, -1, -1, -1, 111, -1, -1, 99, 46, 59], [118, -1, 100, 62, -1, 58, -1, 96, 35, 87, 82, -1], [75, -1, 113, 45, -1, 52, -1, -1, 29, 60, -1, -1], [28, -1, -1, 23, -1, 108, -1, -1, 94, 24, -1, -1], [91, 18, 110, -1, 71, 107, 79, 40, -1, 64, 68, -1], [61, -1, -1, 85, -1, -1, -1, -1, 4, -1, -1, -1], [67, 81, -1, 84, -1, 17, 109, 41, -1, -1, -1, -1]], "target_index": 110, "target_rc": [9, 2], "target_value": 63, "confidence": 0.9808863575052238, "module_label": "A5"}