{"grid": [[-1, -1, 18, 93, 83, 65, -1, -1, 79, 35, -1, 69], [29, 30, -1, -1, 58, 114, 3, -1, -1, 117, -1, -1], [71, -1, 120, 113, 84, 10, 31, 94, 95, 90, 86, 7], [-1, -1, -1, 47, 51, -1, -1, 39, 81, -1, -1, 106], [-1, -1, -1, -1, -1, 16, -1, -1, 50, -1, 102, -1], [-1, -1, 19, -1, -1, -1, 97, -1, -1, 64, 78, -1], [-1, -1, 80, -1, -1, -1, 107, -1, 115, -1, 82, -1], [28, -1, 75, -1, -1, 27, -1, -1, 8, -1, 61, -1], [62, 25, 33, 100, -1, 57, -1, 41, 52, 99, 108, 105], [54, 89, -1, 112, -1, -1, -1, -1, 32, -1, 46, -1]], "target_index": 72, "target_rc": [6, 0], "target_value": 74, "confidence": 0.9065432725519093, "module_label": "M8"}