{"grid": [[54, -1, 44, 9, 42, 85, 96, 110, 6, 10, -1, 76], [-1, 49, 61, -1, 25, 20, -1, 71, 99, -1, -1, -1], [58, -1, 69, 3, -1, -1, 43, 24, 60, -1, -1, 75], [-1, 7, 66, 2, -1, 94, -1, 70, -1, -1, 119, 77], [64, -1, 104, -1, -1, -1, -1, -1, 11, 22, -1, -1], [-1, -1, -1, 32, -1, 52, -1, -1, 26, 116, 78, -1], [-1, -1, -1, -1, 29, 105, 1, 5, -1, 112, -1, 118], [35, 51, -1, 33, -1, -1, 12, -1, -1, -1, -1, 37], [73, 16, -1, -1, -1, -1, -1, -1, -1, 92, -1, 95], [18, -1, 103, -1, -1, 82, -1, -1, 98, 107, 113, -1]], "target_index": 34, "target_rc": [2, 10], "target_value": 114, "confidence": 0.8163607019478756, "module_label": "A5"}