{"grid": [[34, 108, -1, -1, -1, 85, 38, 36, -1, -1, -1, 15], [67, 14, -1, 33, -1, 94, 24, -1, 79, -1, 110, -1], [-1, -1, 64, -1, 59, -1, -1, -1, -1, -1, 103, 43], [-1, 31, -1, 18, -1, -1, 25, -1, -1, -1, 62, -1], [105, 66, -1, 42, 41, 97, -1, -1, -1, -1, 17, -1], [99, -1, 109, 92, 63, 46, -1, 69, -1, 40, 32, -1], [100, 21, -1, -1, 35, 68, -1, 37, 9, 118, -1, 87], [-1, 80, -1, -1, -1, 12, -1, 111, 73, -1, 72, -1], [-1, 3, -1, 57, -1, 74, -1, -1, 7, 98, 96, -1], [-1, 26, -1, -1, 48, 104, 93, 78, -1, 61, -1, -1]], "target_index": 68, "target_rc": [5, 8], "target_value": 83, "confidence": 0.8883711552212302, "module_label": "M2"}