{"grid": [[-1, 78, -1, 97, -1, 4, 82, 71, -1, 29, 30, -1], [92, 83, -1, 27, -1, -1, -1, 39, 16, -1, 33, 43], [95, -1, -1, 24, -1, -1, -1, 67, -1, 15, -1, -1], [-1, -1, 113, 117, -1, 23, -1, 119, 107, -1, 22, -1], [-1, -1, 26, 7, -1, -1, 60, 81, -1, 63, -1, -1], [75, 114, -1, -1, 40, -1, 38, -1, -1, 1, 96, 58], [-1, 28, 3, -1, 76, -1, 9, -1, -1, 51, 35, -1], [115, -1, 11, 69, 72, 66, -1, -1, 36, -1, 31, -1], [-1, -1, -1, -1, 106, -1, -1, 20, -1, -1, -1, 90], [70, 32, -1, 87, 8, -1, 17, 41, 79, -1, 48, -1]], "target_index": 110, "target_rc": [9, 2], "target_value": 44, "confidence": 0.8448878616504303, "module_label": "M8"}