{"grid": [[15, -1, 65, -1, -1, 62, 99, 18, -1, 17, 19, 76], [-1, 27, -1, -1, 55, -1, 103, 47, -1, 68, -1, -1], [-1, -1, -1, 81, -1, 80, -1, -1, 51, 118, 109, -1], [-1, -1, -1, 35, 50, 119, -1, -1, 85, 28, 71, 64], [-1, 31, -1, 107, -1, 2, 43, -1, -1, -1, -1, 59], [-1, 22, 21, -1, 52, 91, -1, 8, 75, 97, -1, 70], [25, -1, -1, -1, 46, -1, -1, -1, -1, -1, 90, 66], [-1, 5, 100, -1, 20, -1, 77, 115, -1, 26, 3, 78], [45, -1, -1, 72, -1, -1, 34, -1, -1, 83, 116, 49], [-1, -1, -1, -1, -1, 111, -1, 33, 6, 16, -1, -1]], "target_index": 119, "target_rc": [9, 11], "target_value": 74, "confidence": 0.8983113343890834, "module_label": "M2"}