{"grid": [[-1, -1, -1, 74, 29, 12, 108, -1, -1, -1, -1, -1], [-1, 92, -1, -1, -1, 34, 62, -1, 5, 27, 6, -1], [109, -1, 50, -1, 44, -1, -1, -1, 26, -1, 91, 35], [-1, -1, 81, -1, -1, 72, -1, 99, 95, -1, 25, -1], [-1, 116, -1, 15, 10, 102, -1, 103, 98, -1, 37, 16], [22, 32, -1, -1, -1, -1, -1, 77, -1, -1, 85, 70], [89, -1, 13, -1, -1, 73, 3, -1, 11, 24, 45, -1], [88, 106, 118, -1, -1, -1, 105, -1, -1, 76, 17, -1], [-1, -1, 75, 8, -1, 110, -1, -1, 48, 97, -1, -1], [43, 4, 55, 78, -1, 40, -1, 33, -1, 1, 65, -1]], "target_index": 39, "target_rc": [3, 3], "target_value": 51, "confidence": 0.9830064003828594, "module_label": "A5"}