{"grid": [[-1, -1, -1, 6, 105, 50, -1, 38, -1, 97, 9, 102], [82, -1, 59, 29, 7, -1, 4, -1, 70, 87, 54, 65], [-1, -1, 47, -1, 109, -1, 53, 25, 96, 48, -1, 74], [41, 20, -1, -1, -1, -1, -1, 80, 15, -1, -1, 10], [-1, 58, 103, 83, -1, -1, 34, -1, -1, 21, 117, -1], [-1, 76, -1, 40, -1, 99, -1, 14, -1, 19, 36, -1], [98, -1, 27, 39, -1, 5, -1, -1, -1, 113, 68, -1], [-1, -1, 1, -1, -1, -1, 106, -1, -1, -1, -1, 101], [-1, -1, 46, -1, -1, -1, -1, 37, 26, 62, -1, 57], [-1, -1, -1, -1, 22, 55, -1, 45, -1, 77, 85, 91]], "target_index": 29, "target_rc": [2, 5], "target_value": 11, "confidence": 0.809943921418495, "module_label": "M8"}