{"grid": [[-1, 114, -1, 10, -1, -1, 11, -1, -1, -1, -1, -1], [98, 66, 73, -1, 106, -1, -1, -1, -1, 31, 37, -1], [92, -1, -1, 15, 112, -1, 60, -1, -1, 67, 104, -1], [17, 25, -1, -1, 86, 45, -1, 85, 93, 88, -1, -1], [-1, 39, 107, 26, -1, -1, -1, -1, 115, 2, 59, -1], [-1, -1, -1, 118, -1, -1, 96, -1, 89, -1, 76, 78], [101, 18, 53, 44, -1, 3, -1, 84, 57, 27, 74, 117], [100, -1, -1, 49, -1, 20, -1, 95, -1, 65, 13, -1], [30, 24, 77, 47, 35, 90, 8, -1, -1, -1, -1, -1], [97, -1, -1, -1, -1, -1, 110, -1, -1, -1, 80, 42]], "target_index": 52, "target_rc": [4, 4], "target_value": 63, "confidence": 0.9512262233946478, "module_label": "A8"}