{"grid": [[-1, 80, -1, -1, 92, -1, 44, 112, -1, -1, 115, -1], [-1, -1, -1, -1, 41, -1, -1, 98, 89, 87, -1, 99], [7, 117, 62, 69, -1, -1, 81, 43, -1, -1, 39, -1], [116, 101, -1, -1, 33, -1, 28, 61, -1, -1, 64, -1], [94, -1, 31, -1, 79, -1, -1, -1, 35, -1, 15, -1], [2, 72, -1, -1, -1, -1, -1, 46, 102, -1, -1, -1], [20, 86, -1, -1, 47, -1, -1, 49, -1, 14, 17, 73], [-1, -1, 1, -1, -1, 84, 18, 6, -1, 90, -1, -1], [-1, 100, 36, 19, 23, -1, 32, 21, 58, 88, 120, 104], [-1, -1, 119, 53, -1, -1, 77, 71, -1, 57, 13, -1]], "target_index": 22, "target_rc": [1, 10], "target_value": 52, "confidence": 0.8500247460330803, "module_label": "M8"}