{"grid": [[93, -1, -1, -1, -1, -1, 79, 92, 13, -1, 27, 71], [99, -1, -1, -1, 98, 10, -1, -1, 12, 17, -1, -1], [46, 15, 96, 41, 78, -1, -1, -1, -1, 72, -1, -1], [7, 88, -1, 18, -1, -1, 76, -1, -1, 103, 16, -1], [14, -1, -1, -1, 33, -1, 42, -1, -1, 28, -1, -1], [60, -1, 90, -1, 24, 105, 119, 83, 19, 25, 75, 29], [114, 51, -1, 118, -1, -1, -1, 23, -1, 77, 107, -1], [-1, 73, -1, 57, 81, -1, 37, -1, 69, 68, 47, -1], [-1, 70, 120, -1, 2, 84, -1, 61, 64, 26, -1, -1], [85, -1, -1, -1, -1, -1, -1, 94, -1, -1, 59, -1]], "target_index": 43, "target_rc": [3, 7], "target_value": 5, "confidence": 0.9083488832237897, "module_label": "M8"}