{"grid": [[-1, -1, -1, -1, -1, -1, -1, 8, -1, 109, -1, 82], [-1, 1, -1, -1, -1, -1, -1, -1, 59, 74, -1, -1], [-1, 30, 75, -1, -1, -1, -1, 37, -1, 14, -1, 53], [41, 92, 70, 77, -1, -1, -1, -1, 102, 66, 61, -1], [27, 80, -1, 78, -1, 103, 20, 84, -1, 19, -1, -1], [-1, -1, -1, 72, -1, -1, 85, 24, 91, -1, 118, 31], [34, 63, 54, 50, -1, -1, 40, 46, -1, 114, 48, -1], [76, 47, 96, 3, -1, -1, 115, -1, 90, -1, -1, -1], [60, -1, 116, -1, 25, -1, 22, 105, -1, 43, -1, 100], [-1, 36, 6, -1, 67, -1, 13, 10, 18, 113, 11, -1]], "target_index": 47, "target_rc": [3, 11], "target_value": 28, "confidence": 0.9470976869818891, "module_label": "M2"}