{"grid": [[-1, 3, -1, 39, -1, -1, 96, -1, -1, -1, -1, -1], [-1, 116, -1, -1, -1, 15, -1, -1, -1, 61, 90, 18], [9, 93, 13, -1, -1, -1, 36, -1, -1, 11, -1, 98], [91, 106, 34, -1, -1, -1, -1, 115, 7, -1, 94, 100], [-1, 30, 2, 82, 32, 28, -1, -1, -1, -1, 33, -1], [-1, 78, -1, -1, 118, -1, -1, -1, -1, -1, 25, 58], [79, -1, 49, 114, -1, -1, 120, 76, 84, -1, -1, 42], [-1, 50, 62, -1, 72, -1, 44, -1, -1, 10, 53, -1], [20, 83, 35, 67, -1, -1, -1, 6, -1, 47, 73, 41], [81, -1, -1, 117, 86, 89, 80, -1, -1, 71, 21, 92]], "target_index": 34, "target_rc": [2, 10], "target_value": 51, "confidence": 0.9300735118752679, "module_label": "M8"}