{"grid": [[7, -1, -1, -1, -1, -1, 6, -1, -1, 25, 94, -1], [99, -1, 106, -1, -1, 26, -1, 118, -1, 53, 2, -1], [8, 89, 75, -1, 19, -1, -1, -1, 117, -1, 91, -1], [-1, 79, -1, 5, 105, -1, 96, 55, 80, 86, -1, 110], [-1, 114, 3, 49, 15, 72, 39, -1, 81, 95, 66, 100], [115, -1, -1, -1, -1, -1, 1, 97, -1, -1, -1, 40], [43, -1, -1, -1, 88, 60, 119, -1, -1, 65, -1, 46], [-1, 22, 50, 68, -1, -1, 70, 16, 44, -1, -1, -1], [92, -1, 109, 98, 14, -1, -1, -1, -1, -1, -1, 101], [12, -1, 31, -1, 51, -1, -1, 93, -1, -1, -1, 35]], "target_index": 102, "target_rc": [8, 6], "target_value": 112, "confidence": 0.9199864661218151, "module_label": "A5"}