{"grid": [[45, -1, 19, -1, 55, -1, -1, 33, -1, 23, 82, -1], [90, 81, -1, 103, -1, -1, 34, 86, 21, 29, -1, -1], [56, -1, 63, -1, 120, -1, 60, -1, -1, -1, -1, 115], [-1, 93, 96, 72, 99, -1, -1, 107, 80, 58, 41, -1], [-1, -1, 3, -1, 28, 47, 50, 85, -1, 117, -1, -1], [113, -1, 48, 104, 66, -1, -1, -1, -1, -1, 14, -1], [-1, 77, 10, -1, -1, 64, 18, -1, -1, -1, -1, 46], [-1, 100, 42, -1, 114, 97, -1, -1, 49, -1, -1, -1], [-1, 36, 26, 102, -1, -1, 101, -1, 69, 84, 88, -1], [24, -1, 5, -1, -1, 91, 38, -1, 67, -1, 106, -1]], "target_index": 117, "target_rc": [9, 9], "target_value": 53, "confidence": 0.8829603553926472, "module_label": "A5"}