{"grid": [[-1, 67, -1, -1, -1, -1, 18, -1, 99, -1, -1, -1], [-1, -1, -1, -1, 81, 68, 56, -1, -1, 95, -1, 104], [94, 35, -1, 57, 106, -1, 46, 6, 84, 5, -1, 17], [51, -1, 100, -1, 24, 4, -1, -1, 28, -1, -1, 10], [-1, 96, -1, -1, 75, -1, 38, -1, 8, -1, 93, -1], [23, -1, -1, -1, -1, -1, 14, -1, 72, -1, -1, 83], [59, -1, -1, -1, -1, -1, 44, -1, 77, 20, 92, 88], [2, 22, 85, -1, 30, 101, 102, 47, 40, -1, -1, -1], [109, 113, -1, -1, -1, 80, 1, -1, -1, 111, 97, -1], [91, -1, -1, 118, 11, 76, 41, 54, 52, -1, 66, -1]], "target_index": 19, "target_rc": [1, 7], "target_value": 62, "confidence": 0.8938827629210128, "module_label": "M2"}