{"grid": [[74, 109, 6, -1, -1, 37, -1, 19, -1, 42, 23, -1], [-1, -1, -1, 25, 70, 91, -1, -1, 86, -1, -1, 116], [-1, -1, -1, 30, -1, 22, -1, -1, -1, 117, -1, -1], [61, 38, 32, 1, -1, 89, 16, -1, -1, -1, -1, 53], [46, 68, 67, 17, -1, -1, 33, -1, -1, -1, 27, -1], [-1, -1, -1, 72, 112, -1, -1, 85, -1, 31, 110, -1], [-1, 106, 54, -1, 14, 36, 60, -1, -1, -1, 41, 99], [-1, 35, 84, 73, 69, -1, -1, -1, 64, -1, 18, 103], [115, -1, 78, -1, 58, -1, 94, -1, 79, -1, 2, -1], [9, -1, -1, 55, 45, -1, 80, -1, -1, 107, 28, 11]], "target_index": 103, "target_rc": [8, 7], "target_value": 7, "confidence": 0.9254501966270506, "module_label": "M2"}