{"grid": [[31, 88, -1, -1, -1, -1, -1, 36, 111, -1, -1, 75], [13, -1, 27, 12, -1, -1, -1, -1, 45, -1, 51, 23], [103, 62, -1, -1, -1, -1, 58, -1, -1, 54, -1, -1], [64, 28, -1, 109, -1, 3, 87, -1, -1, -1, -1, 19], [-1, 86, 46, -1, -1, 114, 78, 42, 90, 89, -1, -1], [40, 24, 22, -1, -1, 60, -1, 119, 26, -1, 6, -1], [-1, 25, 9, 91, -1, 106, -1, -1, -1, -1, -1, 105], [-1, 107, 112, 117, 98, 110, -1, -1, -1, -1, 104, -1], [76, -1, 102, 47, 80, 79, 77, 95, 97, -1, -1, 99], [59, 69, -1, -1, -1, 7, 82, -1, -1, -1, -1, 10]], "target_index": 43, "target_rc": [3, 7], "target_value": 96, "confidence": 0.9814054193710054, "module_label": "A5"}