{"grid": [[31, 71, -1, 111, 37, -1, 98, -1, -1, -1, -1, 61], [-1, -1, 9, -1, -1, 117, -1, 83, 85, -1, -1, 94], [58, 14, -1, 38, 16, -1, 40, 82, -1, -1, 47, 77], [35, -1, 93, -1, 64, 70, 5, 43, -1, -1, -1, -1], [-1, -1, -1, 32, -1, 108, -1, 2, 113, 56, -1, -1], [-1, 72, -1, 102, 63, -1, -1, 45, 13, 7, -1, 19], [-1, -1, -1, -1, -1, -1, -1, 3, 10, -1, 17, -1], [-1, 110, -1, 8, -1, -1, -1, 99, 79, 104, -1, 20], [24, 73, -1, -1, -1, 88, 115, 49, -1, 39, -1, 120], [67, 33, -1, -1, 86, -1, 81, 29, -1, 30, 50, -1]], "target_index": 32, "target_rc": [2, 8], "target_value": 28, "confidence": 0.9898009228325166, "module_label": "M2"}