{"grid": [[-1, 59, 94, -1, -1, -1, 10, 88, 41, -1, 83, -1], [39, 55, 40, 9, 23, -1, -1, -1, -1, 99, 16, -1], [44, 110, -1, -1, 84, -1, -1, 91, -1, 45, -1, -1], [-1, 19, 2, 22, -1, 115, -1, 60, 107, 30, -1, -1], [-1, -1, 48, 54, -1, -1, -1, 4, 36, 92, -1, -1], [-1, 15, 13, -1, -1, -1, 117, 87, -1, 18, 86, -1], [11, -1, -1, -1, 12, -1, 79, -1, -1, 65, 85, -1], [-1, 27, 114, -1, -1, 116, -1, -1, -1, -1, 98, 7], [95, -1, -1, 68, -1, -1, 77, 1, -1, -1, 75, -1], [69, -1, 8, -1, 46, 97, 42, 93, 73, -1, 28, 118]], "target_index": 74, "target_rc": [6, 2], "target_value": 32, "confidence": 0.8801671323623391, "module_label": "A8"}