{"grid": [[-1, 22, -1, 55, -1, -1, 84, 108, 21, -1, 89, -1], [-1, -1, -1, 60, -1, 111, 97, 67, 104, 116, -1, -1], [-1, -1, -1, -1, 83, 40, 80, -1, -1, -1, -1, -1], [-1, 36, 91, 23, 51, -1, -1, -1, -1, 44, -1, -1], [37, 70, 63, 30, 57, -1, 76, -1, -1, 93, -1, -1], [-1, -1, 9, -1, 48, -1, -1, 114, 26, 47, 106, -1], [42, -1, -1, 24, -1, 11, 54, -1, 62, 6, 10, 92], [-1, -1, 72, -1, -1, -1, 34, -1, 115, -1, -1, 113], [-1, 2, 78, -1, 101, -1, 59, 99, 107, 39, 66, 74], [-1, 98, -1, 27, -1, -1, 29, 117, 4, -1, -1, 118]], "target_index": 53, "target_rc": [4, 5], "target_value": 5, "confidence": 0.9875385642932728, "module_label": "M8"}