{"grid": [[26, -1, -1, -1, 62, 73, 78, -1, 2, 24, -1, 32], [-1, -1, 92, -1, -1, 114, -1, -1, 35, -1, -1, -1], [50, 67, 101, 6, -1, 20, 34, -1, 22, 18, 54, -1], [-1, -1, 76, -1, 75, -1, -1, -1, -1, -1, 28, 85], [106, -1, 4, -1, 69, 36, -1, 23, -1, 56, 61, -1], [-1, -1, 55, 116, -1, -1, -1, -1, 120, 65, 80, 60], [-1, 89, 94, 29, 49, 12, 30, -1, -1, -1, 108, 17], [-1, -1, 84, -1, 88, 91, -1, 119, -1, 96, 16, 51], [-1, -1, 113, -1, -1, -1, -1, 86, 31, -1, -1, 5], [-1, -1, -1, 79, -1, -1, 82, -1, 63, -1, 109, 19]], "target_index": 113, "target_rc": [9, 5], "target_value": 83, "confidence": 0.815636340057683, "module_label": "M2"}