{"grid": [[107, 103, 64, -1, -1, 10, -1, 22, 98, 70, -1, -1], [-1, 16, -1, 14, 94, -1, -1, 96, 24, -1, -1, -1], [-1, 68, -1, -1, -1, 49, -1, -1, 55, -1, 3, 109], [63, 71, 41, -1, -1, -1, 105, -1, 31, -1, -1, 13], [-1, 88, 61, 79, 48, -1, -1, 108, 26, -1, 28, -1], [-1, 25, -1, 39, -1, -1, -1, -1, 8, -1, -1, 69], [89, -1, 101, 102, 106, -1, -1, -1, 86, -1, 65, -1], [7, -1, -1, 74, -1, 1, 100, 50, 111, 40, -1, -1], [-1, 72, -1, 95, 97, -1, 52, 27, -1, -1, 76, 43], [-1, 104, 51, -1, 29, 112, 11, 44, -1, -1, -1, -1]], "target_index": 30, "target_rc": [2, 6], "target_value": 15, "confidence": 0.8608453450983456, "module_label": "M2"}