{"grid": [[-1, -1, 116, 14, 112, 40, 91, 114, 51, 18, -1, -1], [97, -1, -1, -1, -1, -1, 54, -1, -1, 48, 28, -1], [-1, -1, 57, 78, -1, 53, -1, -1, 86, 43, 83, -1], [76, 117, 95, 32, 73, -1, 106, 58, -1, 59, -1, 81], [25, 49, 110, -1, 10, 74, 75, -1, -1, -1, -1, -1], [15, 77, 21, -1, -1, -1, -1, -1, 111, -1, -1, -1], [55, 85, 108, -1, 105, 20, 66, 115, -1, -1, 42, -1], [39, -1, -1, 72, -1, -1, 26, 7, -1, -1, -1, 17], [24, -1, 23, -1, -1, -1, 107, 11, 102, -1, 35, -1], [90, -1, -1, -1, 109, -1, -1, -1, -1, -1, 120, 45]], "target_index": 116, "target_rc": [9, 8], "target_value": 16, "confidence": 0.8362944016102413, "module_label": "A5"}