{"grid": [[34, -1, -1, 60, -1, -1, 46, -1, -1, -1, 50, -1], [12, -1, 58, -1, -1, -1, -1, 119, 25, -1, 65, 13], [112, 111, 22, -1, -1, 88, -1, 38, -1, -1, 18, 29], [-1, -1, 103, 21, -1, 110, 39, 27, -1, -1, -1, -1], [36, -1, 105, -1, 77, 70, -1, 42, -1, 64, 92, 35], [-1, -1, -1, -1, -1, 14, 33, 71, 84, -1, 102, 82], [-1, 15, -1, 76, -1, 11, -1, -1, -1, -1, -1, -1], [79, 16, 8, -1, -1, 43, 41, 51, 67, 94, -1, -1], [66, -1, 72, 30, 117, 44, 28, -1, -1, -1, -1, -1], [81, 116, 20, 100, -1, 31, 74, -1, -1, -1, -1, 95]], "target_index": 36, "target_rc": [3, 0], "target_value": 54, "confidence": 0.9819096007786299, "module_label": "M2"}