{"grid": [[-1, -1, 111, -1, 119, -1, 92, 38, 47, -1, 120, -1], [95, 8, -1, 15, 39, 87, -1, 26, 40, 49, 110, 106], [34, -1, -1, -1, 35, 41, -1, -1, 107, 64, -1, -1], [-1, -1, -1, -1, -1, -1, -1, -1, 101, 28, 69, -1], [-1, 10, 74, 108, -1, -1, -1, -1, 116, 33, -1, -1], [-1, 78, -1, 20, 66, -1, -1, 19, -1, 32, -1, 65], [-1, 67, 58, 72, -1, -1, 18, -1, -1, 109, -1, -1], [112, 85, 54, -1, 61, 55, -1, 115, 36, 70, 105, 27], [-1, -1, -1, 75, -1, -1, 57, 22, 25, 43, -1, 84], [-1, 59, -1, 7, -1, -1, -1, 88, -1, 3, -1, -1]], "target_index": 83, "target_rc": [6, 11], "target_value": 6, "confidence": 0.9852132910746114, "module_label": "A5"}