{"grid": [[18, 25, -1, -1, -1, 23, -1, -1, -1, 77, 46, -1], [99, 103, -1, 112, 75, -1, -1, -1, 41, -1, -1, 35], [36, 55, 120, 34, -1, -1, 19, -1, -1, 3, 45, -1], [-1, 48, -1, -1, 10, 67, 78, -1, -1, -1, 101, 104], [22, -1, 8, -1, 1, 108, -1, 119, -1, 80, 27, -1], [37, -1, -1, -1, 100, -1, -1, -1, 66, 113, 114, 93], [96, -1, 53, -1, -1, -1, 90, -1, -1, -1, -1, 81], [-1, -1, -1, -1, 63, -1, 110, 58, -1, -1, 32, 39], [117, 89, -1, 74, 2, -1, -1, 79, 73, 57, -1, 7], [-1, 65, 16, 94, -1, 70, 68, 40, -1, -1, -1, -1]], "target_index": 73, "target_rc": [6, 1], "target_value": 107, "confidence": 0.9714996753774188, "module_label": "M2"}