{"grid": [[-1, 108, 94, 107, 110, 115, -1, 69, -1, 88, -1, -1], [-1, 42, -1, -1, 14, -1, -1, 81, 95, 23, 18, 9], [86, 114, -1, -1, -1, -1, -1, -1, 73, 57, 20, 26], [-1, -1, 33, -1, 99, 32, -1, 48, 39, -1, 70, -1], [61, 11, 53, 38, 62, -1, 65, 97, 58, -1, 51, 43], [5, 101, -1, -1, -1, -1, 50, -1, 56, 84, -1, 111], [-1, -1, -1, -1, -1, -1, 79, 24, -1, 1, -1, -1], [-1, 27, -1, 19, 59, 105, 41, -1, -1, 55, -1, -1], [4, 77, -1, 40, -1, -1, -1, 112, -1, -1, 12, 37], [-1, -1, -1, -1, -1, -1, -1, -1, 2, 80, 49, -1]], "target_index": 39, "target_rc": [3, 3], "target_value": 54, "confidence": 0.9652805176185146, "module_label": "M2"}