{"grid": [[81, -1, -1, 99, 89, 91, -1, -1, 62, -1, -1, 75], [-1, -1, 39, 59, -1, 65, -1, -1, 90, -1, 49, -1], [55, 33, -1, -1, -1, -1, 14, -1, -1, 2, 21, 117], [7, -1, 15, 18, 19, 74, -1, -1, -1, -1, 63, 84], [-1, -1, 113, -1, -1, 40, 109, 35, 119, 83, 17, 37], [68, -1, 23, -1, 111, -1, 67, -1, -1, -1, 26, 114], [-1, 106, -1, -1, -1, -1, 11, 48, 24, 95, -1, 31], [-1, -1, -1, -1, -1, 80, -1, 97, 57, 9, -1, 25], [-1, 41, 50, -1, -1, 4, -1, -1, 73, -1, 104, -1], [-1, -1, 112, -1, -1, -1, 79, -1, 13, 47, 44, 51]], "target_index": 1, "target_rc": [0, 1], "target_value": 118, "confidence": 0.8081233977363251, "module_label": "A8"}