{"grid": [[117, -1, 37, 4, 103, -1, -1, -1, 20, -1, -1, 73], [12, 101, 5, -1, -1, 66, -1, 89, 70, -1, 114, 102], [105, -1, -1, -1, -1, -1, 46, 49, -1, -1, -1, 27], [-1, -1, 56, -1, 86, -1, -1, 83, -1, -1, -1, 67], [59, 48, 10, 45, 68, -1, 57, 100, -1, 6, 92, -1], [-1, 41, -1, 9, 104, -1, -1, 111, 88, 107, 26, -1], [-1, -1, -1, -1, 77, 78, 51, -1, -1, -1, -1, -1], [36, -1, 85, 52, 42, 33, -1, -1, -1, -1, 116, -1], [-1, 120, 96, -1, 39, -1, 108, 82, 84, -1, -1, -1], [-1, 110, -1, -1, 13, 71, 69, 35, -1, -1, 11, 65]], "target_index": 9, "target_rc": [0, 9], "target_value": 43, "confidence": 0.9587980385325178, "module_label": "A8"}