{"grid": [[-1, -1, -1, 67, 72, 58, -1, 29, 109, 5, 71, 16], [103, -1, 78, 53, -1, -1, 20, 73, 111, -1, -1, 63], [-1, -1, -1, -1, -1, -1, 92, 28, 97, 52, 3, -1], [32, -1, 86, 69, -1, 117, 82, 59, -1, 48, -1, -1], [30, 54, -1, -1, 13, -1, 118, 19, 36, -1, -1, 85], [-1, 9, 108, -1, 62, 47, -1, -1, -1, -1, 1, 57], [7, 39, -1, 56, -1, 100, 104, -1, -1, -1, 101, 27], [34, -1, -1, 95, 94, -1, -1, -1, -1, 90, -1, -1], [-1, -1, -1, -1, 8, 41, -1, -1, 84, -1, -1, -1], [22, 87, -1, -1, -1, 23, -1, 40, 120, -1, 107, -1]], "target_index": 110, "target_rc": [9, 2], "target_value": 43, "confidence": 0.8747138831508259, "module_label": "M8"}