{"grid": [[90, -1, -1, 68, 24, -1, -1, -1, 16, -1, 50, 112], [-1, 67, -1, 105, 32, 56, -1, -1, -1, 8, -1, 71], [-1, 53, 111, -1, 57, -1, -1, -1, -1, 72, 51, -1], [-1, 58, 12, -1, -1, 74, 26, -1, -1, 40, 91, 83], [-1, -1, -1, -1, -1, 43, -1, -1, 100, 2, -1, -1], [30, -1, 96, 75, -1, 15, 27, 99, -1, 5, 64, 108], [21, -1, 59, 62, 63, 37, 9, 94, -1, -1, -1, -1], [84, -1, 89, -1, -1, -1, -1, -1, 1, 6, -1, 118], [49, 79, -1, -1, 3, -1, 22, -1, -1, -1, 70, 23], [-1, 60, -1, 95, -1, -1, 80, -1, 31, -1, 98, 36]], "target_index": 113, "target_rc": [9, 5], "target_value": 4, "confidence": 0.8466346614793784, "module_label": "M8"}