{"grid": [[-1, -1, -1, 65, -1, -1, 30, -1, 45, 82, -1, 42], [-1, 24, 55, 63, -1, 93, 50, 3, -1, 102, -1, -1], [4, -1, 108, 61, -1, 28, 66, 92, 76, 58, 36, 111], [117, 88, 10, -1, 29, 118, -1, -1, 27, 5, -1, 103], [109, -1, -1, -1, -1, -1, -1, -1, 90, -1, -1, -1], [-1, -1, -1, 85, -1, 20, -1, 87, -1, 114, -1, -1], [84, 11, -1, 12, -1, 56, -1, 89, -1, -1, -1, -1], [112, 25, -1, 46, -1, 68, -1, -1, 72, -1, 100, 54], [78, 8, -1, -1, -1, 2, 77, -1, 53, 40, -1, -1], [-1, 86, -1, 97, 18, -1, 1, 26, 113, -1, -1, -1]], "target_index": 39, "target_rc": [3, 3], "target_value": 15, "confidence": 0.9822943029805242, "module_label": "M2"}