{"grid": [[-1, 62, -1, -1, 77, 41, -1, 96, -1, -1, 80, 87], [95, 58, -1, 66, -1, 16, 88, 98, -1, -1, 5, 59], [74, 111, -1, -1, 113, -1, 116, 14, 91, 7, 33, -1], [-1, 51, -1, 6, -1, 79, -1, 30, 69, 22, 100, -1], [103, 12, -1, -1, -1, 31, -1, -1, -1, -1, 48, -1], [115, 64, 39, 35, 102, -1, -1, 83, 106, 38, -1, -1], [-1, -1, 63, -1, -1, 112, 119, -1, -1, 50, -1, -1], [3, 9, -1, 1, -1, -1, -1, 105, -1, 97, 25, 61], [-1, -1, -1, 60, -1, -1, 49, -1, -1, 43, -1, 20], [-1, 44, -1, 67, 27, -1, -1, 26, -1, -1, -1, -1]], "target_index": 110, "target_rc": [9, 2], "target_value": 11, "confidence": 0.935739750450669, "module_label": "M8"}