{"grid": [[44, 97, 46, 52, -1, -1, 3, -1, -1, 60, -1, -1], [-1, -1, 64, 76, -1, 66, -1, -1, 91, -1, 55, 35], [79, 63, -1, -1, 78, 19, 4, -1, 56, 30, 17, -1], [22, -1, -1, 80, 26, -1, 108, 104, 28, -1, 14, -1], [48, -1, 94, -1, -1, -1, 84, 88, 87, 10, -1, 34], [-1, 6, 33, 74, -1, -1, -1, 8, -1, -1, -1, -1], [-1, 12, 54, -1, -1, 27, 110, 21, -1, 40, 107, 81], [32, 99, -1, -1, 20, 59, -1, -1, -1, -1, -1, 43], [-1, -1, -1, 114, -1, 105, -1, -1, -1, -1, 89, 38], [47, 73, 15, -1, -1, 7, -1, -1, -1, -1, -1, 29]], "target_index": 45, "target_rc": [3, 9], "target_value": 69, "confidence": 0.9593390178065598, "module_label": "M2"}