{"grid": [[-1, -1, -1, 107, 87, 89, -1, 40, -1, -1, 11, 63], [69, 62, -1, 15, -1, -1, 36, -1, -1, -1, 13, -1], [72, 53, -1, 109, -1, -1, -1, 67, 101, -1, -1, -1], [-1, -1, 17, -1, 108, 92, -1, 22, -1, 31, 114, -1], [88, -1, 19, -1, -1, 113, -1, -1, -1, 84, 73, 96], [91, -1, -1, 103, -1, -1, 82, -1, -1, -1, 64, 85], [106, -1, 37, -1, 111, 2, 52, 6, -1, -1, 97, -1], [-1, -1, 95, -1, -1, -1, -1, -1, -1, -1, 54, 100], [10, -1, 80, -1, -1, 18, -1, 32, 94, 110, 46, 58], [59, 56, -1, -1, 16, 98, 29, 25, -1, 70, 50, 7]], "target_index": 100, "target_rc": [8, 4], "target_value": 38, "confidence": 0.8181536984116606, "module_label": "M8"}