{"grid": [[-1, -1, -1, 100, 68, 96, 105, 11, -1, -1, -1, -1], [60, 28, 44, 84, -1, -1, -1, 116, 38, 112, 30, -1], [-1, -1, 15, -1, -1, -1, -1, 27, -1, 31, -1, -1], [53, -1, 114, 97, 24, -1, 8, 10, -1, -1, 47, -1], [57, -1, -1, 66, 88, 94, 21, -1, -1, 50, -1, 69], [-1, -1, 26, 111, -1, -1, 89, 65, -1, -1, -1, -1], [20, -1, -1, 103, -1, -1, 29, -1, 82, -1, 23, 12], [-1, 43, 101, 16, -1, 78, 107, 39, 77, 62, -1, -1], [-1, -1, -1, 83, -1, -1, 73, -1, 79, 110, -1, 102], [-1, 34, 80, 25, -1, -1, 4, -1, -1, 70, 85, 74]], "target_index": 47, "target_rc": [3, 11], "target_value": 118, "confidence": 0.8849601735519119, "module_label": "M8"}