{"grid": [[98, -1, 44, 35, -1, 21, -1, -1, 53, -1, -1, 45], [-1, 15, 22, -1, -1, 102, 59, -1, 17, 20, -1, 32], [-1, 103, -1, 37, -1, 82, 64, 75, -1, -1, -1, 99], [73, 104, -1, 43, 120, -1, 7, -1, 26, 61, -1, -1], [112, 19, -1, -1, 91, 96, 50, -1, -1, -1, -1, -1], [118, 5, -1, 24, -1, -1, 116, 95, 113, 29, 42, -1], [-1, 111, 83, -1, -1, 23, -1, -1, -1, -1, -1, -1], [115, -1, 27, 36, 4, -1, -1, 16, -1, -1, -1, 81], [-1, -1, -1, -1, 97, -1, -1, -1, 34, -1, 94, 62], [63, -1, 66, -1, 107, -1, 51, 28, 1, 14, 117, -1]], "target_index": 85, "target_rc": [7, 1], "target_value": 70, "confidence": 0.8938210457995014, "module_label": "A8"}