{"grid": [[67, -1, 100, -1, 58, -1, 80, 85, 92, 62, -1, 5], [-1, -1, 110, 97, -1, 76, -1, 104, 24, 57, -1, -1], [-1, 18, -1, -1, -1, -1, 78, -1, 98, -1, -1, -1], [-1, 70, 77, 42, -1, -1, 16, 15, 59, 43, 108, 69], [22, 12, 3, 90, -1, 105, -1, -1, 4, 45, 79, -1], [7, 25, 84, -1, -1, -1, 112, 35, -1, -1, -1, -1], [66, -1, -1, -1, 19, -1, 93, -1, 118, -1, 26, -1], [115, -1, -1, 32, -1, 40, 11, 37, 54, 39, 46, -1], [38, 111, -1, -1, -1, 99, 44, -1, 36, -1, -1, -1], [71, 89, -1, -1, -1, 8, -1, -1, -1, -1, -1, -1]], "target_index": 41, "target_rc": [3, 5], "target_value": 51, "confidence": 0.8139678019657965, "module_label": "A5"}