{"grid": [[90, 10, 17, 98, -1, 1, 82, 81, 40, 54, 102, 49], [-1, -1, -1, 33, -1, -1, -1, -1, 95, -1, -1, -1], [5, -1, 6, -1, 45, -1, -1, -1, 42, -1, -1, -1], [27, 39, 84, 43, -1, -1, 11, 119, -1, 64, 36, 100], [66, -1, 106, 88, 112, 73, -1, -1, -1, 104, -1, -1], [87, -1, 47, -1, 67, -1, -1, 117, -1, -1, -1, 14], [38, -1, -1, -1, -1, -1, 65, 7, -1, -1, -1, -1], [41, 83, 86, 97, 94, 46, -1, 109, 57, 32, -1, -1], [4, -1, 23, -1, -1, 56, 120, 16, -1, 34, -1, -1], [-1, -1, 115, -1, -1, 3, -1, 101, 68, -1, -1, 110]], "target_index": 61, "target_rc": [5, 1], "target_value": 13, "confidence": 0.8991584874508747, "module_label": "M8"}