{"grid": [[-1, 88, -1, -1, 19, -1, -1, -1, 107, -1, 104, -1], [-1, 34, 84, 38, 69, 111, 76, -1, 35, -1, -1, 31], [103, 100, 20, -1, -1, 2, 3, 11, -1, 48, 6, 82], [-1, 74, 66, 81, -1, 41, 118, -1, 28, -1, -1, -1], [-1, -1, -1, 101, -1, -1, 91, 60, 46, 40, 75, 47], [-1, -1, 78, 12, 30, -1, 115, -1, -1, 26, 90, 39], [9, 45, -1, -1, -1, -1, -1, 29, 68, -1, -1, 89], [-1, -1, -1, -1, 73, -1, -1, -1, -1, -1, 54, 80], [85, -1, -1, -1, -1, -1, 64, 61, 10, 86, 94, -1], [-1, -1, 37, 97, 77, -1, -1, -1, -1, 14, -1, 114]], "target_index": 60, "target_rc": [5, 0], "target_value": 105, "confidence": 0.9085391509124731, "module_label": "A8"}