{"grid": [[-1, 22, 21, 80, 49, 19, 102, 35, -1, -1, -1, 37], [69, 108, 29, 120, 67, -1, -1, -1, 20, -1, -1, -1], [-1, 58, 107, -1, -1, 17, -1, 85, -1, -1, 104, 118], [94, 56, 91, -1, 44, 96, -1, -1, -1, -1, 89, -1], [-1, -1, -1, 72, -1, -1, -1, 101, -1, -1, 9, 15], [-1, -1, -1, 23, -1, 117, 111, -1, -1, -1, -1, -1], [18, -1, -1, 39, -1, -1, 2, 57, 27, 64, 40, -1], [-1, -1, 70, -1, -1, 77, -1, -1, 116, -1, -1, 113], [6, 65, 38, -1, 31, -1, 100, 45, -1, -1, 48, 109], [-1, 98, 59, 97, 36, -1, 71, -1, -1, 34, 74, 92]], "target_index": 52, "target_rc": [4, 4], "target_value": 7, "confidence": 0.8109035525017148, "module_label": "A8"}