{"grid": [[95, 42, -1, 39, -1, -1, 87, -1, -1, -1, -1, 117], [76, -1, -1, 36, 45, 106, 90, -1, -1, -1, 22, 92], [5, 11, 1, 59, 23, -1, 43, -1, -1, -1, -1, -1], [4, 67, 13, 18, -1, 98, -1, -1, 77, -1, -1, -1], [115, -1, -1, -1, -1, 99, -1, -1, 68, 110, -1, -1], [97, 89, 2, -1, 53, 60, -1, 116, 103, -1, -1, -1], [-1, 40, -1, 55, -1, -1, 26, -1, 62, 71, 70, 14], [58, -1, 17, 86, 28, -1, -1, -1, 83, -1, 54, -1], [-1, 84, -1, -1, 38, 63, 109, -1, 56, 41, -1, 33], [-1, -1, 8, -1, 50, -1, -1, -1, -1, 82, 119, 24]], "target_index": 91, "target_rc": [7, 7], "target_value": 29, "confidence": 0.8476501649996764, "module_label": "A5"}