{"grid": [[73, -1, -1, -1, 34, 3, 51, -1, -1, -1, 103, 107], [36, 79, 53, 11, -1, 31, -1, -1, 13, -1, 26, -1], [115, -1, 56, -1, 118, 7, 82, -1, -1, -1, 101, 8], [-1, 38, -1, 19, -1, -1, -1, 100, -1, 81, 113, 111], [-1, 4, -1, 89, 52, -1, 66, 32, -1, -1, -1, -1], [-1, 114, 104, 67, -1, 91, -1, 120, 30, 25, 96, -1], [-1, 90, -1, -1, -1, -1, -1, 40, -1, -1, 63, 97], [44, -1, -1, -1, -1, -1, 23, -1, -1, -1, -1, -1], [35, 12, 29, -1, -1, -1, 110, 116, 93, -1, 46, 60], [-1, -1, 95, -1, 18, 5, 78, 83, 17, -1, 16, -1]], "target_index": 33, "target_rc": [2, 9], "target_value": 55, "confidence": 0.92681934112201, "module_label": "M8"}