{"grid": [[-1, 37, 72, -1, -1, 73, -1, -1, -1, 17, -1, 52], [-1, -1, 105, 68, -1, -1, -1, 34, 63, -1, 108, 60], [96, -1, -1, -1, 104, -1, -1, -1, 18, 44, 29, 46], [-1, 86, -1, -1, 90, 58, 81, -1, 116, -1, -1, -1], [97, -1, -1, -1, -1, -1, 113, 47, -1, -1, 100, 115], [-1, -1, 28, 33, 95, 3, 79, -1, -1, -1, 12, 82], [36, -1, 23, 7, -1, 30, 102, 111, -1, -1, 59, -1], [41, 24, 31, -1, -1, -1, 93, 120, 112, 9, 5, -1], [1, -1, -1, -1, 117, -1, 51, -1, -1, 6, 43, -1], [70, 22, -1, 40, -1, -1, -1, 67, 103, 26, -1, -1]], "target_index": 113, "target_rc": [9, 5], "target_value": 61, "confidence": 0.8634448290805856, "module_label": "A8"}