{"grid": [[67, -1, 31, -1, 74, -1, 53, 12, 3, 40, -1, 56], [-1, 5, -1, 120, 96, -1, -1, 100, 44, 50, 97, -1], [-1, 21, 62, -1, -1, 55, -1, 118, 34, -1, -1, 115], [37, -1, -1, -1, -1, -1, -1, -1, 80, -1, -1, -1], [-1, 111, -1, 61, -1, -1, -1, 27, 81, 114, 48, -1], [102, -1, -1, -1, 19, -1, -1, 89, 2, 99, -1, 23], [-1, -1, 113, -1, -1, 91, -1, 32, -1, -1, 26, -1], [35, 59, 87, 10, 83, 88, 38, -1, -1, -1, 105, 41], [-1, -1, -1, 8, 110, -1, -1, 46, 54, 36, 63, -1], [82, -1, 106, -1, 72, 39, 18, -1, -1, -1, 112, -1]], "target_index": 45, "target_rc": [3, 9], "target_value": 13, "confidence": 0.889878340085853, "module_label": "M2"}