{"grid": [[-1, -1, -1, 37, 77, -1, -1, -1, -1, 41, -1, -1], [7, -1, 10, -1, 17, 93, 5, -1, 32, 64, -1, 92], [27, 44, -1, 89, 19, -1, 25, 78, -1, 103, 68, -1], [90, 43, -1, -1, 82, -1, 81, -1, 80, -1, 72, 91], [-1, -1, -1, 26, 20, -1, 57, 38, -1, -1, -1, -1], [-1, -1, 102, 46, 47, 101, 42, -1, 84, -1, 49, 59], [105, 29, 87, -1, 9, 85, 15, -1, -1, 97, -1, -1], [-1, -1, -1, -1, -1, -1, 33, 14, -1, 40, -1, 34], [-1, 58, 79, -1, -1, -1, -1, 63, -1, 76, 67, -1], [22, -1, -1, 86, -1, 65, 115, 8, -1, 61, -1, -1]], "target_index": 10, "target_rc": [0, 10], "target_value": 118, "confidence": 0.984161257826033, "module_label": "A8"}