{"grid": [[71, 113, 42, -1, 8, 107, 45, -1, 109, -1, -1, 47], [105, -1, -1, 89, 84, 96, 60, 102, 41, 24, -1, -1], [118, -1, 54, 104, 103, 117, -1, 100, 16, -1, -1, 61], [44, 69, -1, 36, 70, -1, -1, -1, 101, -1, 66, -1], [55, 28, -1, -1, 27, 111, 40, 23, -1, -1, -1, -1], [-1, -1, -1, 67, -1, -1, -1, -1, -1, -1, -1, -1], [11, 120, -1, 30, -1, -1, 63, 53, -1, 62, 13, -1], [94, -1, 90, 22, 76, -1, 9, 88, -1, -1, 92, -1], [-1, -1, -1, 49, -1, 86, -1, -1, 115, -1, -1, -1], [2, 7, 110, -1, -1, -1, -1, 26, -1, 19, -1, 51]], "target_index": 74, "target_rc": [6, 2], "target_value": 78, "confidence": 0.9986005089935618, "module_label": "M8"}