{"grid": [[41, -1, 49, -1, 82, -1, 12, 10, 11, -1, -1, 58], [59, 50, 76, -1, 55, -1, -1, 83, 97, -1, 91, -1], [-1, 111, 100, 87, -1, 109, -1, -1, 77, -1, 8, -1], [20, -1, -1, 114, 19, -1, 60, -1, -1, 98, 89, -1], [-1, -1, 1, -1, 39, -1, -1, 63, 80, -1, -1, 3], [-1, 31, -1, -1, 106, -1, -1, -1, -1, -1, 90, -1], [47, 2, -1, 57, -1, -1, -1, -1, -1, 113, -1, 51], [-1, 35, -1, -1, -1, 78, 40, 102, 84, -1, -1, -1], [64, 16, 65, -1, 14, 116, 66, 73, -1, -1, 108, 101], [107, 52, -1, 110, -1, 28, -1, -1, -1, 119, 34, 75]], "target_index": 87, "target_rc": [7, 3], "target_value": 4, "confidence": 0.8801746051211246, "module_label": "A8"}