{"grid": [[-1, 103, -1, -1, -1, -1, -1, 72, 44, 30, -1, 64], [112, 74, 47, 3, 96, -1, -1, -1, 29, -1, 53, -1], [-1, -1, -1, 7, 42, 5, -1, 119, 67, 116, 115, 82], [-1, 2, -1, 117, -1, -1, -1, 110, 111, -1, -1, 6], [-1, 62, -1, -1, -1, 55, -1, 105, -1, -1, 31, -1], [85, 32, -1, 33, 9, 58, -1, -1, -1, 76, 12, 16], [51, 48, 70, 11, -1, 77, -1, -1, 75, -1, 113, -1], [-1, -1, 95, 14, -1, -1, 56, 97, 87, 68, -1, 65], [-1, 120, 18, -1, 94, -1, 34, -1, 39, -1, -1, -1], [-1, -1, 86, -1, -1, -1, 99, -1, 45, -1, -1, 19]], "target_index": 68, "target_rc": [5, 8], "target_value": 90, "confidence": 0.9229964106949999, "module_label": "A8"}