{"grid": [[-1, 47, -1, -1, 78, 66, 81, 40, -1, -1, -1, 79], [-1, -1, 77, -1, 19, 63, 23, -1, -1, -1, 103, 9], [62, -1, 22, -1, 84, 85, -1, -1, 53, -1, 15, -1], [112, -1, -1, -1, -1, 115, -1, -1, -1, 56, -1, -1], [-1, -1, 7, 107, 45, 43, -1, -1, -1, -1, -1, 52], [-1, -1, 3, 65, 108, 58, -1, 24, 14, 75, 99, -1], [-1, -1, -1, -1, -1, -1, 61, 11, 36, -1, 72, 111], [-1, -1, -1, 38, -1, -1, 105, 33, 117, 39, 2, 44], [70, -1, -1, -1, 110, -1, -1, 96, -1, 74, 67, 12], [25, -1, 29, 54, 120, -1, 5, 37, 114, -1, -1, 97]], "target_index": 10, "target_rc": [0, 10], "target_value": 80, "confidence": 0.9040395494833574, "module_label": "A8"}