{"grid": [[77, -1, -1, 64, 115, 111, 1, -1, -1, -1, -1, -1], [-1, 81, 112, -1, -1, 61, -1, -1, -1, -1, -1, -1], [-1, -1, -1, -1, -1, -1, -1, 43, 80, 96, 104, -1], [101, -1, 53, 13, -1, -1, 93, -1, 82, 9, 37, 107], [95, 5, -1, -1, 109, -1, -1, 11, 92, -1, 34, 41], [-1, 3, -1, 71, 66, 51, -1, 60, 6, 65, 49, -1], [-1, 38, 63, 45, -1, 114, -1, 69, 94, 29, -1, -1], [12, -1, -1, 75, 98, -1, -1, -1, -1, -1, 18, 25], [-1, 24, 56, 42, 105, 99, -1, -1, -1, 21, -1, 36], [74, -1, 108, -1, 59, -1, -1, 62, 79, -1, 23, -1]], "target_index": 102, "target_rc": [8, 6], "target_value": 40, "confidence": 0.8936680148879945, "module_label": "M2"}