{"grid": [[-1, 59, -1, -1, 4, 15, 100, -1, 89, 53, 92, 51], [56, 73, 112, -1, -1, 117, 67, -1, -1, -1, 24, -1], [94, 32, 71, -1, 33, -1, 61, -1, 41, 86, -1, -1], [18, -1, -1, -1, -1, 43, -1, 47, 13, 90, -1, 81], [55, 72, 119, -1, -1, 87, 88, -1, 17, -1, 16, 75], [62, 111, -1, -1, 64, 3, -1, -1, -1, 21, -1, 74], [-1, -1, 98, -1, -1, -1, 68, -1, 50, -1, 101, 27], [-1, 44, 109, -1, 108, -1, 11, -1, 84, -1, 63, -1], [-1, -1, -1, -1, 39, -1, -1, -1, 105, -1, -1, -1], [93, -1, 30, 5, -1, -1, -1, -1, 38, 70, 107, -1]], "target_index": 89, "target_rc": [7, 5], "target_value": 95, "confidence": 0.8614392404710427, "module_label": "A8"}