{"grid": [[-1, -1, -1, -1, 40, -1, 70, -1, -1, 49, -1, 13], [-1, 80, -1, -1, -1, -1, -1, -1, 111, -1, 94, -1], [-1, -1, 28, 34, -1, 10, -1, 19, 61, -1, 100, 65], [82, -1, 107, 84, 6, -1, 27, -1, -1, 33, 1, -1], [116, -1, -1, -1, -1, 91, -1, -1, -1, 51, 7, 67], [101, -1, 102, 4, 105, -1, -1, 92, -1, 15, -1, 48], [64, 73, 5, 103, 68, 119, 74, -1, 95, -1, -1, 8], [57, -1, -1, 78, 63, 112, 9, -1, -1, 20, -1, -1], [-1, 36, 98, -1, 93, -1, 77, -1, 106, 115, 47, 31], [-1, -1, 23, -1, -1, 46, 87, -1, -1, -1, 38, -1]], "target_index": 94, "target_rc": [7, 10], "target_value": 22, "confidence": 0.8298296605116114, "module_label": "M2"}