{"grid": [[-1, -1, -1, -1, 41, 1, -1, 70, -1, -1, -1, 90], [108, -1, -1, 110, 67, 85, -1, -1, 8, -1, -1, 63], [-1, 35, -1, 25, 44, 109, 114, 116, -1, 48, 100, -1], [82, -1, -1, -1, 68, -1, -1, 43, 50, 60, 94, -1], [84, -1, 66, 22, 97, -1, 58, 15, 31, -1, -1, -1], [113, 29, 65, -1, -1, 103, 105, 6, 45, 40, -1, -1], [61, -1, 106, 23, 27, -1, 115, 71, -1, -1, -1, -1], [-1, 33, -1, 104, -1, -1, 96, -1, -1, -1, -1, 54], [89, -1, 36, 102, 56, -1, -1, 49, -1, 75, -1, -1], [55, 72, 111, -1, 4, -1, 119, -1, -1, -1, -1, -1]], "target_index": 24, "target_rc": [2, 0], "target_value": 101, "confidence": 0.9374751388524987, "module_label": "M2"}