{"grid": [[-1, 63, 15, 54, -1, 69, -1, -1, 68, 37, 112, -1], [-1, -1, 14, -1, 101, -1, 118, 64, -1, 72, -1, -1], [-1, 45, -1, 6, -1, -1, -1, -1, 27, -1, 44, -1], [-1, 102, -1, 84, -1, 62, -1, 1, -1, 66, 103, 53], [29, -1, -1, -1, -1, -1, -1, -1, -1, 106, 18, -1], [8, 20, 120, 50, 5, 16, 59, -1, -1, 89, -1, 19], [-1, -1, -1, 61, -1, -1, -1, 46, 42, 51, 55, -1], [-1, 43, 56, 82, 48, -1, 4, 80, 21, 60, -1, 58], [17, 36, 7, 116, 98, -1, -1, -1, -1, 47, 11, -1], [-1, 86, -1, -1, 39, 49, -1, -1, -1, 114, -1, -1]], "target_index": 0, "target_rc": [0, 0], "target_value": 67, "confidence": 0.9513734458176725, "module_label": "M8"}