{"grid": [[-1, 112, 68, 31, 75, 51, -1, -1, 56, -1, 89, 91], [110, -1, -1, -1, 118, 98, -1, -1, -1, 36, 18, -1], [-1, -1, -1, -1, 66, 120, -1, -1, -1, 23, -1, 29], [-1, -1, -1, -1, -1, -1, 95, 62, -1, 46, -1, 59], [8, 72, -1, 1, 12, -1, 69, 11, -1, 45, 19, 25], [99, -1, -1, -1, 9, 106, 37, -1, 71, -1, -1, -1], [78, -1, 27, 76, -1, 113, -1, -1, -1, -1, -1, 53], [-1, -1, -1, -1, -1, -1, 41, -1, 107, 108, 22, -1], [-1, -1, 48, 88, -1, 104, 32, -1, -1, 39, -1, -1], [-1, 14, 16, 83, 61, 105, 54, 6, 115, 43, 40, 4]], "target_index": 76, "target_rc": [6, 4], "target_value": 26, "confidence": 0.983255711076331, "module_label": "M8"}