{"grid": [[-1, -1, 23, -1, -1, -1, 71, -1, -1, -1, -1, 64], [9, -1, -1, -1, -1, -1, -1, 81, -1, 53, -1, -1], [-1, 107, -1, 68, 72, -1, -1, 63, 105, -1, -1, -1], [3, -1, -1, -1, 47, 52, -1, -1, 80, 67, -1, -1], [66, 117, 8, -1, 26, 6, -1, 54, -1, 110, 118, -1], [-1, 42, 70, 11, 4, 19, -1, 10, 78, 101, 30, 12], [-1, 22, -1, 61, -1, 109, 37, -1, 2, -1, 75, 13], [90, -1, 98, -1, -1, 38, -1, -1, -1, -1, 73, 17], [-1, -1, 28, 1, -1, 120, 51, 65, 46, -1, -1, 119], [-1, 113, -1, 114, 94, 48, 18, 14, -1, -1, -1, 116]], "target_index": 79, "target_rc": [6, 7], "target_value": 16, "confidence": 0.9030132841607569, "module_label": "M8"}