{"grid": [[102, 91, -1, 58, 41, 106, -1, -1, 67, 47, 114, -1], [13, 30, 31, -1, 33, 66, -1, -1, 36, -1, 6, 75], [11, 52, -1, -1, -1, -1, -1, 118, 104, 77, 12, -1], [85, 61, 69, -1, 35, 117, 74, -1, -1, 55, -1, 19], [-1, -1, -1, 113, -1, -1, -1, -1, -1, -1, -1, -1], [70, 34, -1, 92, -1, 68, -1, -1, 56, 115, 43, -1], [57, -1, -1, 99, 10, 72, 119, -1, 93, 97, -1, 18], [-1, 23, -1, -1, 40, 21, -1, 109, 25, -1, -1, 60], [-1, -1, -1, 49, 110, -1, -1, -1, -1, -1, 28, 63], [-1, 2, -1, 98, 90, -1, -1, -1, 51, -1, -1, -1]], "target_index": 35, "target_rc": [2, 11], "target_value": 94, "confidence": 0.9563228165107758, "module_label": "A8"}