{"grid": [[91, 95, -1, 20, -1, 13, 86, -1, -1, 32, 113, 109], [7, 53, 97, 89, -1, -1, 72, 81, -1, 8, -1, -1], [85, 83, -1, -1, -1, -1, -1, -1, 116, 45, -1, -1], [-1, 84, -1, 56, 61, -1, -1, -1, -1, 49, -1, 88], [-1, -1, 27, 87, 9, -1, -1, 104, 114, -1, 111, -1], [75, -1, -1, -1, 4, 120, 106, 93, 55, -1, -1, -1], [82, -1, -1, 66, -1, 47, -1, 3, 5, -1, -1, -1], [73, 74, -1, -1, 42, -1, 63, -1, -1, -1, 118, -1], [58, 107, -1, -1, 25, 35, -1, 33, 28, 21, -1, -1], [-1, 92, 39, 57, 38, -1, 70, 96, 51, -1, -1, -1]], "target_index": 59, "target_rc": [4, 11], "target_value": 18, "confidence": 0.9329234127258829, "module_label": "M2"}