{"grid": [[-1, -1, -1, -1, -1, 46, 64, 2, -1, 47, 7, 15], [-1, 98, 5, -1, -1, 96, -1, 110, 116, -1, -1, 102], [25, -1, -1, -1, 83, 67, -1, 66, 26, -1, -1, 28], [93, 86, 30, 11, -1, 78, -1, 91, -1, -1, 23, 21], [-1, -1, -1, -1, -1, -1, -1, 33, 73, -1, 44, -1], [-1, -1, 1, 107, 6, 120, 90, -1, 40, -1, 95, -1], [76, 89, 3, -1, -1, -1, -1, -1, -1, 20, 105, -1], [-1, -1, -1, 84, -1, 117, 108, 24, -1, -1, 88, 74], [113, -1, 42, 85, -1, 45, 99, 112, 16, -1, 60, 41], [-1, -1, 14, -1, -1, 109, -1, -1, -1, 35, -1, 29]], "target_index": 4, "target_rc": [0, 4], "target_value": 58, "confidence": 0.8868573003812606, "module_label": "A8"}