{"grid": [[7, -1, 65, -1, -1, -1, 86, 36, -1, 99, 61, 84], [38, -1, -1, -1, -1, -1, 35, 45, -1, -1, -1, -1], [-1, 4, 22, -1, -1, 51, 104, 76, 100, -1, -1, -1], [116, -1, 60, 82, 77, -1, 1, 83, 69, -1, 62, -1], [109, 31, -1, 53, 50, -1, 25, 44, -1, -1, -1, -1], [15, -1, -1, -1, -1, 71, 26, 14, -1, -1, 91, 95], [32, -1, 63, 16, -1, 34, -1, 10, 110, -1, -1, -1], [67, -1, 108, 9, 24, 33, 72, 5, -1, 70, -1, -1], [-1, 81, -1, -1, 115, 23, -1, -1, 89, 75, -1, -1], [-1, 12, 107, -1, -1, 42, 92, -1, -1, 8, -1, -1]], "target_index": 33, "target_rc": [2, 9], "target_value": 80, "confidence": 0.8829838729636205, "module_label": "A5"}