{"grid": [[77, -1, 98, -1, 28, -1, 110, 45, 70, 97, -1, -1], [-1, 21, 86, 30, -1, 12, -1, -1, -1, -1, -1, 16], [10, 81, 116, 78, 49, -1, 27, 26, -1, -1, 71, 102], [-1, -1, -1, -1, -1, 68, 107, -1, -1, -1, -1, 65], [48, 75, 47, -1, 39, -1, -1, -1, -1, 20, -1, -1], [56, -1, -1, -1, -1, -1, 33, 42, 11, -1, 60, -1], [57, 82, -1, 13, 88, -1, -1, -1, -1, 44, 72, 69], [101, 73, 66, 55, 99, -1, -1, 64, -1, -1, 9, 15], [-1, -1, -1, -1, -1, -1, -1, -1, 115, 117, -1, 34], [41, 37, -1, 84, 59, 103, -1, 79, 19, -1, -1, 67]], "target_index": 44, "target_rc": [3, 8], "target_value": 100, "confidence": 0.8203229363100747, "module_label": "M8"}