{"grid": [[39, -1, 12, 108, -1, -1, -1, 15, -1, -1, 81, 89], [-1, -1, 95, 33, -1, 65, -1, 36, -1, -1, -1, 46], [88, -1, -1, -1, 44, 52, 77, 32, 11, 119, 86, 76], [7, 106, 85, -1, 58, -1, 101, 50, 118, 16, 41, 111], [14, 107, 51, -1, -1, 60, -1, 19, 109, 105, -1, 83], [80, -1, -1, -1, -1, -1, -1, -1, -1, -1, -1, -1], [120, 21, -1, -1, 84, 1, -1, -1, -1, -1, -1, 68], [-1, -1, 112, 92, 18, -1, 56, 114, -1, -1, 90, -1], [24, 40, 79, 22, -1, -1, -1, -1, -1, 42, -1, 74], [53, -1, -1, -1, -1, -1, -1, -1, -1, 9, 49, 82]], "target_index": 110, "target_rc": [9, 2], "target_value": 72, "confidence": 0.8528147381763862, "module_label": "A8"}