{"grid": [[-1, -1, 97, -1, -1, -1, -1, -1, 27, 62, 3, -1], [81, -1, 76, -1, -1, -1, 94, -1, 8, -1, -1, -1], [106, 59, -1, 88, 69, -1, 60, 80, -1, -1, -1, -1], [109, 101, -1, 19, -1, 83, 58, -1, 91, 30, -1, -1], [-1, -1, 22, 82, -1, -1, -1, -1, -1, 32, 29, 13], [-1, -1, 57, 46, -1, 93, -1, 44, 21, 54, 25, 23], [-1, 15, 52, 47, 111, -1, -1, 51, -1, -1, -1, -1], [38, 50, -1, -1, 4, 87, -1, 113, 1, 49, -1, 20], [17, -1, -1, 112, 28, 77, 7, 86, -1, -1, -1, -1], [85, 56, 98, -1, -1, 102, 39, -1, 71, 37, -1, -1]], "target_index": 64, "target_rc": [5, 4], "target_value": 89, "confidence": 0.8200195469221251, "module_label": "A8"}