{"grid": [[34, 3, -1, 26, -1, -1, -1, 88, 8, -1, -1, -1], [-1, -1, 25, -1, 82, -1, 39, -1, 92, 60, -1, -1], [-1, -1, -1, -1, -1, 90, 89, -1, 53, 99, 68, -1], [33, 86, -1, -1, 105, -1, 4, -1, 108, 103, -1, 72], [79, -1, -1, -1, 81, -1, 7, -1, -1, 61, -1, 120], [83, 58, 14, -1, -1, 52, 5, -1, 117, -1, 63, 71], [80, 74, 97, -1, 23, 119, -1, 84, 48, 37, 24, -1], [-1, -1, -1, 21, 36, 87, -1, -1, 28, -1, -1, 106], [102, -1, 54, -1, -1, 62, -1, -1, 22, 9, -1, 85], [-1, 29, 75, 77, -1, -1, 40, -1, -1, 113, -1, -1]], "target_index": 6, "target_rc": [0, 6], "target_value": 114, "confidence": 0.9141998744781555, "module_label": "A5"}