{"grid": [[-1, 18, -1, 22, -1, -1, 108, -1, -1, 100, 5, -1], [-1, 107, -1, 102, -1, -1, -1, -1, 101, -1, 6, 57], [66, -1, -1, 69, 15, 81, 99, 109, -1, -1, -1, -1], [-1, -1, 24, 53, 16, -1, -1, -1, 55, -1, -1, 19], [3, 87, 111, -1, -1, 35, 64, -1, -1, -1, -1, -1], [-1, 106, 9, 62, 2, 58, 59, -1, 112, -1, 104, 46], [-1, -1, -1, 98, 12, 94, -1, 44, -1, 56, 39, 103], [-1, -1, 89, -1, -1, 25, -1, -1, 90, 13, -1, -1], [-1, 29, -1, 60, -1, -1, -1, 41, -1, 71, 74, 82], [20, 4, -1, 45, 120, 33, -1, 10, 28, -1, -1, 83]], "target_index": 87, "target_rc": [7, 3], "target_value": 54, "confidence": 0.9466486878669005, "module_label": "A5"}