{"grid": [[-1, -1, -1, 110, -1, 4, -1, 43, -1, -1, 97, -1], [49, -1, -1, -1, -1, -1, 93, 9, 61, 52, 79, -1], [13, -1, -1, -1, -1, 38, 20, 90, 118, -1, 40, 95], [3, 18, 39, -1, 112, 88, 80, -1, -1, 94, 5, -1], [-1, -1, 114, -1, -1, 15, 30, 33, -1, 64, 7, -1], [-1, -1, 2, 111, -1, 73, -1, -1, -1, 68, -1, 83], [-1, 91, 87, -1, -1, 77, -1, 21, 34, -1, 81, 101], [-1, 98, 70, -1, -1, 45, 108, 53, 74, -1, -1, -1], [-1, -1, 72, 32, -1, 8, -1, -1, 119, 65, 57, 69], [-1, -1, -1, -1, -1, -1, -1, 26, 78, 44, 115, -1]], "target_index": 100, "target_rc": [8, 4], "target_value": 12, "confidence": 0.9238187391150101, "module_label": "A8"}