{"grid": [[45, 35, -1, -1, 62, -1, 65, -1, 103, 99, -1, -1], [-1, -1, 63, -1, 12, 76, 17, 19, 58, 57, 1, 25], [-1, 31, 30, -1, -1, 53, -1, 79, -1, -1, -1, -1], [70, 69, -1, -1, -1, -1, -1, 15, 26, 44, -1, -1], [-1, -1, -1, 4, 92, -1, -1, 102, 101, 10, 68, -1], [-1, -1, -1, 72, 60, 115, 90, -1, -1, 119, 105, -1], [-1, 67, 43, 24, -1, 46, 80, -1, 120, 71, -1, 29], [-1, -1, -1, -1, -1, -1, 33, -1, 27, -1, 87, 108], [-1, 82, 66, 41, -1, -1, -1, 6, 18, -1, -1, -1], [86, 83, -1, 59, 81, -1, 40, 11, -1, 85, -1, -1]], "target_index": 34, "target_rc": [2, 10], "target_value": 104, "confidence": 0.9975666854518446, "module_label": "M8"}