{"grid": [[-1, -1, 37, -1, -1, 87, 55, 22, 62, 9, -1, 67], [-1, -1, 91, -1, -1, -1, 24, -1, -1, 36, -1, 97], [-1, -1, 45, 80, -1, -1, 116, -1, -1, 72, 14, -1], [7, -1, -1, -1, -1, 39, 25, 28, 2, -1, 21, 119], [120, 99, 65, 49, -1, 31, -1, 84, -1, 107, 111, -1], [27, -1, -1, 93, 57, 95, 10, -1, 52, 58, -1, -1], [38, -1, -1, -1, -1, -1, 43, -1, -1, -1, -1, -1], [86, -1, 6, -1, -1, 98, -1, -1, -1, 117, 56, -1], [-1, -1, 30, 33, 34, -1, 44, 103, 1, -1, -1, -1], [11, -1, 110, 105, 60, 35, 20, 46, -1, 81, 100, -1]], "target_index": 22, "target_rc": [1, 10], "target_value": 68, "confidence": 0.9826808981002937, "module_label": "A8"}