{"grid": [[82, -1, -1, 9, -1, -1, 78, -1, -1, -1, -1, 88], [-1, -1, -1, 71, -1, 45, 80, 55, 102, 75, -1, 95], [-1, 28, 70, 20, -1, -1, -1, -1, -1, 39, 36, 62], [-1, -1, -1, 69, 35, 76, -1, 113, -1, 92, 27, 103], [-1, -1, 30, 114, 16, -1, 4, 2, 31, -1, -1, -1], [66, 43, 33, -1, -1, -1, -1, 38, 7, 29, -1, 12], [5, -1, -1, -1, 96, -1, -1, -1, 77, -1, -1, -1], [51, 116, -1, 8, 73, -1, -1, 91, -1, 47, -1, -1], [-1, 119, 19, 79, 40, -1, -1, 104, 101, 60, 25, 50], [61, 68, 52, -1, -1, -1, 81, -1, -1, -1, 118, -1]], "target_index": 78, "target_rc": [6, 6], "target_value": 49, "confidence": 0.8892688371785571, "module_label": "M2"}