{"grid": [[-1, -1, -1, -1, 12, 99, -1, -1, -1, -1, -1, -1], [-1, 80, 94, 86, -1, 50, 93, -1, 92, 42, 37, 108], [-1, 75, 21, 43, -1, -1, 58, 84, -1, 26, 115, 78], [95, -1, 28, 56, 45, -1, 17, -1, 49, 76, 14, 98], [36, -1, -1, -1, 72, -1, -1, -1, 19, 15, -1, -1], [-1, -1, -1, -1, 69, 40, -1, -1, -1, -1, 119, 112], [-1, -1, -1, -1, 66, -1, -1, -1, -1, 11, 104, 118], [-1, -1, -1, -1, -1, -1, -1, 25, 41, 20, 89, -1], [101, 31, 9, -1, 105, 48, 102, -1, -1, 54, -1, 109], [-1, 5, 34, -1, -1, 116, 100, 18, 62, 107, 4, -1]], "target_index": 111, "target_rc": [9, 3], "target_value": 6, "confidence": 0.8510302296626084, "module_label": "A5"}