{"grid": [[43, -1, -1, -1, -1, -1, -1, 53, 22, 24, -1, -1], [12, -1, 93, -1, -1, -1, 63, -1, 88, -1, -1, 80], [-1, -1, 100, -1, 107, -1, 41, -1, -1, -1, 38, -1], [90, 45, 103, 75, -1, -1, -1, 10, 96, -1, -1, 78], [114, 47, 86, -1, -1, -1, -1, 51, -1, -1, 97, 70], [52, 9, -1, 79, 73, -1, -1, 20, -1, -1, 67, 25], [-1, -1, 61, 32, 31, 30, 1, 35, 64, -1, 56, -1], [-1, -1, 19, 72, 98, -1, -1, 87, -1, -1, 16, -1], [106, -1, 55, 26, 117, 74, -1, 69, 118, -1, -1, 37], [3, 50, -1, -1, -1, 6, -1, 48, 27, -1, -1, 104]], "target_index": 97, "target_rc": [8, 1], "target_value": 33, "confidence": 0.9025959775702944, "module_label": "M8"}