{"grid": [[57, 56, -1, -1, 104, -1, -1, 48, -1, 35, -1, -1], [23, 112, -1, -1, -1, -1, 54, -1, -1, 69, 71, -1], [111, -1, -1, 75, -1, -1, -1, -1, 100, -1, -1, 83], [-1, 74, -1, 46, 120, -1, -1, -1, 113, 115, 59, -1], [72, 77, -1, -1, 31, 64, -1, 52, 8, -1, 105, 11], [-1, -1, 101, -1, -1, -1, -1, 44, 116, 70, 78, 98], [-1, 118, -1, -1, -1, 38, 108, -1, 93, -1, -1, 53], [73, -1, 60, 94, -1, 19, 37, 22, -1, 25, -1, 45], [-1, 63, 29, -1, 68, 81, -1, -1, -1, 28, 7, -1], [-1, 27, 17, 79, 36, -1, -1, 76, -1, 15, -1, 99]], "target_index": 41, "target_rc": [3, 5], "target_value": 89, "confidence": 0.8526168846665739, "module_label": "A8"}