{"grid": [[117, 64, 75, -1, -1, 97, -1, -1, 39, -1, 65, 50], [17, 23, 45, -1, 36, -1, 30, -1, 27, -1, 44, -1], [118, 13, -1, 101, 56, 9, -1, -1, 18, -1, 34, -1], [2, -1, 38, -1, -1, -1, -1, 59, -1, -1, -1, -1], [-1, -1, 48, 29, -1, -1, 79, 71, 80, 120, 19, 104], [-1, 88, 94, 11, 42, 109, -1, -1, 78, -1, -1, -1], [51, -1, 20, 113, -1, -1, 21, 5, -1, 52, 98, -1], [82, -1, -1, 114, -1, 90, -1, -1, -1, 63, 115, 10], [-1, -1, -1, -1, -1, -1, -1, -1, -1, -1, -1, 32], [24, 35, -1, 68, 86, 84, -1, 66, -1, 95, -1, 58]], "target_index": 48, "target_rc": [4, 0], "target_value": 61, "confidence": 0.961957612276007, "module_label": "M8"}