{"grid": [[14, -1, 18, -1, 2, -1, -1, -1, 11, 55, 108, 57], [-1, 71, -1, -1, -1, -1, -1, -1, 80, -1, 47, -1], [8, -1, 115, 81, -1, 58, -1, 100, 34, 30, 79, -1], [68, 5, -1, 66, 97, -1, 4, 61, -1, -1, -1, -1], [48, 83, -1, 35, -1, 114, 26, 22, 63, -1, -1, 36], [-1, -1, -1, -1, 32, -1, -1, -1, 69, 98, -1, 92], [102, -1, 6, 111, -1, -1, -1, 112, -1, 77, 13, 9], [17, 110, 65, 23, 33, -1, 59, 19, -1, -1, 107, -1], [-1, 99, 7, -1, -1, -1, 90, -1, 51, 25, -1, -1], [94, -1, -1, -1, 38, 84, -1, -1, -1, 29, -1, -1]], "target_index": 73, "target_rc": [6, 1], "target_value": 75, "confidence": 0.8220670700903988, "module_label": "A8"}