{"grid": [[-1, -1, -1, 8, -1, -1, -1, 88, 35, 42, 68, 118], [47, 111, -1, -1, -1, -1, 89, -1, -1, 100, -1, 9], [-1, 10, 14, 48, 28, -1, -1, 30, -1, -1, -1, 29], [-1, -1, 87, 31, 2, -1, -1, -1, -1, -1, -1, -1], [-1, 73, -1, 4, 45, 83, -1, -1, 49, -1, -1, -1], [19, 93, 108, 112, 84, 98, 39, 76, 56, 81, -1, -1], [-1, 65, -1, 86, 22, -1, 63, 51, -1, 91, 34, 17], [18, 74, -1, -1, -1, 59, -1, 3, -1, 44, -1, -1], [116, -1, -1, 1, 41, -1, 37, 27, -1, 15, -1, -1], [-1, 55, -1, 71, 103, 38, -1, 7, -1, -1, 69, -1]], "target_index": 4, "target_rc": [0, 4], "target_value": 62, "confidence": 0.8931836702304582, "module_label": "M2"}