{"grid": [[80, 77, -1, 94, 15, -1, 71, -1, 55, 45, 116, -1], [78, -1, -1, -1, -1, 50, -1, 49, -1, -1, 89, -1], [-1, 69, -1, 16, -1, -1, 110, -1, -1, 47, -1, -1], [12, -1, -1, -1, 24, -1, 97, 96, -1, 38, -1, -1], [51, 44, 4, -1, 7, -1, 25, 98, -1, -1, 19, 62], [103, -1, -1, -1, -1, 81, 43, -1, 5, -1, -1, 58], [-1, 65, 83, -1, 90, 118, 42, 3, -1, -1, -1, 115], [-1, 92, 6, 106, 29, -1, -1, 11, -1, -1, 17, 108], [13, 84, -1, -1, -1, 117, 40, 23, -1, 105, 56, -1], [107, -1, -1, -1, -1, -1, -1, -1, 104, 72, 93, 9]], "target_index": 81, "target_rc": [6, 9], "target_value": 54, "confidence": 0.9527596549869273, "module_label": "A8"}