{"grid": [[34, -1, -1, 54, 14, -1, -1, -1, -1, -1, 6, 63], [94, -1, 16, 89, -1, -1, -1, -1, 107, 8, 20, 33], [4, -1, 41, -1, -1, 45, -1, -1, -1, -1, 76, 2], [98, -1, 22, 111, 50, -1, -1, -1, 28, 91, -1, 110], [-1, -1, -1, -1, 85, 90, -1, 73, -1, 79, 114, 32], [82, -1, 115, -1, 119, -1, 104, -1, 1, 13, -1, -1], [-1, -1, -1, 43, -1, -1, 109, 86, -1, 71, 62, -1], [-1, 66, -1, -1, 21, -1, -1, 108, 93, -1, -1, 37], [-1, 44, 88, 52, 118, -1, -1, 106, -1, -1, -1, -1], [-1, 40, -1, -1, 67, 36, 42, 116, 60, 117, 38, 25]], "target_index": 74, "target_rc": [6, 2], "target_value": 11, "confidence": 0.9145305187408965, "module_label": "A5"}