{"grid": [[47, -1, -1, 87, -1, -1, 96, 24, -1, -1, 13, -1], [-1, -1, -1, -1, -1, -1, -1, 102, 30, -1, 12, 59], [29, 66, 69, 60, -1, -1, 16, -1, -1, -1, -1, -1], [3, -1, 43, -1, -1, 35, 101, -1, -1, 120, -1, -1], [-1, -1, -1, 1, -1, 100, 95, 25, 106, 26, 91, -1], [-1, 61, -1, 40, -1, 103, 45, -1, 51, 80, 37, -1], [-1, 2, -1, 104, -1, 4, 57, -1, -1, 6, 84, -1], [46, 68, 117, -1, -1, 77, -1, 41, -1, 92, 48, -1], [-1, 63, 32, 83, 28, -1, -1, -1, 109, -1, 118, 113], [-1, -1, 17, -1, 20, 89, 107, -1, -1, 52, 14, 78]], "target_index": 28, "target_rc": [2, 4], "target_value": 94, "confidence": 0.8567782923356896, "module_label": "M2"}