{"grid": [[55, -1, 58, -1, 113, -1, -1, 46, 43, 61, -1, -1], [-1, 32, -1, -1, -1, 111, -1, -1, 90, 66, 33, -1], [11, 105, -1, -1, -1, 81, -1, 8, -1, -1, 80, 2], [83, -1, -1, 48, -1, -1, 41, 99, 45, 118, 28, 52], [110, -1, 37, 42, -1, 53, 96, 73, 27, -1, 1, 57], [-1, -1, -1, 76, -1, 36, -1, 25, -1, -1, -1, -1], [-1, -1, -1, -1, -1, -1, 63, 9, 44, 21, 14, -1], [-1, -1, -1, -1, -1, 100, 3, 88, -1, 34, 12, -1], [30, 98, -1, 15, 39, -1, 101, -1, 16, -1, 116, 106], [86, -1, -1, 91, 92, -1, -1, 56, -1, -1, 72, -1]], "target_index": 14, "target_rc": [1, 2], "target_value": 64, "confidence": 0.9922876344232138, "module_label": "M8"}