{"grid": [[-1, 101, 46, -1, 109, 100, -1, -1, 49, -1, 85, -1], [29, 14, 91, 42, 88, 83, 115, 18, 99, -1, 26, -1], [63, -1, 50, -1, 47, -1, -1, -1, 56, -1, 44, -1], [-1, -1, -1, -1, -1, 119, -1, 86, 84, -1, -1, 79], [-1, 92, 90, 41, 6, 120, 45, 11, -1, -1, 72, -1], [15, -1, 62, 32, 36, 93, -1, 76, 48, 53, 66, 12], [-1, 117, 97, 80, -1, 81, 24, 104, 23, -1, 112, -1], [-1, 4, -1, -1, -1, -1, -1, -1, 74, -1, -1, 65], [89, -1, -1, -1, -1, -1, 105, 17, -1, -1, 30, -1], [-1, -1, 5, -1, 21, -1, -1, -1, -1, -1, -1, -1]], "target_index": 72, "target_rc": [6, 0], "target_value": 58, "confidence": 0.947814706877671, "module_label": "M8"}