{"grid": [[113, -1, -1, 67, 81, -1, 53, -1, -1, 32, -1, 69], [16, 58, 116, 118, -1, -1, -1, -1, 75, -1, -1, -1], [114, -1, 22, 63, 42, 14, -1, 47, 5, -1, 50, 6], [-1, 88, -1, -1, -1, 110, 64, -1, -1, 36, -1, -1], [-1, 104, 61, 86, -1, 51, 40, 25, -1, -1, -1, -1], [71, 17, 11, 54, -1, -1, 9, -1, 68, -1, -1, -1], [-1, -1, -1, 46, -1, 39, -1, 31, 48, 35, -1, 28], [-1, 37, 38, 41, 52, -1, -1, 74, -1, -1, 117, 65], [62, -1, -1, 24, -1, -1, 29, 12, -1, 99, -1, 108], [7, -1, -1, 105, -1, 73, 111, -1, -1, 109, -1, -1]], "target_index": 74, "target_rc": [6, 2], "target_value": 26, "confidence": 0.8908687841177007, "module_label": "M8"}