{"grid": [[-1, -1, -1, 73, 120, 101, 57, -1, -1, 118, -1, -1], [-1, -1, 32, -1, -1, -1, 21, 115, -1, -1, -1, -1], [-1, -1, 83, -1, 89, -1, -1, -1, -1, -1, 109, -1], [-1, 44, -1, -1, 27, -1, 6, 48, -1, 103, 97, -1], [94, 53, -1, -1, -1, -1, -1, 46, 29, 107, -1, 35], [-1, 81, -1, 41, -1, -1, -1, 69, 113, 100, 65, 90], [24, 28, -1, -1, -1, 98, 85, 80, 20, 38, -1, -1], [63, 84, 64, 108, 52, -1, 55, -1, 4, -1, -1, 7], [-1, 76, 36, -1, -1, 37, -1, -1, -1, 102, 30, -1], [9, 23, 62, 116, -1, 34, 95, 99, 25, 58, -1, 96]], "target_index": 23, "target_rc": [1, 11], "target_value": 86, "confidence": 0.855203082723118, "module_label": "M2"}