{"grid": [[-1, -1, 118, 7, 82, -1, 27, -1, 106, -1, 46, -1], [-1, -1, 110, -1, -1, 41, 12, -1, 64, 19, -1, 75], [16, -1, 87, -1, 73, 26, 62, 6, 94, 47, -1, 96], [9, -1, -1, 112, -1, 36, 102, 109, 38, -1, -1, 80], [-1, -1, -1, 101, 117, 95, 13, 4, -1, -1, 97, -1], [37, -1, -1, 83, -1, 60, -1, 59, 76, -1, 29, 2], [68, -1, -1, 32, -1, -1, -1, 119, 84, -1, 72, -1], [-1, 1, -1, -1, -1, -1, -1, 58, -1, -1, -1, 100], [-1, 61, 120, -1, 98, 89, -1, -1, 3, -1, -1, 104], [33, 115, -1, -1, 34, 116, -1, -1, -1, -1, 42, -1]], "target_index": 56, "target_rc": [4, 8], "target_value": 40, "confidence": 0.8218374465767849, "module_label": "A5"}