{"grid": [[-1, -1, -1, 90, -1, 54, 65, -1, -1, 12, -1, 14], [103, -1, -1, -1, 97, -1, -1, -1, -1, -1, 46, -1], [117, -1, 52, 81, 59, -1, -1, -1, 89, 66, -1, -1], [101, 60, -1, -1, -1, 44, -1, 36, 111, 29, -1, 112], [62, 28, 17, -1, -1, 85, 26, -1, 98, 108, 9, 27], [-1, -1, -1, 13, -1, 84, 105, -1, -1, 18, 69, -1], [86, 37, -1, 102, -1, 58, -1, -1, -1, -1, 43, 22], [25, -1, 68, 88, 57, 16, -1, -1, -1, 56, 83, 51], [-1, -1, -1, 47, 91, -1, 64, -1, -1, -1, -1, -1], [-1, -1, 20, 119, 21, -1, 30, 92, 61, -1, 76, 114]], "target_index": 106, "target_rc": [8, 10], "target_value": 32, "confidence": 0.89063298906744, "module_label": "M8"}