{"grid": [[67, -1, -1, 81, 107, 59, 65, 76, -1, -1, 41, 30], [-1, 106, -1, 20, -1, -1, 47, 23, -1, 25, 21, -1], [116, -1, -1, -1, -1, -1, -1, -1, 7, 50, -1, -1], [89, -1, -1, 42, 27, -1, 114, 58, -1, 34, 10, 51], [-1, 35, -1, -1, 68, 33, 5, -1, -1, -1, 94, 3], [86, 80, -1, 110, 1, -1, -1, -1, -1, 77, -1, 101], [8, -1, -1, -1, -1, -1, -1, 40, -1, 73, 113, 22], [-1, -1, 70, -1, -1, -1, 82, 60, 96, -1, 39, 48], [62, 44, -1, -1, 4, -1, -1, -1, 52, 49, 95, 37], [36, 66, -1, -1, -1, -1, 105, 69, -1, 83, -1, -1]], "target_index": 50, "target_rc": [4, 2], "target_value": 31, "confidence": 0.8844035515251412, "module_label": "A5"}