{"grid": [[115, 66, 30, 38, -1, -1, -1, -1, -1, -1, 40, -1], [109, -1, 81, -1, -1, -1, 74, 45, -1, -1, 120, 39], [72, -1, -1, -1, 42, -1, -1, 8, -1, -1, 104, -1], [-1, -1, -1, 86, -1, 31, 15, -1, -1, 11, 93, 105], [-1, 51, -1, 82, -1, 3, 119, -1, 65, -1, 75, 113], [-1, -1, -1, 13, 117, 73, -1, 89, -1, 27, -1, 16], [77, 2, 88, 84, 79, -1, 17, -1, 7, -1, 90, 28], [-1, -1, -1, -1, -1, -1, 5, 76, 108, 12, 54, -1], [-1, 68, 32, -1, 91, 50, 18, -1, 47, 53, 85, 87], [19, -1, -1, -1, 56, -1, 1, -1, -1, -1, -1, -1]], "target_index": 13, "target_rc": [1, 1], "target_value": 61, "confidence": 0.8953137343940112, "module_label": "M8"}