{"grid": [[85, -1, 82, -1, 63, -1, 9, -1, 25, -1, -1, 90], [-1, -1, -1, 105, -1, -1, 8, 58, -1, -1, -1, 120], [119, 68, -1, -1, -1, 77, 37, 74, 20, 64, 14, 15], [33, 45, -1, 27, -1, 52, 59, -1, -1, 36, -1, -1], [23, -1, -1, 114, -1, -1, 116, -1, 39, -1, -1, 28], [101, -1, 48, 47, -1, 26, -1, 86, 53, 60, 113, -1], [-1, 115, -1, -1, -1, -1, -1, 79, -1, -1, -1, -1], [-1, 34, 3, 89, 35, -1, -1, 56, 2, -1, 57, -1], [38, -1, 92, -1, 42, -1, -1, 17, -1, 41, 54, -1], [109, 110, 100, 10, 61, 96, -1, -1, -1, -1, -1, 4]], "target_index": 55, "target_rc": [4, 7], "target_value": 21, "confidence": 0.9267296432400018, "module_label": "M2"}