{"grid": [[109, 101, -1, -1, 16, 23, 27, -1, 4, -1, 65, -1], [-1, 22, 96, 98, 88, 81, -1, -1, -1, -1, 3, -1], [57, 90, 24, -1, -1, -1, -1, -1, 46, 49, 30, -1], [-1, -1, -1, -1, -1, -1, 14, -1, -1, 77, 89, -1], [-1, 94, -1, 26, -1, 103, -1, -1, 53, 67, 31, 29], [-1, -1, -1, -1, -1, 66, -1, -1, 84, 108, 82, 91], [-1, 78, 114, -1, 102, -1, -1, 17, 64, -1, 45, -1], [-1, 43, 112, 72, -1, -1, -1, 87, 50, -1, 120, 110], [-1, 75, 71, 74, 105, 83, 117, -1, -1, -1, 116, 61], [-1, -1, -1, -1, 13, -1, 54, 63, 44, -1, 85, -1]], "target_index": 43, "target_rc": [3, 7], "target_value": 97, "confidence": 0.9091168841080031, "module_label": "M2"}