{"grid": [[-1, -1, -1, 32, -1, -1, -1, -1, 59, 53, -1, 47], [-1, -1, 110, 60, -1, -1, 74, 58, 102, 66, -1, -1], [-1, -1, -1, 40, -1, 80, 73, -1, 106, -1, -1, 37], [-1, 18, 9, -1, -1, 19, 94, -1, 13, -1, 28, -1], [64, 71, 56, 21, 70, -1, -1, -1, 30, 82, 104, -1], [67, 116, 48, -1, 4, -1, 23, 34, 35, -1, 85, -1], [57, -1, -1, -1, 49, -1, -1, 107, -1, 75, 54, 29], [68, -1, -1, 99, -1, -1, 5, -1, 72, 25, -1, -1], [-1, -1, -1, 118, -1, -1, 108, -1, -1, -1, 113, 120], [84, 112, 44, -1, -1, 3, 14, -1, 52, 89, -1, 78]], "target_index": 47, "target_rc": [3, 11], "target_value": 90, "confidence": 0.8405719292195025, "module_label": "A8"}