{"grid": [[-1, -1, -1, 99, 47, -1, 91, -1, 18, 113, -1, 58], [-1, 4, 114, 50, 72, 81, 109, -1, 7, 35, 110, -1], [-1, -1, -1, -1, 37, 67, -1, -1, 101, 80, 75, -1], [-1, -1, -1, 14, -1, -1, -1, 64, -1, 57, -1, -1], [32, 11, -1, -1, 87, 70, -1, -1, 100, -1, 54, -1], [-1, 95, 48, 94, 115, -1, -1, 66, -1, -1, 60, -1], [-1, -1, 2, 41, 24, 61, 116, 34, 26, 6, 40, 5], [45, -1, 20, -1, 106, -1, -1, -1, -1, 119, -1, 49], [-1, 27, 98, -1, -1, -1, 73, -1, -1, 44, -1, 120], [112, -1, -1, 103, -1, -1, 69, -1, -1, -1, 21, 15]], "target_index": 72, "target_rc": [6, 0], "target_value": 63, "confidence": 0.9055793528170384, "module_label": "M8"}