{"grid": [[-1, -1, 1, 57, -1, -1, -1, -1, 90, 67, 83, 6], [12, 21, 17, -1, 7, -1, -1, -1, 76, -1, -1, -1], [24, -1, -1, -1, -1, -1, -1, -1, 50, -1, -1, -1], [-1, 72, 74, 84, 15, -1, 35, -1, 16, 10, 82, 107], [-1, 62, -1, 77, -1, 99, -1, 36, -1, 103, -1, -1], [-1, 65, 73, 97, 96, -1, 31, 79, -1, 29, 49, -1], [61, -1, 94, 59, -1, 48, 19, -1, -1, -1, -1, 28], [81, -1, -1, 38, -1, 9, -1, -1, 52, -1, -1, 78], [41, -1, 13, 88, 4, -1, -1, -1, 37, -1, 27, 51], [101, -1, -1, 91, 22, -1, -1, 89, 120, 47, -1, 32]], "target_index": 97, "target_rc": [8, 1], "target_value": 71, "confidence": 0.9310049775884933, "module_label": "A5"}