{"grid": [[22, -1, -1, -1, -1, -1, 90, 11, 52, 111, -1, 82], [-1, -1, 9, 76, 91, 39, 37, -1, 71, -1, 79, -1], [-1, -1, 54, 43, 63, -1, 98, 69, -1, 53, -1, -1], [7, -1, 72, 95, -1, -1, -1, 20, -1, -1, 14, -1], [-1, 110, 68, -1, 46, -1, -1, -1, -1, -1, 104, -1], [78, 57, -1, -1, -1, 73, 105, 118, 120, 87, 66, 75], [-1, 19, 42, 30, 8, -1, -1, 18, -1, -1, -1, 24], [-1, -1, 112, 1, 114, -1, 93, 97, -1, 86, -1, 5], [-1, 100, 81, 40, -1, 119, -1, -1, -1, -1, 65, -1], [-1, -1, -1, 59, -1, -1, 34, 101, -1, 51, 21, -1]], "target_index": 54, "target_rc": [4, 6], "target_value": 85, "confidence": 0.9138543824042753, "module_label": "M2"}