{"grid": [[-1, -1, -1, 58, 33, -1, 96, -1, 111, -1, 69, -1], [-1, -1, 1, -1, -1, 59, 60, 108, 56, -1, -1, -1], [-1, -1, -1, 62, 99, 51, 14, 6, 32, 106, -1, 19], [88, 31, 64, 92, 77, -1, 27, -1, 101, 97, 93, -1], [-1, -1, -1, -1, -1, -1, -1, -1, -1, -1, -1, -1], [-1, -1, -1, -1, -1, -1, 12, -1, 57, 68, -1, -1], [46, -1, -1, 50, 116, -1, -1, 49, 30, 76, -1, 5], [-1, 17, -1, -1, -1, 89, 94, 100, 11, -1, 42, 45], [71, 36, -1, -1, 91, 63, -1, 52, 95, 35, 48, -1], [-1, 104, -1, 78, 47, -1, 24, -1, 16, 7, 84, 61]], "target_index": 34, "target_rc": [2, 10], "target_value": 70, "confidence": 0.8264778243916377, "module_label": "M8"}