{"grid": [[-1, -1, 10, 18, -1, -1, 30, -1, 34, 44, -1, 45], [100, 110, -1, 73, 21, 5, 108, 64, -1, 86, 29, -1], [79, 49, 89, -1, -1, 74, -1, -1, -1, -1, 4, 120], [118, -1, -1, 68, 96, -1, -1, -1, 36, -1, 116, 19], [-1, -1, 8, 82, 43, -1, -1, 57, 6, 31, -1, -1], [-1, 78, 51, 1, 25, -1, -1, -1, -1, 97, -1, -1], [-1, 70, 61, -1, -1, 114, 71, 91, -1, 13, -1, -1], [-1, 103, 12, 69, 11, -1, -1, -1, -1, 16, -1, 9], [90, -1, 101, 104, -1, -1, -1, 113, 50, 40, -1, -1], [-1, 83, 2, -1, 106, -1, -1, -1, -1, -1, 94, -1]], "target_index": 89, "target_rc": [7, 5], "target_value": 41, "confidence": 0.8544211210436211, "module_label": "A5"}