{"grid": [[79, 108, 114, -1, -1, 1, -1, 70, 92, -1, -1, -1], [-1, 86, -1, 106, -1, 50, -1, 31, 110, 74, -1, -1], [-1, 91, -1, 3, -1, -1, -1, -1, 109, -1, -1, -1], [8, 81, -1, -1, 88, 33, -1, 61, 25, 15, 84, 9], [99, 39, 10, -1, 80, -1, 11, 20, 53, 36, 45, -1], [-1, -1, 75, -1, 77, -1, -1, 28, -1, -1, 40, -1], [117, -1, -1, -1, -1, 37, 94, -1, 17, 49, 29, -1], [97, 46, -1, -1, 24, -1, -1, 72, -1, -1, 113, -1], [-1, 51, -1, 59, 55, -1, 103, -1, 78, 105, 54, 58], [71, 4, -1, -1, 27, -1, -1, -1, 65, -1, -1, -1]], "target_index": 3, "target_rc": [0, 3], "target_value": 30, "confidence": 0.9530114337586504, "module_label": "A5"}