{"grid": [[-1, 28, -1, 36, -1, 77, 104, -1, -1, 13, -1, 111], [25, -1, -1, 53, -1, -1, 119, 112, -1, -1, -1, 110], [-1, 17, -1, -1, 108, 92, 88, 1, -1, -1, 21, 105], [-1, -1, -1, -1, 94, -1, -1, -1, 26, 51, -1, -1], [100, 96, 114, -1, 95, 46, -1, -1, 73, 16, -1, -1], [2, -1, -1, 32, -1, 5, -1, -1, 84, -1, -1, 11], [-1, 71, 83, 60, 99, -1, 63, -1, -1, 37, -1, -1], [93, 35, 91, -1, 39, 38, 109, 27, -1, 61, -1, -1], [79, 64, 29, 55, -1, -1, 116, -1, 58, -1, 80, -1], [-1, 81, -1, 15, -1, 42, 30, -1, -1, 70, -1, 43]], "target_index": 69, "target_rc": [5, 9], "target_value": 69, "confidence": 0.9095519249197938, "module_label": "A5"}