{"grid": [[-1, -1, -1, -1, -1, 111, -1, -1, 34, -1, 16, -1], [-1, 52, -1, 68, 117, 119, -1, -1, 110, 18, -1, 11], [-1, 90, -1, 120, -1, -1, -1, -1, 46, 51, -1, -1], [6, 116, -1, 82, -1, 113, 81, -1, 103, 61, 96, -1], [43, -1, 29, -1, -1, -1, 104, -1, -1, 7, 105, 92], [100, -1, -1, 101, 42, -1, -1, -1, -1, 31, 48, -1], [1, 22, 33, 10, 2, -1, -1, 86, -1, -1, 70, -1], [-1, -1, 39, 56, -1, -1, 14, 118, -1, -1, -1, 91], [-1, -1, 78, -1, 53, 106, 49, -1, 38, 3, 58, 50], [-1, 32, 88, 66, -1, 21, -1, -1, 65, -1, 89, 62]], "target_index": 3, "target_rc": [0, 3], "target_value": 12, "confidence": 0.8246158606814115, "module_label": "A8"}