{"grid": [[-1, -1, 43, 6, -1, 100, -1, 11, 72, 86, -1, 80], [-1, -1, 45, -1, 46, -1, -1, 19, -1, -1, -1, -1], [10, -1, 79, 115, -1, 81, -1, 118, 12, 54, 47, -1], [-1, 20, -1, 28, 89, 35, -1, 112, -1, 93, 50, 59], [-1, 91, -1, 48, 21, -1, 44, -1, 75, -1, -1, -1], [51, -1, -1, -1, 101, 34, -1, 66, -1, 96, 3, -1], [-1, 90, -1, -1, 71, 120, -1, 55, -1, 103, -1, 113], [-1, 36, 94, 2, 17, -1, 110, -1, -1, -1, -1, -1], [73, 57, 32, -1, 42, -1, -1, -1, -1, 27, 38, -1], [-1, 24, 85, -1, -1, -1, -1, -1, 14, 31, 74, 78]], "target_index": 71, "target_rc": [5, 11], "target_value": 87, "confidence": 0.9315517128604671, "module_label": "A8"}