{"grid": [[31, -1, 29, 97, 22, 55, 110, 57, -1, -1, 51, 106], [-1, -1, 30, -1, 6, 62, 120, -1, 3, 47, -1, -1], [-1, 93, -1, 46, -1, 74, 27, -1, -1, -1, -1, 64], [-1, -1, -1, -1, -1, 70, -1, 32, -1, 104, -1, -1], [99, -1, 61, -1, 1, 80, -1, -1, -1, 112, -1, -1], [-1, -1, 42, 45, 35, 102, 2, -1, -1, 26, 85, -1], [-1, 94, -1, -1, 77, 72, 59, 96, 4, -1, 84, -1], [105, -1, 69, -1, 15, 19, 18, -1, -1, 108, 53, -1], [-1, -1, 66, 28, -1, -1, -1, 37, 60, 14, 119, -1], [-1, 71, -1, -1, -1, -1, 79, 39, 109, -1, 34, -1]], "target_index": 44, "target_rc": [3, 8], "target_value": 90, "confidence": 0.8913401671382603, "module_label": "M2"}