{"grid": [[-1, 55, 13, 110, 73, 50, -1, -1, -1, 65, -1, 109], [-1, 17, 6, 79, -1, 22, 104, -1, -1, 82, 92, -1], [81, -1, 46, 90, -1, 9, -1, -1, 19, -1, 75, 83], [-1, 80, 30, 23, 99, -1, -1, 120, 98, -1, -1, -1], [44, -1, -1, -1, 58, -1, -1, -1, -1, 29, 47, 69], [-1, -1, 117, -1, 93, -1, -1, 31, -1, -1, 5, 40], [64, -1, -1, -1, -1, -1, 118, -1, -1, 26, -1, 41], [-1, -1, -1, 112, 103, -1, 76, 15, 12, -1, -1, 7], [-1, 59, 70, -1, -1, 111, 2, 34, 45, -1, 11, 63], [57, -1, -1, -1, 86, -1, -1, -1, -1, 71, 89, 52]], "target_index": 110, "target_rc": [9, 2], "target_value": 8, "confidence": 0.9572297778097071, "module_label": "M2"}