{"grid": [[-1, -1, 11, 15, -1, -1, -1, 16, 41, 63, 66, 53], [-1, -1, 36, 58, 17, 101, -1, 107, -1, 119, -1, 87], [72, -1, 67, 71, 64, 28, 98, 9, 21, 26, -1, -1], [34, -1, 33, 54, -1, -1, -1, 37, -1, 86, -1, -1], [19, 25, 89, 31, 109, -1, -1, 100, -1, -1, 115, -1], [-1, -1, 52, -1, -1, -1, -1, 76, -1, -1, -1, -1], [65, -1, 77, 61, -1, 22, -1, -1, -1, -1, 1, 106], [84, -1, -1, -1, 44, 8, 83, -1, -1, 73, -1, -1], [-1, 50, 79, 104, -1, 23, 39, -1, 102, 120, -1, 62], [-1, -1, 69, -1, -1, 45, -1, -1, -1, 60, 57, -1]], "target_index": 0, "target_rc": [0, 0], "target_value": 59, "confidence": 0.9901771789747339, "module_label": "A5"}