{"grid": [[-1, 37, -1, -1, 72, 6, 68, -1, -1, -1, 108, -1], [21, 70, 109, -1, -1, 8, 7, 49, -1, -1, 23, 20], [-1, -1, 13, -1, -1, -1, -1, -1, -1, 52, -1, 15], [-1, -1, 9, 83, 38, -1, 81, -1, -1, 100, -1, 28], [53, -1, -1, -1, -1, 22, 26, -1, -1, -1, -1, -1], [-1, 112, 111, 17, -1, 51, 66, 91, -1, 82, 12, 43], [-1, 98, 71, -1, 95, 94, 1, -1, -1, -1, -1, 48], [30, -1, 117, 64, 44, -1, 31, -1, 35, 104, 67, -1], [-1, 118, -1, 80, 93, 55, -1, 46, 79, 115, 39, -1], [103, -1, 110, -1, -1, 97, -1, 59, -1, -1, -1, -1]], "target_index": 68, "target_rc": [5, 8], "target_value": 42, "confidence": 0.9738741561177132, "module_label": "A8"}