{"grid": [[-1, -1, 72, -1, 59, -1, 32, 85, -1, -1, -1, 67], [52, 41, -1, -1, -1, 13, -1, 4, -1, 7, 50, 27], [89, -1, 74, 77, 2, -1, -1, 94, -1, 76, -1, 104], [-1, -1, 69, -1, 43, 113, 60, 80, -1, -1, 16, 56], [-1, -1, -1, -1, 86, -1, -1, -1, -1, -1, -1, -1], [-1, -1, -1, -1, -1, 31, 26, -1, -1, 100, -1, 63], [57, 109, -1, -1, 11, -1, 92, -1, 36, -1, 101, 88], [12, 97, -1, 84, -1, -1, 102, 35, 68, 55, 24, -1], [42, 51, -1, 10, 30, 62, 83, 73, 19, -1, 28, -1], [-1, -1, 9, 75, -1, -1, -1, 96, -1, -1, 79, 21]], "target_index": 37, "target_rc": [3, 1], "target_value": 118, "confidence": 0.9032751106048562, "module_label": "A8"}