{"grid": [[-1, -1, 114, 111, -1, -1, 52, -1, -1, 64, 93, -1], [-1, -1, -1, -1, -1, 81, -1, 99, 30, 67, -1, -1], [-1, 58, 33, -1, -1, 43, 16, -1, -1, -1, 21, 20], [48, -1, 14, -1, -1, 44, -1, 39, 40, 53, -1, 89], [82, -1, -1, 74, 109, -1, 75, -1, 29, -1, 104, -1], [-1, -1, 105, -1, -1, 4, -1, 98, -1, -1, -1, -1], [70, 32, 72, 7, 47, -1, 9, 54, -1, -1, 34, 23], [-1, 102, 12, -1, -1, -1, -1, -1, 51, 25, 118, 100], [-1, 107, -1, -1, 92, -1, 76, 91, -1, -1, -1, 103], [119, 96, 28, 63, 108, 95, 83, -1, -1, 56, 31, -1]], "target_index": 81, "target_rc": [6, 9], "target_value": 41, "confidence": 0.9951694474203465, "module_label": "A8"}