{"grid": [[83, -1, -1, -1, -1, -1, 76, 31, 85, 107, 45, 106], [-1, 18, -1, 92, 19, 118, -1, -1, -1, 87, 86, 105], [28, -1, -1, -1, -1, -1, -1, -1, -1, 36, -1, -1], [-1, -1, -1, 98, 46, 29, 82, 114, 71, 91, 112, 104], [-1, -1, -1, 77, 53, 94, -1, -1, -1, -1, 3, -1], [12, -1, -1, 47, 7, 89, -1, 66, 39, -1, -1, 78], [64, -1, -1, -1, 65, 109, 10, -1, 115, 44, 38, -1], [-1, 120, -1, -1, 103, -1, 63, 58, -1, -1, 14, 90], [-1, -1, 41, -1, 54, 100, -1, -1, -1, 1, -1, 48], [102, 25, -1, 74, 56, -1, -1, 23, -1, -1, -1, 108]], "target_index": 48, "target_rc": [4, 0], "target_value": 57, "confidence": 0.9542250685424939, "module_label": "M2"}