{"grid": [[-1, 10, -1, 76, -1, -1, 78, 83, 101, -1, 92, 68], [-1, 54, 52, 70, -1, 6, -1, 35, -1, -1, 118, -1], [95, -1, 96, 90, 57, 117, -1, 66, 51, -1, -1, -1], [27, -1, -1, 111, 11, 113, 32, -1, -1, -1, 26, -1], [80, 43, -1, 107, -1, -1, -1, 98, -1, 25, -1, -1], [-1, 5, 93, -1, 85, -1, 58, -1, -1, -1, -1, -1], [-1, -1, -1, -1, -1, -1, -1, 12, 9, -1, 114, 46], [-1, -1, 67, 88, -1, 40, -1, 94, 14, -1, 120, -1], [-1, 22, 87, 8, 1, 115, -1, 75, 16, 18, 82, -1], [-1, -1, 60, 99, -1, 48, -1, -1, 38, 69, -1, 79]], "target_index": 53, "target_rc": [4, 5], "target_value": 23, "confidence": 0.8653417431983582, "module_label": "M2"}