{"grid": [[60, 106, -1, -1, 3, -1, -1, 76, -1, -1, 74, -1], [-1, 47, -1, -1, -1, -1, -1, -1, 110, -1, -1, 82], [1, -1, -1, -1, 101, -1, 87, 38, 39, 42, 118, -1], [-1, -1, -1, 95, 98, 51, -1, 4, 88, 65, 55, 104], [-1, -1, 21, 81, 69, -1, -1, 25, -1, -1, 58, -1], [-1, -1, 115, 66, 103, -1, 68, -1, 70, -1, -1, 119], [-1, -1, -1, 112, 72, -1, 20, 37, 99, -1, -1, 36], [-1, 97, 109, 108, -1, -1, -1, 114, -1, 41, 73, -1], [91, 10, -1, -1, 6, 84, 100, 29, -1, 22, 78, 64], [71, -1, -1, -1, 7, -1, 54, -1, 23, 26, -1, -1]], "target_index": 59, "target_rc": [4, 11], "target_value": 116, "confidence": 0.8662091731234975, "module_label": "A8"}