{"grid": [[119, 18, 20, -1, 70, -1, -1, 62, 12, 111, 9, 30], [-1, -1, 7, -1, 94, -1, -1, -1, -1, 1, -1, 115], [-1, -1, 48, -1, -1, 45, -1, -1, -1, -1, -1, 38], [-1, 90, -1, 73, -1, -1, -1, -1, -1, 83, -1, 26], [23, 53, 110, 16, 92, 64, -1, 103, 36, 4, -1, -1], [-1, -1, 22, -1, -1, 96, 42, -1, 72, 98, -1, 8], [-1, 116, 81, 63, 91, 44, 78, 40, 107, -1, 102, -1], [88, 43, 13, 68, -1, -1, -1, -1, -1, -1, 6, -1], [-1, -1, 118, 19, -1, -1, 117, -1, 100, 57, -1, -1], [-1, -1, 101, 99, -1, 32, -1, -1, 82, 87, 33, -1]], "target_index": 32, "target_rc": [2, 8], "target_value": 37, "confidence": 0.9178497188913389, "module_label": "A5"}