{"grid": [[-1, -1, 57, -1, -1, 67, 101, -1, -1, 51, 56, 47], [-1, 30, 14, 119, 108, 105, 113, -1, 2, -1, -1, -1], [88, -1, 18, -1, -1, 77, 3, 55, -1, -1, -1, 5], [-1, -1, 28, 27, -1, -1, 98, 92, -1, -1, -1, 120], [-1, -1, 103, -1, 25, 8, 100, 48, 81, -1, 78, -1], [29, -1, 4, -1, -1, 36, -1, 95, 44, 60, 65, 110], [-1, 79, 72, 42, 16, -1, -1, -1, -1, 84, 71, -1], [-1, -1, -1, 10, -1, -1, 96, 97, 32, -1, -1, 31], [69, 17, -1, -1, -1, 111, -1, -1, -1, 83, -1, -1], [9, 40, -1, 102, -1, -1, -1, 114, 80, -1, 34, -1]], "target_index": 100, "target_rc": [8, 4], "target_value": 90, "confidence": 0.9181578647271538, "module_label": "M8"}