{"grid": [[35, -1, 37, 120, -1, 39, 49, 32, 16, -1, -1, -1], [47, 25, 98, -1, -1, 119, 40, 42, -1, -1, -1, -1], [-1, 88, -1, -1, -1, 22, -1, 108, -1, 93, -1, -1], [-1, 55, -1, -1, 56, 100, -1, 99, 61, 97, 107, -1], [-1, -1, 113, 50, 19, 5, -1, -1, -1, 28, 36, 60], [9, -1, -1, -1, -1, -1, 24, 105, -1, -1, -1, 30], [-1, 90, -1, 96, 8, -1, -1, 58, -1, -1, -1, 48], [-1, 52, 41, 104, 72, -1, 18, -1, 89, -1, -1, -1], [29, 69, 109, 62, 26, -1, 7, 46, -1, -1, -1, 15], [12, -1, -1, 81, -1, -1, 11, 92, -1, 101, -1, 78]], "target_index": 106, "target_rc": [8, 10], "target_value": 80, "confidence": 0.8816346418524362, "module_label": "M8"}