{"grid": [[65, 26, -1, -1, 93, 105, 36, -1, -1, 9, 39, 118], [112, -1, -1, -1, -1, -1, 49, 100, -1, 79, -1, 102], [63, -1, -1, 89, 4, 44, -1, 8, -1, 43, -1, -1], [19, 95, -1, 13, 57, -1, 58, 116, 40, -1, -1, -1], [83, -1, -1, 22, -1, 67, -1, -1, -1, -1, 87, 31], [73, 25, -1, -1, 99, -1, -1, 61, 42, 2, 29, 75], [-1, -1, 76, -1, -1, 59, -1, 41, 77, -1, -1, -1], [30, -1, 35, -1, -1, -1, 68, 78, -1, 106, 47, 90], [-1, 38, 70, -1, 107, -1, -1, 56, 97, -1, -1, -1], [-1, -1, 86, -1, -1, 72, 33, 81, -1, 103, -1, -1]], "target_index": 57, "target_rc": [4, 9], "target_value": 66, "confidence": 0.8142594901385798, "module_label": "M2"}