{"grid": [[26, 46, 91, -1, 60, 94, -1, -1, 89, 92, -1, -1], [-1, -1, -1, -1, 65, 74, -1, -1, 53, -1, -1, -1], [-1, -1, 71, 22, 40, -1, -1, 95, -1, -1, -1, 21], [52, -1, 117, -1, -1, 116, 57, 85, 19, 13, 104, 49], [-1, 83, 87, -1, 86, -1, -1, 80, 111, 2, -1, -1], [35, -1, -1, 113, 11, 115, 9, -1, 99, -1, -1, 100], [-1, 82, -1, 41, 59, -1, -1, 47, 51, 1, -1, -1], [43, -1, 79, -1, -1, -1, 120, -1, -1, -1, -1, 106], [-1, 34, 12, 58, -1, 54, 18, 55, 15, -1, 10, -1], [102, -1, -1, 36, 27, -1, -1, 7, 8, -1, -1, -1]], "target_index": 40, "target_rc": [3, 4], "target_value": 84, "confidence": 0.8230705257740035, "module_label": "M8"}