{"grid": [[57, 76, 83, 27, 24, -1, -1, 73, 119, -1, -1, -1], [-1, -1, -1, 72, 88, 8, 115, -1, 114, -1, -1, 102], [-1, 117, -1, 87, 74, 31, 34, -1, -1, 50, 108, 75], [36, -1, -1, -1, 12, -1, 15, -1, -1, 16, 37, 21], [-1, 23, -1, 91, -1, -1, 10, -1, -1, 51, -1, -1], [61, -1, -1, -1, -1, 6, 96, 60, 101, -1, 53, 107], [42, 90, -1, -1, -1, 81, 84, -1, -1, -1, -1, 98], [109, -1, 40, 62, -1, 71, 20, -1, -1, -1, 11, -1], [63, 85, -1, 14, -1, -1, 13, -1, 28, 5, -1, 9], [-1, 67, -1, -1, 56, 77, -1, -1, -1, -1, -1, 7]], "target_index": 61, "target_rc": [5, 1], "target_value": 41, "confidence": 0.9407182015611404, "module_label": "A5"}