{"grid": [[101, -1, -1, 14, -1, -1, 80, -1, 77, -1, 86, -1], [59, 16, 15, 87, 18, -1, 93, -1, 79, 61, -1, -1], [-1, -1, -1, -1, -1, -1, -1, 10, 88, -1, 9, -1], [57, 35, 32, -1, 2, -1, -1, 102, -1, 62, 81, 53], [46, -1, -1, 43, 34, -1, -1, 26, 84, 37, 47, 27], [-1, -1, -1, 28, 107, 65, 12, 100, -1, -1, 45, -1], [-1, -1, 48, -1, -1, -1, 11, 69, -1, 66, -1, -1], [41, 75, 111, 99, -1, 13, -1, 113, 64, -1, 5, -1], [-1, 114, -1, -1, 105, -1, -1, -1, -1, -1, -1, -1], [78, 36, 94, -1, 90, -1, 3, -1, 29, 106, 112, -1]], "target_index": 76, "target_rc": [6, 4], "target_value": 104, "confidence": 0.8867731571844713, "module_label": "M2"}