{"grid": [[-1, -1, 26, -1, 103, -1, 20, 75, 108, 88, 14, 5], [115, -1, 89, 41, -1, 11, -1, 12, -1, -1, 19, 102], [-1, 71, 59, 46, 105, 47, -1, -1, 117, -1, -1, -1], [-1, 55, -1, 87, -1, 3, -1, 24, 65, -1, 31, -1], [-1, -1, 53, -1, -1, -1, 15, -1, -1, 28, -1, -1], [-1, -1, 45, -1, -1, -1, 51, -1, 119, 67, 76, 6], [-1, -1, 109, 56, -1, 58, 52, -1, 91, 37, -1, 112], [-1, -1, -1, -1, -1, -1, 16, 17, -1, 49, -1, -1], [40, -1, -1, 85, 7, -1, 39, -1, -1, 110, 64, 8], [-1, 1, 9, -1, 43, -1, 57, 95, -1, 77, -1, 4]], "target_index": 118, "target_rc": [9, 10], "target_value": 10, "confidence": 0.8101849284196577, "module_label": "A5"}