{"grid": [[-1, 52, 36, -1, 5, 15, 68, -1, -1, -1, 74, -1], [-1, -1, -1, 97, -1, 50, -1, 22, -1, 104, 44, -1], [53, 77, -1, 114, 21, -1, 16, 85, -1, 78, 95, -1], [46, -1, -1, -1, -1, -1, -1, -1, 90, -1, 96, -1], [-1, 67, 60, -1, -1, -1, -1, 72, 99, 11, 4, 9], [-1, 94, 116, 117, -1, -1, 14, 119, -1, 31, 49, -1], [-1, 81, 61, -1, -1, -1, -1, 59, 32, 92, 39, -1], [-1, 79, 106, 23, -1, 17, -1, -1, 69, 45, 34, -1], [10, 42, 71, 40, -1, 1, -1, 2, -1, -1, 19, 12], [-1, -1, -1, 75, -1, 109, -1, 113, -1, -1, -1, -1]], "target_index": 47, "target_rc": [3, 11], "target_value": 88, "confidence": 0.8698055856888981, "module_label": "A8"}