{"grid": [[-1, 30, -1, 42, -1, 12, 44, 61, -1, 81, -1, 90], [-1, 98, -1, -1, 27, -1, 113, -1, 34, -1, 58, -1], [-1, 115, 26, -1, -1, 69, 80, -1, 33, -1, -1, -1], [112, -1, 99, 9, 13, -1, 95, 50, 62, -1, -1, -1], [107, 31, -1, -1, 116, -1, -1, 106, 57, -1, -1, -1], [-1, 89, -1, 18, -1, 101, 100, 87, -1, -1, -1, 20], [-1, -1, 79, -1, -1, -1, -1, 103, 114, 15, 93, -1], [86, 105, 16, 76, 110, 97, 49, 53, -1, -1, -1, 104], [-1, 28, -1, -1, 35, -1, -1, -1, -1, -1, 72, 47], [-1, 73, 83, -1, -1, 74, -1, 108, 70, 94, -1, 17]], "target_index": 47, "target_rc": [3, 11], "target_value": 43, "confidence": 0.9079929621000372, "module_label": "A8"}