{"grid": [[51, -1, -1, -1, 38, -1, 9, -1, 87, -1, 102, 101], [55, -1, -1, 27, -1, 73, -1, 19, 81, -1, 120, 75], [-1, 78, -1, 54, 72, -1, -1, -1, 39, -1, -1, 96], [-1, -1, -1, 86, 103, -1, 7, 35, 68, 36, 2, -1], [-1, 52, -1, 11, 30, -1, 3, -1, -1, -1, -1, 109], [-1, -1, 53, -1, 45, 1, -1, 115, -1, -1, 23, 88], [43, 24, -1, 117, 113, -1, 61, 59, 91, -1, -1, 62], [-1, 65, -1, -1, 83, -1, -1, -1, 10, -1, -1, 42], [-1, -1, 74, 6, 18, 119, -1, -1, -1, 31, 114, -1], [-1, -1, 32, 77, 5, 57, -1, -1, 111, -1, -1, 37]], "target_index": 9, "target_rc": [0, 9], "target_value": 110, "confidence": 0.9185686813222897, "module_label": "A8"}