{"grid": [[-1, 115, -1, 72, 75, 59, 44, -1, 101, 48, 32, -1], [93, -1, 107, 38, 117, 98, -1, -1, -1, -1, 20, 106], [-1, -1, -1, -1, -1, -1, -1, 62, -1, 80, -1, -1], [-1, 73, -1, -1, -1, -1, 15, -1, 105, -1, 29, -1], [-1, -1, 90, -1, 112, 61, -1, 95, -1, 47, -1, 104], [-1, 74, 97, 84, 40, -1, 66, 34, 26, -1, -1, -1], [110, -1, -1, 18, -1, 85, -1, 114, 3, -1, 13, 57], [113, -1, -1, 5, 11, 8, -1, 52, 77, -1, 69, -1], [27, 4, -1, -1, 79, -1, 108, -1, 41, -1, -1, 12], [-1, -1, -1, -1, -1, 60, 64, 39, 111, -1, 25, 45]], "target_index": 25, "target_rc": [2, 1], "target_value": 50, "confidence": 0.833262020580189, "module_label": "A5"}