{"grid": [[48, 100, -1, -1, -1, 46, 73, -1, -1, -1, 25, -1], [79, 66, 16, -1, 99, -1, -1, 1, 52, -1, 27, -1], [53, -1, -1, 22, -1, -1, 116, -1, -1, -1, -1, 98], [97, -1, 36, -1, -1, -1, -1, -1, 89, 71, -1, -1], [103, -1, -1, -1, 30, -1, 107, 81, -1, 45, 57, 33], [60, 91, 80, -1, 50, -1, -1, 29, -1, -1, 38, -1], [114, -1, 82, 72, 32, 63, -1, -1, -1, 118, 112, -1], [11, 108, 34, 10, 18, 12, 49, 7, -1, 6, -1, 62], [-1, -1, 31, 92, -1, -1, -1, -1, -1, 86, 88, 67], [87, -1, 51, 120, -1, -1, -1, 102, -1, -1, -1, 39]], "target_index": 4, "target_rc": [0, 4], "target_value": 65, "confidence": 0.8211504752023372, "module_label": "A8"}