{"grid": [[-1, -1, -1, 73, -1, 70, 46, -1, -1, -1, 85, -1], [62, -1, 3, 68, -1, 9, 22, 88, -1, -1, -1, -1], [-1, -1, 75, -1, 107, 66, -1, -1, -1, 18, 25, 115], [103, -1, 19, -1, -1, 108, 95, 13, 28, -1, -1, -1], [24, 84, -1, -1, -1, -1, -1, -1, -1, -1, 58, -1], [21, 52, -1, 20, 97, 31, 44, 23, -1, -1, 79, -1], [-1, 74, 117, 34, -1, 92, 119, -1, 36, -1, -1, -1], [48, -1, 60, 16, 76, -1, 81, 27, -1, 15, -1, -1], [33, -1, 94, -1, 7, 65, -1, -1, -1, 29, 41, -1], [26, -1, 35, 38, -1, -1, 12, 5, 71, 8, 109, -1]], "target_index": 45, "target_rc": [3, 9], "target_value": 101, "confidence": 0.9647072465348577, "module_label": "M8"}