{"grid": [[18, -1, -1, -1, 73, 8, 67, -1, -1, 65, -1, -1], [103, -1, 86, -1, 91, 38, -1, -1, 93, -1, -1, -1], [-1, -1, 25, -1, 19, -1, 87, 3, 60, -1, 14, -1], [-1, -1, 83, 101, 77, -1, -1, 108, 24, 4, -1, 90], [-1, 68, 110, 49, 118, 62, 44, 1, -1, 74, -1, 94], [-1, 46, 28, -1, -1, -1, -1, 55, 45, 71, -1, -1], [11, 10, -1, -1, -1, -1, 52, 81, -1, 48, 107, -1], [84, -1, -1, 115, -1, -1, 92, 80, -1, -1, 102, -1], [-1, 82, -1, -1, 13, 22, 35, -1, 70, 104, -1, -1], [-1, 15, 30, -1, -1, -1, 116, 51, 98, 97, -1, -1]], "target_index": 29, "target_rc": [2, 5], "target_value": 36, "confidence": 0.9561731612059784, "module_label": "A8"}