{"grid": [[23, 60, 106, -1, 108, -1, -1, -1, 84, 15, 83, 25], [-1, -1, -1, 3, -1, 97, -1, 21, -1, 59, 109, -1], [54, 117, -1, 12, 33, 49, -1, -1, 110, 30, 61, -1], [2, 69, -1, 7, -1, -1, -1, -1, -1, 8, 116, -1], [104, -1, -1, -1, -1, 89, 77, 71, 36, 100, 1, 41], [-1, -1, -1, 14, -1, -1, -1, 10, 62, 73, 105, 31], [-1, -1, 47, -1, 56, -1, -1, 85, 96, 118, 78, -1], [-1, -1, -1, 35, -1, -1, 65, -1, -1, -1, 75, 19], [-1, 28, -1, -1, 103, 90, -1, -1, 70, -1, -1, 18], [-1, -1, 79, -1, 34, -1, -1, -1, 64, -1, 80, 46]], "target_index": 75, "target_rc": [6, 3], "target_value": 9, "confidence": 0.9555447337993511, "module_label": "M2"}