{"grid": [[112, 36, 11, 108, 8, 32, 39, -1, 27, 23, -1, 96], [102, -1, 94, 21, 28, 100, -1, 58, 107, 17, -1, -1], [-1, 42, -1, -1, -1, -1, -1, -1, -1, -1, 83, 60], [41, 48, 18, -1, -1, 74, 106, -1, 52, -1, -1, -1], [-1, -1, -1, 19, 90, -1, -1, -1, -1, 14, -1, -1], [-1, -1, -1, 111, -1, 69, 95, -1, 91, 15, -1, -1], [72, 93, 104, -1, 64, 4, 98, 5, 34, -1, -1, -1], [-1, -1, -1, -1, -1, -1, -1, 61, 2, -1, 51, 88], [47, 1, 3, 29, -1, -1, -1, -1, 40, -1, -1, 56], [80, 30, 13, -1, -1, 75, 78, -1, 50, -1, 79, -1]], "target_index": 30, "target_rc": [2, 6], "target_value": 31, "confidence": 0.9036733835421632, "module_label": "M2"}