{"grid": [[-1, 47, -1, 104, -1, 80, -1, -1, 52, -1, -1, -1], [-1, -1, -1, -1, -1, 24, -1, 68, -1, -1, -1, -1], [91, -1, 86, -1, -1, -1, -1, 12, -1, 93, -1, 82], [14, -1, 44, -1, 62, 69, 116, 49, 9, -1, -1, -1], [48, 97, 98, 37, 94, 31, 23, 42, 60, -1, 29, -1], [106, 21, 20, -1, -1, 15, 85, 56, 1, -1, 107, -1], [-1, -1, -1, 105, -1, -1, -1, -1, 45, -1, 79, 84], [36, 100, -1, -1, 38, -1, -1, -1, -1, 70, 40, 83], [46, -1, 99, -1, 30, 51, 54, 71, -1, -1, 110, 75], [-1, -1, 39, -1, 118, 43, 63, -1, -1, -1, 32, 90]], "target_index": 28, "target_rc": [2, 4], "target_value": 65, "confidence": 0.8378464270919468, "module_label": "A5"}