{"grid": [[90, -1, 70, 9, 76, -1, 28, -1, -1, 19, 100, -1], [-1, 80, -1, 20, -1, -1, -1, 103, 8, 98, -1, -1], [5, 46, 111, -1, -1, -1, -1, 114, 93, -1, -1, -1], [-1, 104, 117, -1, -1, -1, -1, 113, -1, 67, -1, -1], [-1, -1, -1, 110, 56, 92, 107, 62, -1, -1, -1, -1], [-1, -1, -1, -1, 64, 14, -1, 69, -1, 74, 10, 26], [-1, 61, -1, 81, 37, -1, -1, -1, -1, 106, -1, -1], [-1, -1, 58, 33, 2, -1, -1, 119, 41, -1, 77, 42], [21, 75, 6, 79, 94, -1, 89, -1, 73, 22, 57, 48], [11, -1, -1, 29, 35, -1, 118, -1, 91, 44, -1, 34]], "target_index": 41, "target_rc": [3, 5], "target_value": 102, "confidence": 0.9944431274161047, "module_label": "A8"}