{"grid": [[71, -1, 18, -1, -1, 77, 75, 61, -1, 47, 115, -1], [-1, -1, 45, 44, 108, -1, -1, 39, -1, -1, -1, -1], [11, 65, 58, -1, 53, -1, -1, 35, 90, -1, 9, 20], [-1, -1, 31, -1, -1, 70, 82, 103, 16, 107, 55, -1], [80, -1, -1, -1, 102, 86, -1, -1, 22, -1, -1, 116], [85, -1, -1, -1, 91, 104, -1, 14, -1, 94, -1, -1], [-1, -1, 117, -1, -1, 23, 36, -1, -1, -1, 41, 59], [-1, -1, -1, 69, -1, -1, -1, -1, 111, 60, -1, -1], [-1, -1, 114, 87, -1, 28, 62, -1, 106, 21, -1, 19], [-1, 95, 26, 12, 13, 78, 76, 97, 64, -1, -1, 74]], "target_index": 68, "target_rc": [5, 8], "target_value": 119, "confidence": 0.8691253546090225, "module_label": "A8"}