{"grid": [[61, -1, 79, 31, 111, -1, -1, -1, -1, 86, 92, 64], [-1, -1, 26, 91, -1, 24, 56, -1, -1, 87, -1, -1], [102, 93, -1, -1, -1, 116, -1, -1, -1, -1, 88, -1], [75, -1, 78, -1, 2, 52, 50, -1, 118, -1, 57, 117], [-1, -1, -1, 67, -1, -1, 18, -1, -1, -1, -1, -1], [40, 58, -1, -1, 69, -1, -1, -1, 103, -1, 89, 19], [44, 27, -1, 35, -1, -1, 29, 65, 63, -1, -1, 25], [-1, 14, -1, 53, 84, 115, 97, 16, 34, -1, -1, 108], [105, -1, 80, -1, 21, -1, 28, -1, 110, -1, 47, 48], [90, -1, -1, 106, 1, 94, 107, -1, -1, 42, -1, -1]], "target_index": 56, "target_rc": [4, 8], "target_value": 82, "confidence": 0.8002185568295558, "module_label": "A5"}