{"grid": [[18, -1, -1, -1, 40, -1, -1, 95, 32, 64, -1, -1], [-1, -1, 51, 6, 60, -1, 72, -1, -1, 77, 80, -1], [-1, 22, 108, -1, 62, 25, -1, 50, -1, 4, 76, -1], [102, 113, 44, 42, 43, -1, 111, -1, 110, -1, -1, 30], [54, -1, -1, -1, 12, 36, -1, 91, -1, -1, -1, 107], [-1, 41, -1, -1, 67, -1, -1, -1, -1, 20, -1, -1], [-1, -1, 47, -1, -1, 70, 52, 7, 82, -1, 27, 38], [81, 98, 65, -1, 93, -1, 49, -1, 84, 61, -1, -1], [-1, 88, 11, 14, -1, -1, -1, 68, -1, -1, -1, -1], [89, -1, 90, 118, -1, -1, -1, 9, 78, 8, 45, 96]], "target_index": 35, "target_rc": [2, 11], "target_value": 87, "confidence": 0.8940769780902518, "module_label": "A8"}