{"grid": [[-1, 87, -1, 48, 91, 112, 52, 8, -1, -1, -1, 37], [104, 84, -1, 14, -1, -1, 88, -1, 45, 66, 98, -1], [44, 41, -1, -1, -1, 50, 64, 77, 56, 53, -1, 95], [110, 31, -1, -1, 22, 2, -1, -1, -1, 109, -1, 92], [-1, 1, -1, 118, 115, 113, -1, 70, -1, -1, -1, -1], [90, -1, -1, 108, -1, -1, -1, 105, 68, 61, 27, -1], [-1, -1, 28, 81, -1, 71, 93, -1, -1, -1, 120, 101], [9, -1, -1, -1, 49, 85, 103, -1, 33, -1, -1, -1], [-1, 89, 5, 75, 24, -1, -1, -1, 18, -1, -1, 26], [-1, -1, -1, 100, 80, -1, 23, 4, -1, -1, -1, -1]], "target_index": 105, "target_rc": [8, 9], "target_value": 58, "confidence": 0.8609917637462619, "module_label": "A5"}