{"grid": [[-1, 85, -1, 52, -1, -1, 12, -1, 23, 91, 15, -1], [11, 100, -1, -1, -1, -1, -1, 6, 76, -1, -1, 18], [38, 43, 116, -1, 72, -1, 106, 88, -1, -1, 27, 45], [-1, -1, -1, 8, -1, 97, -1, 66, -1, -1, -1, 89], [75, -1, -1, -1, 54, 94, 92, 3, 5, 26, 86, -1], [77, 63, -1, 82, -1, 101, -1, 7, -1, 25, -1, -1], [-1, -1, -1, -1, 95, -1, 83, 80, -1, -1, 64, 32], [-1, 120, 55, 114, 4, -1, 65, 47, 70, 58, -1, 30], [-1, -1, 90, -1, -1, 84, 115, -1, -1, -1, -1, 14], [-1, 20, 13, 59, -1, -1, 62, 105, -1, -1, -1, -1]], "target_index": 16, "target_rc": [1, 4], "target_value": 19, "confidence": 0.8997444673081808, "module_label": "A5"}