{"grid": [[-1, -1, -1, -1, -1, -1, -1, -1, -1, 96, -1, 120], [-1, 115, -1, 77, 83, -1, 91, 82, -1, 111, 8, 39], [-1, -1, -1, -1, -1, 101, -1, 98, -1, -1, 95, 24], [15, 78, 33, 64, -1, -1, -1, 119, -1, -1, 99, 2], [110, -1, 41, -1, 12, 75, 116, 20, -1, -1, -1, 69], [30, -1, -1, 86, 36, -1, 29, -1, -1, -1, -1, 104], [-1, 61, 32, 102, 67, 16, -1, 18, 88, -1, -1, -1], [19, 58, 118, -1, 70, -1, 109, 68, 46, 56, -1, 37], [-1, 81, -1, -1, -1, -1, 5, -1, 9, 40, -1, 93], [94, 54, 45, -1, -1, 87, -1, 113, -1, -1, -1, 112]], "target_index": 57, "target_rc": [4, 9], "target_value": 72, "confidence": 0.8639095012397204, "module_label": "M2"}