{"grid": [[33, -1, 75, 41, -1, 61, 28, 113, -1, 68, 106, -1], [-1, 105, 67, 10, 12, -1, -1, 5, -1, 101, 21, -1], [-1, -1, -1, -1, -1, 23, 42, 81, -1, 87, 36, -1], [109, 24, 120, 97, 20, 96, -1, -1, -1, 4, -1, -1], [-1, 37, 104, -1, -1, -1, 103, 11, -1, -1, -1, -1], [47, 79, -1, 90, -1, -1, 52, 1, -1, 93, 31, 45], [-1, 111, 30, -1, -1, 119, 27, -1, -1, -1, -1, -1], [-1, 66, 44, -1, 46, 98, -1, -1, 19, 91, 77, -1], [-1, -1, -1, 14, -1, -1, 22, 102, -1, 69, -1, -1], [-1, -1, -1, 85, 49, 6, -1, -1, 3, 18, -1, 70]], "target_index": 25, "target_rc": [2, 1], "target_value": 110, "confidence": 0.9489297252558225, "module_label": "M2"}