{"grid": [[-1, 55, 31, -1, -1, 37, 117, -1, 95, 93, -1, 119], [-1, -1, -1, -1, -1, 12, 4, 49, -1, 71, 19, -1], [22, 53, -1, 72, -1, -1, -1, 98, 26, 46, 68, -1], [-1, 77, -1, -1, -1, 24, -1, 103, -1, -1, -1, -1], [-1, 61, 105, 65, -1, 87, -1, -1, -1, -1, -1, 41], [59, -1, 48, -1, 100, -1, 84, -1, -1, 74, -1, -1], [70, -1, 16, 79, 114, -1, -1, 29, -1, 82, 51, 1], [-1, -1, -1, 33, 54, 5, 64, -1, -1, 45, -1, 66], [27, 86, 102, 40, -1, 101, 63, -1, 108, 88, 97, 107], [85, 75, -1, -1, 14, -1, -1, -1, -1, -1, -1, 83]], "target_index": 55, "target_rc": [4, 7], "target_value": 15, "confidence": 0.9251300972679519, "module_label": "M2"}