{"grid": [[101, -1, -1, 5, -1, 27, -1, -1, -1, -1, 92, 10], [-1, 29, -1, 11, -1, -1, -1, 109, 52, -1, 44, 84], [7, -1, -1, 93, 94, -1, -1, 37, -1, -1, 22, 12], [50, 25, -1, 39, 90, 24, -1, -1, -1, 23, 83, 110], [107, -1, 99, -1, 16, -1, -1, 118, -1, 88, -1, -1], [-1, 73, -1, 112, 19, 53, -1, -1, -1, 115, 77, -1], [-1, -1, 103, -1, 72, 98, -1, 21, 91, -1, -1, -1], [64, 28, -1, -1, -1, 57, -1, 78, -1, -1, -1, 34], [-1, -1, -1, -1, 20, 66, 13, 85, -1, -1, 100, 2], [8, 61, 14, 113, -1, 48, 79, 80, 1, -1, -1, -1]], "target_index": 9, "target_rc": [0, 9], "target_value": 70, "confidence": 0.8430389378059724, "module_label": "A8"}