{"grid": [[-1, -1, 107, -1, 81, 67, -1, 40, 109, -1, 44, 76], [-1, -1, 68, 69, 55, -1, 86, -1, -1, -1, 13, 104], [90, 91, -1, 82, -1, -1, 5, -1, -1, -1, -1, 71], [33, 43, -1, -1, 117, -1, -1, -1, -1, 39, -1, -1], [38, 94, 49, 28, 30, -1, 111, -1, 56, -1, -1, -1], [-1, 106, -1, -1, -1, -1, -1, 64, -1, 42, -1, -1], [-1, -1, 16, -1, 25, 88, 98, -1, 102, -1, 114, 119], [15, 75, 120, 99, 108, 51, 93, 103, -1, 11, 105, 70], [-1, 79, -1, -1, -1, 7, 8, -1, -1, 95, -1, 89], [83, -1, -1, -1, -1, -1, -1, 92, -1, 48, 47, 97]], "target_index": 1, "target_rc": [0, 1], "target_value": 18, "confidence": 0.9507011247503414, "module_label": "M8"}