{"grid": [[49, 38, 118, 37, -1, 101, 45, 32, 91, 68, -1, 9], [73, 40, -1, 78, 86, -1, -1, -1, 93, -1, -1, 110], [-1, -1, -1, -1, 42, -1, -1, 116, 67, 65, 19, -1], [3, 41, -1, 33, -1, -1, 83, -1, -1, -1, 92, 60], [80, 21, 30, -1, -1, 48, -1, 24, 13, -1, -1, -1], [94, -1, -1, 29, -1, -1, -1, 43, 52, 23, -1, -1], [119, 103, 1, 26, -1, 39, -1, -1, -1, -1, 59, -1], [20, 51, 34, -1, -1, -1, -1, 97, 18, -1, 81, -1], [-1, -1, -1, -1, -1, 89, 2, -1, 120, 84, 57, -1], [-1, 109, -1, 71, -1, 72, -1, -1, -1, 22, -1, 35]], "target_index": 64, "target_rc": [5, 4], "target_value": 55, "confidence": 0.9801928484815887, "module_label": "M2"}