{"grid": [[66, -1, 6, 102, 89, 68, -1, 114, -1, 100, -1, -1], [-1, 56, -1, -1, 10, 72, 94, 21, 103, 81, -1, 113], [69, 91, -1, 31, 37, 82, 97, 26, 74, -1, -1, -1], [-1, -1, -1, -1, 70, -1, -1, 65, -1, -1, -1, 53], [8, 71, -1, -1, -1, -1, -1, 101, 116, 64, 60, -1], [-1, 73, -1, -1, 43, 49, -1, -1, -1, 77, 23, 38], [45, 55, -1, 29, -1, 75, -1, -1, -1, 27, 2, 88], [-1, -1, 62, -1, 52, 32, -1, 85, 79, -1, -1, 86], [-1, -1, -1, -1, -1, -1, 3, -1, -1, -1, 13, -1], [-1, 20, -1, 109, 80, -1, 115, 54, 78, -1, 24, -1]], "target_index": 33, "target_rc": [2, 9], "target_value": 16, "confidence": 0.8896536635249629, "module_label": "M8"}