{"grid": [[-1, -1, -1, 99, 23, 11, 71, 37, 35, -1, -1, -1], [-1, 12, 94, -1, -1, -1, 48, 50, 64, 67, 13, 49], [-1, -1, -1, 58, 111, -1, -1, 115, -1, -1, 18, -1], [30, 42, -1, 63, -1, 46, -1, 116, -1, 36, -1, 114], [24, -1, 39, 65, 113, -1, -1, 21, 87, 91, 19, -1], [20, 31, 56, -1, 26, 119, -1, -1, 109, -1, -1, 102], [-1, 9, -1, 105, -1, 74, -1, 43, -1, 17, 66, 57], [100, 96, -1, -1, -1, -1, -1, -1, -1, -1, 14, -1], [101, -1, -1, -1, 90, 98, -1, -1, -1, -1, 55, 103], [70, -1, 112, 7, 47, 84, -1, -1, -1, -1, -1, -1]], "target_index": 118, "target_rc": [9, 10], "target_value": 8, "confidence": 0.8601887945632491, "module_label": "A8"}