{"grid": [[-1, -1, 80, 64, -1, 19, 2, -1, -1, 72, 14, -1], [53, 22, -1, -1, 10, -1, -1, 23, 63, 90, 43, 34], [109, -1, -1, -1, -1, -1, 36, -1, -1, -1, 113, 12], [-1, 4, -1, -1, 39, -1, 73, 40, 92, -1, 66, -1], [97, -1, 98, 108, 44, -1, 112, 21, -1, -1, 57, 93], [18, -1, -1, 104, 32, -1, 67, 7, 45, 111, -1, 38], [102, -1, 86, -1, -1, 70, -1, 77, -1, -1, 6, 51], [-1, -1, 5, 35, -1, -1, 62, 107, -1, -1, -1, -1], [-1, -1, -1, -1, 115, -1, -1, -1, -1, 100, 99, 28], [-1, 117, -1, -1, -1, 37, -1, 17, 83, -1, 47, 3]], "target_index": 28, "target_rc": [2, 4], "target_value": 26, "confidence": 0.8973736541726852, "module_label": "M8"}