{"grid": [[20, 26, -1, 66, 13, 41, -1, 68, -1, 15, -1, 90], [-1, 75, -1, 110, 51, 116, -1, 42, 31, -1, 12, 37], [-1, -1, -1, 70, 32, 81, -1, 22, 38, -1, 50, 8], [28, 108, -1, 96, -1, -1, -1, -1, 43, -1, -1, -1], [-1, -1, -1, -1, 65, 73, -1, 98, 54, -1, 55, -1], [86, -1, -1, -1, 115, -1, 48, 44, 92, 74, -1, 2], [-1, -1, 30, -1, -1, 25, -1, 77, -1, 117, -1, -1], [-1, 104, 16, 23, -1, 94, 60, -1, -1, -1, -1, -1], [118, 47, 99, -1, 114, 91, 9, -1, -1, -1, 84, -1], [101, -1, -1, -1, 57, 46, -1, 76, -1, -1, 106, -1]], "target_index": 83, "target_rc": [6, 11], "target_value": 27, "confidence": 0.8589153070865928, "module_label": "M2"}