{"grid": [[42, -1, -1, -1, -1, -1, -1, -1, 83, 66, -1, -1], [67, -1, 39, -1, 95, -1, -1, 77, -1, 55, 104, -1], [-1, -1, -1, 28, -1, -1, -1, 22, -1, 92, -1, -1], [19, -1, 1, 107, -1, 10, 115, -1, 26, 50, 48, 80], [69, 21, 3, 85, 36, -1, 37, -1, 118, -1, 90, 27], [-1, -1, -1, -1, -1, 75, -1, -1, -1, 34, -1, 41], [-1, 54, -1, 46, -1, 51, -1, -1, 20, -1, 108, 5], [-1, 29, 94, 68, -1, 110, 70, -1, -1, 88, 84, -1], [60, 116, 6, -1, -1, -1, 81, -1, 57, -1, 101, -1], [59, 18, -1, -1, 63, 114, 31, 14, -1, 25, -1, 2]], "target_index": 70, "target_rc": [5, 10], "target_value": 24, "confidence": 0.9272634433506348, "module_label": "A5"}