{"grid": [[-1, 62, 59, 101, 6, -1, -1, 80, 36, -1, -1, -1], [1, 83, 21, -1, -1, -1, -1, 71, 33, 14, 74, 89], [-1, 113, -1, 63, -1, -1, 19, 20, -1, -1, 93, -1], [86, 28, 3, 78, 50, -1, -1, -1, 2, -1, 46, -1], [-1, 117, -1, 42, 8, -1, -1, -1, -1, 96, 11, -1], [-1, 81, -1, 103, -1, -1, -1, 18, -1, -1, 65, 17], [12, 98, -1, 100, -1, -1, 60, -1, 27, -1, -1, 15], [-1, 76, -1, -1, 107, -1, 40, 64, -1, 55, 34, -1], [4, 97, 38, -1, 111, 88, 120, 94, -1, -1, 61, 85], [-1, 119, -1, 104, -1, -1, -1, -1, -1, -1, 43, -1]], "target_index": 115, "target_rc": [9, 7], "target_value": 49, "confidence": 0.8273960826571115, "module_label": "A8"}