{"grid": [[96, 91, -1, -1, -1, -1, -1, 69, 16, 25, -1, 72], [4, -1, 77, 24, -1, 58, 67, 115, -1, -1, -1, -1], [42, -1, -1, -1, -1, 103, 22, -1, 70, 84, 110, 54], [-1, 34, -1, 81, -1, 98, 39, 59, 119, 32, -1, 21], [20, -1, 44, 101, -1, -1, 35, 1, -1, -1, 3, -1], [99, 111, 55, 87, 86, -1, 95, 114, 85, -1, -1, -1], [78, -1, -1, 6, 27, 75, -1, -1, -1, -1, 79, 62], [-1, 117, -1, -1, -1, -1, -1, -1, 109, -1, -1, 38], [64, -1, 31, 36, -1, -1, -1, 89, -1, 9, -1, 47], [-1, 49, -1, 106, -1, 28, -1, -1, -1, -1, 46, -1]], "target_index": 2, "target_rc": [0, 2], "target_value": 12, "confidence": 0.9643637393999862, "module_label": "A8"}