{"grid": [[77, -1, -1, -1, 9, -1, 65, -1, 66, 59, -1, -1], [100, 82, -1, -1, -1, 52, 83, -1, 16, 22, 17, 6], [-1, 49, -1, -1, 79, 119, 103, -1, 56, 3, 71, -1], [63, -1, -1, -1, 36, -1, -1, -1, 25, 74, -1, -1], [-1, 44, 60, 112, 78, -1, -1, 57, 31, -1, 114, -1], [-1, 58, -1, -1, -1, -1, -1, -1, -1, -1, -1, 94], [-1, 96, 86, -1, -1, -1, 72, 11, 105, -1, 89, 5], [80, 45, -1, -1, 29, -1, -1, 101, 39, -1, 2, 102], [-1, 107, 106, 61, -1, 67, 20, 68, 21, -1, 14, -1], [-1, -1, -1, -1, -1, 110, 38, -1, -1, 55, 99, 93]], "target_index": 47, "target_rc": [3, 11], "target_value": 54, "confidence": 0.9783268790217157, "module_label": "A8"}