{"grid": [[6, -1, -1, -1, -1, 58, 74, -1, 107, 68, 42, -1], [36, 69, -1, -1, 5, -1, -1, -1, 34, 2, -1, -1], [98, 57, -1, 67, -1, -1, 20, -1, -1, 53, 33, -1], [-1, -1, -1, 88, -1, -1, 109, -1, -1, -1, 118, -1], [-1, -1, 82, 113, -1, 46, 62, 70, -1, 11, -1, 114], [100, 65, -1, 24, -1, 97, 66, 93, -1, -1, 106, 15], [-1, 3, 56, 101, -1, -1, 16, 1, 29, -1, 92, -1], [99, -1, 8, 18, -1, -1, -1, -1, -1, 71, 51, 63], [84, 31, 108, -1, -1, -1, 103, -1, -1, 60, 89, 32], [-1, -1, -1, 41, -1, 59, -1, 72, -1, 54, 10, -1]], "target_index": 58, "target_rc": [4, 10], "target_value": 87, "confidence": 0.8665234226399887, "module_label": "A5"}