{"grid": [[-1, 41, 51, 93, 9, 5, 70, -1, 114, -1, 106, 44], [-1, 30, 16, 87, 3, -1, -1, 63, 38, 80, 62, -1], [20, -1, -1, -1, -1, 100, 82, -1, -1, -1, -1, -1], [-1, 89, -1, -1, 118, -1, -1, -1, -1, -1, -1, 26], [46, 37, 81, 17, -1, -1, 2, -1, -1, 110, 29, -1], [-1, -1, 13, -1, 34, 109, -1, -1, 39, -1, -1, -1], [60, -1, 79, 67, -1, 85, -1, -1, 97, 11, 36, 21], [107, 15, -1, 58, -1, -1, 32, -1, -1, 14, -1, -1], [117, 90, -1, 119, -1, -1, -1, 59, -1, 95, 91, 48], [-1, 65, -1, 116, -1, 8, -1, 12, 49, 86, -1, -1]], "target_index": 78, "target_rc": [6, 6], "target_value": 4, "confidence": 0.9701586060612954, "module_label": "M8"}