{"grid": [[93, 25, -1, 61, -1, -1, -1, -1, -1, -1, 67, -1], [3, 60, 29, -1, -1, 50, -1, 65, -1, 26, 19, -1], [-1, -1, -1, -1, -1, -1, 120, 42, 24, -1, -1, 51], [54, -1, -1, 82, -1, -1, -1, 35, -1, -1, -1, -1], [-1, 71, -1, 76, -1, -1, -1, -1, 46, 105, -1, 106], [-1, 58, 41, -1, 43, 75, 108, 52, 47, 13, -1, -1], [90, 74, 98, 107, 1, -1, 14, 94, 10, -1, 110, -1], [102, 53, 77, 97, -1, 44, 55, -1, -1, -1, 27, 12], [20, 34, -1, -1, -1, -1, 8, 103, 112, 95, -1, 2], [92, -1, -1, -1, 111, 23, -1, -1, 115, 9, -1, -1]], "target_index": 70, "target_rc": [5, 10], "target_value": 119, "confidence": 0.9470814352885781, "module_label": "M2"}