{"grid": [[8, -1, -1, -1, 45, 102, 51, -1, -1, -1, 55, 83], [-1, -1, 1, 37, -1, -1, -1, -1, 46, 56, 49, -1], [-1, 103, 75, 20, -1, -1, -1, -1, -1, 110, 91, -1], [-1, -1, -1, 82, -1, 2, -1, 64, -1, 89, -1, 101], [-1, 43, 14, -1, 13, -1, -1, 105, -1, -1, 29, -1], [-1, -1, 118, 31, 57, 109, 97, -1, 85, -1, 67, -1], [59, 81, -1, -1, 88, 104, -1, 115, -1, 53, -1, 116], [61, -1, 21, -1, 16, -1, -1, -1, -1, 15, -1, -1], [-1, 6, 73, -1, 26, -1, 35, -1, 100, -1, 36, -1], [5, 18, 90, -1, 23, 33, 95, 62, -1, 65, 52, 117]], "target_index": 56, "target_rc": [4, 8], "target_value": 10, "confidence": 0.9898194722969966, "module_label": "A5"}