{"grid": [[72, -1, 3, 12, -1, -1, 61, -1, 108, -1, -1, 74], [64, -1, 25, 105, -1, 102, -1, -1, 5, -1, 52, -1], [-1, -1, -1, -1, 58, -1, -1, 89, 10, -1, -1, -1], [-1, 94, 115, -1, 77, 69, -1, -1, -1, 7, -1, -1], [81, 22, -1, 59, 41, -1, -1, 46, -1, -1, -1, -1], [100, -1, -1, 15, 38, -1, 43, -1, 40, -1, -1, 30], [113, 26, 71, -1, -1, 86, -1, -1, -1, 28, -1, 23], [-1, -1, 106, -1, 53, 57, 80, -1, 56, 29, 42, 107], [50, 21, 117, -1, 97, 114, 36, 2, 111, 19, -1, 116], [68, -1, 33, -1, 96, -1, -1, -1, 98, 31, -1, -1]], "target_index": 43, "target_rc": [3, 7], "target_value": 16, "confidence": 0.8763744067516964, "module_label": "A8"}