{"grid": [[43, -1, 7, -1, -1, -1, 25, -1, -1, -1, -1, 59], [58, -1, 45, 90, 71, -1, 48, -1, -1, -1, -1, 64], [-1, -1, -1, -1, -1, 33, 100, -1, 95, -1, 40, -1], [50, -1, -1, -1, 113, -1, 75, 9, 42, -1, 103, -1], [49, -1, -1, 99, -1, 97, -1, 112, 39, 66, -1, 17], [46, 114, -1, 22, -1, 98, 96, 79, 47, -1, 81, -1], [-1, 5, 119, 60, 31, -1, -1, -1, -1, 105, 34, -1], [-1, 52, 80, 21, 73, 29, -1, -1, -1, 4, -1, 63], [-1, 6, 23, 35, 108, -1, 82, -1, -1, 78, 3, -1], [117, -1, -1, 53, -1, 92, 120, -1, -1, -1, 106, -1]], "target_index": 83, "target_rc": [6, 11], "target_value": 27, "confidence": 0.995168520876557, "module_label": "M8"}