{"grid": [[-1, 29, -1, 89, 20, -1, -1, -1, 66, 96, -1, -1], [25, 74, 31, 63, 15, -1, -1, 78, -1, -1, -1, 120], [-1, -1, -1, -1, 59, 103, -1, -1, -1, -1, 77, -1], [12, 22, -1, -1, 64, 17, 47, 102, 100, 30, 44, 87], [-1, 72, -1, 1, -1, 57, 95, -1, 8, -1, -1, -1], [-1, -1, -1, 33, 75, 111, -1, -1, -1, -1, 36, -1], [-1, 113, 51, 116, 16, 46, 105, 82, -1, 28, -1, -1], [-1, -1, -1, -1, 106, 115, -1, -1, -1, -1, 114, -1], [24, -1, 108, 10, 101, -1, 110, -1, -1, 62, 99, 3], [4, 83, 107, 32, -1, -1, -1, 117, 5, 18, -1, -1]], "target_index": 35, "target_rc": [2, 11], "target_value": 39, "confidence": 0.9628874035826809, "module_label": "A5"}