{"grid": [[74, 53, -1, -1, 58, -1, 3, 43, -1, 80, 111, -1], [-1, 62, -1, 99, -1, -1, -1, 2, -1, -1, 26, -1], [116, -1, 38, 54, -1, -1, -1, 100, -1, 104, -1, -1], [-1, -1, -1, -1, 77, 85, 61, 15, 48, -1, -1, 5], [36, 45, -1, 9, -1, 102, -1, 118, 91, -1, -1, -1], [103, 98, -1, -1, -1, 52, -1, 120, 76, 97, -1, 21], [108, 37, -1, -1, -1, -1, -1, 106, -1, 8, -1, -1], [25, 114, 46, 14, 31, -1, 35, -1, -1, 27, -1, -1], [-1, 32, 72, 47, 87, -1, -1, 71, 68, -1, 79, -1], [60, 86, 89, 115, -1, -1, 4, 7, 107, -1, -1, -1]], "target_index": 12, "target_rc": [1, 0], "target_value": 117, "confidence": 0.8547358306223761, "module_label": "M2"}