{"grid": [[18, 101, 37, 115, -1, -1, 117, -1, 2, 48, 27, 21], [26, -1, -1, -1, -1, -1, -1, 103, -1, 33, 94, -1], [-1, -1, -1, 112, -1, -1, 100, 1, -1, -1, 63, 80], [87, 30, 75, 99, 4, 40, 36, -1, -1, 77, 90, -1], [-1, -1, -1, 59, -1, 65, 107, -1, 7, 6, -1, -1], [-1, 62, 68, -1, 79, 104, -1, 93, 96, 106, -1, 16], [85, -1, 97, 114, -1, 67, 61, 116, -1, 120, 71, -1], [-1, -1, -1, -1, -1, 60, -1, 73, -1, -1, 69, 118], [-1, 9, -1, -1, -1, -1, 8, 89, 23, -1, -1, -1], [13, -1, 74, -1, -1, -1, -1, -1, 78, -1, 86, -1]], "target_index": 29, "target_rc": [2, 5], "target_value": 82, "confidence": 0.9272632333210131, "module_label": "M2"}