{"grid": [[-1, 14, 86, 95, -1, -1, 81, -1, -1, -1, 16, 52], [-1, -1, -1, 107, -1, 10, 104, 54, -1, 91, -1, 80], [-1, -1, -1, -1, 51, 42, -1, 98, 17, 78, -1, -1], [92, -1, 103, -1, 87, 77, 93, 74, -1, -1, -1, -1], [71, -1, 15, 68, -1, 65, -1, 43, -1, 75, -1, 23], [-1, 32, -1, -1, 22, -1, 110, -1, 60, -1, 30, -1], [70, 64, -1, -1, 28, -1, 83, 105, -1, 26, 59, -1], [50, 56, 21, -1, -1, -1, 69, -1, -1, 100, -1, -1], [-1, -1, -1, 4, 5, -1, 48, 44, -1, -1, 13, 12], [-1, 118, 102, -1, 53, 73, -1, -1, 117, 29, 63, -1]], "target_index": 24, "target_rc": [2, 0], "target_value": 101, "confidence": 0.9339355290441108, "module_label": "A8"}