{"grid": [[-1, -1, 30, 37, -1, 65, 53, -1, -1, 85, 69, -1], [28, 97, -1, 103, -1, -1, 20, 17, -1, 29, 82, 48], [-1, -1, 38, -1, 54, 84, 111, 73, -1, 61, 91, -1], [-1, -1, 45, -1, -1, 81, -1, 40, 104, 2, 108, -1], [87, -1, 34, -1, -1, -1, -1, -1, 94, 72, -1, 21], [-1, -1, 120, 74, 39, 109, 25, -1, -1, -1, -1, 44], [-1, 78, 46, 9, 92, -1, -1, 10, -1, -1, -1, 117], [50, -1, 98, -1, -1, -1, -1, -1, -1, -1, 47, 58], [-1, -1, -1, -1, 7, -1, 27, -1, -1, -1, 1, -1], [-1, 32, 93, 43, -1, -1, 59, 60, 77, 51, 79, 112]], "target_index": 77, "target_rc": [6, 5], "target_value": 90, "confidence": 0.8388011284330221, "module_label": "A5"}