{"grid": [[-1, -1, 70, 33, 55, 67, 42, 96, 43, 69, 48, 94], [-1, -1, -1, 60, -1, 88, 32, 113, -1, -1, -1, 99], [-1, 61, -1, 62, 6, 80, -1, 102, -1, -1, 107, -1], [-1, -1, -1, 56, -1, -1, -1, 111, -1, -1, -1, 4], [-1, -1, 3, 78, 1, -1, -1, 26, -1, -1, -1, -1], [-1, -1, -1, 5, -1, -1, -1, -1, -1, 25, -1, 104], [15, 40, 39, 13, -1, 9, 21, -1, 79, 87, 23, -1], [12, 92, 68, 91, 46, -1, 10, -1, 31, -1, -1, -1], [-1, -1, 29, -1, 24, 74, -1, -1, -1, 93, -1, 101], [59, 105, 109, -1, 34, 103, 2, 73, -1, -1, -1, 63]], "target_index": 30, "target_rc": [2, 6], "target_value": 108, "confidence": 0.8233744289426691, "module_label": "A8"}