{"grid": [[-1, -1, -1, 108, -1, 36, 52, -1, 10, -1, -1, -1], [107, 96, -1, -1, -1, 70, -1, 30, 41, -1, 2, 63], [20, -1, 40, -1, 101, -1, -1, 8, 18, -1, -1, 68], [86, 57, -1, -1, -1, 77, -1, 114, -1, -1, 43, 116], [-1, 31, 65, -1, 64, -1, 56, -1, -1, 60, -1, 81], [24, 72, 50, 11, -1, -1, 105, -1, -1, -1, -1, -1], [118, -1, 23, 100, 5, -1, 14, 71, 66, -1, 27, 119], [13, 55, 95, 32, 74, -1, -1, 42, 3, 54, -1, -1], [98, -1, 102, -1, 47, 44, -1, -1, -1, -1, 26, -1], [-1, 15, -1, 21, -1, -1, -1, 28, -1, 1, -1, -1]], "target_index": 25, "target_rc": [2, 1], "target_value": 58, "confidence": 0.8078646033213681, "module_label": "M2"}