{"grid": [[-1, -1, 116, 108, -1, -1, -1, 85, -1, 67, 120, 51], [-1, -1, -1, -1, 78, -1, 104, 59, 119, -1, 43, -1], [106, -1, -1, -1, -1, -1, 79, 74, -1, 5, 15, 21], [-1, 1, 42, 75, 44, 54, 113, -1, 72, 6, -1, -1], [98, -1, 117, -1, 32, 114, 110, -1, -1, 47, -1, -1], [111, -1, 36, 23, -1, -1, 25, -1, -1, 33, -1, -1], [-1, 88, 63, 66, -1, -1, 53, -1, 91, 48, -1, -1], [-1, -1, -1, 56, 90, -1, -1, -1, 87, -1, 35, 9], [100, -1, -1, -1, 38, 57, -1, -1, 40, 41, -1, 101], [60, 19, 39, 26, -1, -1, -1, -1, 50, 97, 84, -1]], "target_index": 99, "target_rc": [8, 3], "target_value": 28, "confidence": 0.9751907392349749, "module_label": "A8"}