{"grid": [[19, -1, -1, 94, 116, 16, 89, 26, -1, 118, -1, 80], [-1, -1, 93, 75, -1, 5, 69, 35, 6, -1, -1, 62], [54, -1, 104, 42, -1, 3, 90, 20, -1, -1, -1, -1], [-1, 81, 37, -1, 34, -1, 109, -1, 112, 99, -1, 53], [68, -1, 61, -1, -1, 48, 71, -1, 47, -1, 17, 65], [-1, -1, 107, 92, 38, 82, 23, -1, -1, 40, -1, -1], [-1, 88, 27, 50, -1, -1, 97, 36, -1, -1, 86, -1], [-1, -1, 100, -1, -1, -1, -1, -1, -1, -1, -1, 11], [-1, 66, -1, -1, 117, -1, -1, -1, 49, -1, 14, 98], [-1, 21, -1, 105, -1, 13, -1, -1, 51, 113, 85, -1]], "target_index": 33, "target_rc": [2, 9], "target_value": 25, "confidence": 0.9372748496081043, "module_label": "A5"}