{"grid": [[-1, -1, -1, 3, 119, 17, -1, -1, -1, -1, 29, -1], [18, -1, -1, 5, -1, 85, -1, -1, -1, 66, 120, 69], [76, 14, 102, 77, -1, -1, -1, 110, 67, -1, 78, 68], [108, 10, -1, 98, 105, -1, 52, -1, -1, -1, 104, -1], [58, -1, 64, -1, 113, -1, 87, 101, -1, 39, -1, -1], [-1, -1, -1, 82, 65, 48, -1, -1, 54, -1, 7, 47], [60, 88, -1, 74, -1, -1, -1, 42, -1, 36, -1, 81], [112, 62, 59, -1, 40, -1, 4, -1, 56, 79, 90, -1], [25, -1, -1, 50, -1, 45, 32, -1, 84, -1, -1, 106], [-1, 13, 6, -1, -1, -1, 115, -1, 19, -1, -1, -1]], "target_index": 20, "target_rc": [1, 8], "target_value": 72, "confidence": 0.800352058064991, "module_label": "A5"}