{"grid": [[82, -1, 24, 94, -1, -1, -1, 54, 105, 116, 13, -1], [52, -1, 32, 19, -1, -1, 89, 64, 9, -1, -1, -1], [-1, 16, 40, -1, -1, -1, 35, -1, -1, -1, -1, -1], [23, -1, -1, -1, 63, 120, 29, 76, -1, -1, 25, -1], [-1, 37, -1, -1, 102, -1, -1, 60, -1, -1, 91, -1], [114, 115, 86, 20, 6, 49, 80, 68, 36, -1, 41, -1], [59, 110, 113, 79, 11, -1, -1, 118, 30, -1, -1, 96], [34, 10, -1, 47, 55, -1, -1, -1, 4, 33, -1, -1], [-1, 18, -1, -1, -1, -1, 75, 74, -1, 17, -1, -1], [-1, 1, -1, -1, -1, 27, -1, 45, 93, 12, 85, -1]], "target_index": 71, "target_rc": [5, 11], "target_value": 112, "confidence": 0.8784624216086757, "module_label": "M2"}