{"grid": [[-1, 98, -1, -1, -1, -1, 3, -1, 97, 104, 21, 76], [-1, 63, 83, 2, 24, 34, -1, -1, -1, -1, -1, -1], [-1, -1, -1, -1, 25, 59, 41, -1, -1, 35, 102, -1], [91, -1, 116, 103, -1, -1, -1, 22, 62, 107, -1, -1], [37, -1, 74, 56, -1, 33, -1, -1, 52, 77, -1, 54], [-1, -1, 43, -1, -1, -1, -1, 11, 16, 119, -1, 31], [120, 8, 58, -1, -1, 70, 80, 1, -1, 112, 4, -1], [20, -1, 5, 100, -1, 51, 113, -1, 110, -1, -1, -1], [-1, 84, 29, 81, 94, 109, -1, -1, -1, 78, -1, 10], [64, 39, 111, -1, 23, 79, -1, -1, -1, -1, -1, -1]], "target_index": 40, "target_rc": [3, 4], "target_value": 13, "confidence": 0.9695079181029581, "module_label": "M2"}