{"grid": [[117, -1, 78, -1, -1, -1, -1, 57, 3, -1, 77, 104], [27, 98, -1, 94, -1, -1, -1, -1, 102, -1, 116, -1], [53, -1, 14, -1, -1, -1, 95, 87, 85, -1, -1, 9], [62, -1, -1, -1, 61, -1, -1, -1, 47, -1, 59, 34], [64, 36, -1, -1, 79, 5, 96, 105, 11, -1, -1, -1], [80, 39, -1, 10, 24, -1, 74, -1, -1, -1, -1, 29], [71, 63, -1, 38, -1, -1, 16, 26, -1, -1, -1, 32], [-1, -1, 31, -1, 107, 6, 46, -1, -1, 65, -1, 69], [22, -1, -1, 44, -1, -1, 60, 35, 37, 43, 17, 40], [45, 41, -1, 106, -1, 83, -1, -1, -1, -1, 75, -1]], "target_index": 16, "target_rc": [1, 4], "target_value": 19, "confidence": 0.9997104556578882, "module_label": "A5"}