{"grid": [[1, 102, 21, -1, -1, -1, -1, -1, 73, 60, -1, -1], [-1, 3, 83, 115, 53, 54, 27, -1, 33, -1, 45, 84], [-1, -1, 70, 74, 7, -1, 6, 30, 75, 118, 52, -1], [-1, 55, -1, -1, -1, -1, 112, 113, -1, -1, -1, 13], [19, 49, 94, 99, -1, -1, 46, -1, -1, 51, -1, 16], [-1, -1, -1, 39, 107, -1, -1, -1, -1, -1, 47, 61], [28, 77, -1, -1, -1, 59, 8, -1, -1, 98, 48, 69], [86, 15, -1, -1, -1, -1, 44, -1, -1, 50, 89, 95], [22, -1, 106, -1, -1, 119, -1, 14, 34, -1, 97, -1], [71, -1, -1, 65, -1, -1, 116, -1, 40, -1, -1, -1]], "target_index": 5, "target_rc": [0, 5], "target_value": 80, "confidence": 0.9003408585742119, "module_label": "A5"}