{"grid": [[-1, 114, 28, 64, -1, 14, 16, -1, -1, -1, 56, 33], [-1, -1, 38, 25, 94, -1, 104, -1, 17, 18, 84, 47], [-1, -1, -1, -1, 60, -1, 5, 117, 98, -1, -1, -1], [-1, 102, -1, 116, -1, 99, 51, 53, -1, -1, -1, 35], [-1, 78, 23, 63, -1, -1, -1, -1, 39, 27, -1, -1], [67, -1, 43, -1, 29, 85, -1, 24, -1, 93, 19, -1], [-1, -1, -1, 73, -1, 58, 50, -1, 65, 111, -1, -1], [-1, -1, -1, 109, -1, -1, 22, 112, 79, 61, 15, 107], [81, -1, 68, -1, 80, 54, -1, -1, -1, 44, -1, 34], [-1, -1, 48, -1, 101, -1, 71, -1, -1, 69, -1, 45]], "target_index": 0, "target_rc": [0, 0], "target_value": 21, "confidence": 0.9421474985677311, "module_label": "M2"}