{"grid": [[83, 104, -1, -1, -1, -1, -1, 120, -1, 29, 31, -1], [62, 85, -1, -1, -1, 36, -1, 76, 43, 111, 100, -1], [-1, 32, -1, -1, -1, -1, -1, -1, 53, 94, -1, -1], [-1, -1, -1, 52, -1, 89, -1, 70, -1, -1, 10, 98], [-1, -1, -1, 84, -1, 30, 95, 119, -1, -1, 81, 97], [-1, -1, 67, -1, -1, -1, -1, -1, -1, -1, 116, 64], [109, 105, 42, -1, 54, -1, 74, 115, 7, 37, 44, -1], [-1, -1, -1, 3, 58, 78, -1, 82, 80, 110, 118, 108], [38, 25, -1, -1, 63, 68, 23, -1, 13, 8, -1, -1], [11, 26, -1, -1, -1, -1, -1, 22, 86, 47, 90, 6]], "target_index": 66, "target_rc": [5, 6], "target_value": 33, "confidence": 0.9786680899864632, "module_label": "M2"}