{"grid": [[57, -1, 40, -1, -1, 87, 94, -1, 74, 36, -1, -1], [107, 86, 120, -1, -1, 92, -1, -1, 41, 63, 38, 118], [-1, -1, 98, -1, 100, 45, 29, 56, 34, -1, 76, 119], [62, -1, -1, -1, 75, -1, -1, 9, -1, -1, -1, -1], [-1, 82, 79, 110, -1, 42, 85, 114, -1, -1, -1, 49], [68, -1, -1, -1, -1, 55, -1, -1, 20, 102, 60, -1], [-1, -1, 16, -1, -1, 71, -1, 33, 116, -1, -1, 32], [77, -1, -1, -1, -1, -1, -1, 113, 1, 80, -1, -1], [78, 10, 103, -1, -1, 95, 66, -1, -1, -1, 27, 22], [-1, -1, 84, -1, 30, -1, 2, -1, 13, 104, 91, 59]], "target_index": 58, "target_rc": [4, 10], "target_value": 18, "confidence": 0.8546621502230206, "module_label": "M2"}