{"grid": [[88, -1, -1, -1, -1, 77, 57, 87, 65, 10, -1, 3], [46, 42, -1, 19, -1, 89, -1, -1, -1, 104, -1, 48], [15, 16, 45, -1, 60, 86, 112, -1, -1, -1, 109, -1], [39, -1, -1, -1, 17, -1, 76, 30, 40, 5, -1, 119], [-1, -1, 74, 118, 49, 37, -1, -1, -1, -1, 84, -1], [61, -1, 95, -1, -1, -1, -1, -1, -1, 27, 34, 59], [29, -1, 24, -1, -1, 78, 91, 1, -1, -1, 71, 94], [-1, 14, -1, -1, 98, 13, 56, 102, -1, 72, -1, 32], [-1, 106, -1, 4, -1, 23, -1, 51, -1, -1, 70, -1], [12, -1, -1, 63, 110, -1, -1, -1, -1, -1, -1, 6]], "target_index": 55, "target_rc": [4, 7], "target_value": 31, "confidence": 0.8724565218828904, "module_label": "M8"}