{"grid": [[110, 112, 83, 42, 101, 103, -1, -1, -1, -1, 119, -1], [48, -1, -1, -1, 2, 89, 91, 34, 19, 73, -1, -1], [109, -1, 114, -1, 28, -1, -1, -1, 116, 87, -1, 118], [-1, -1, -1, -1, -1, 70, -1, 21, 10, -1, -1, -1], [-1, -1, -1, 85, -1, 99, 27, 106, -1, 60, -1, -1], [66, 40, 20, -1, 93, 80, 51, -1, -1, 61, -1, -1], [-1, 50, -1, 86, -1, -1, 95, 72, -1, 45, 44, -1], [88, 68, 97, 35, -1, 46, -1, 7, 31, -1, -1, -1], [-1, 84, -1, -1, -1, 120, -1, 65, -1, -1, -1, 69], [-1, -1, 22, 74, 94, 104, -1, 39, 15, -1, 67, 59]], "target_index": 6, "target_rc": [0, 6], "target_value": 76, "confidence": 0.8661007949486351, "module_label": "M8"}