{"grid": [[103, -1, -1, 57, 118, -1, 101, -1, -1, 62, -1, 61], [23, 102, -1, -1, -1, -1, -1, -1, -1, -1, 21, -1], [-1, -1, 120, 95, -1, 16, -1, 84, 41, -1, -1, -1], [74, 68, -1, 94, -1, 117, 4, 13, -1, -1, 17, 106], [-1, -1, 60, -1, -1, 113, 90, 100, 32, 119, 77, -1], [-1, -1, -1, -1, 24, -1, -1, 78, -1, 18, 5, 7], [14, 104, 29, 22, -1, -1, -1, 44, 83, 89, -1, -1], [-1, 54, 25, -1, 3, 110, -1, 56, -1, 28, 72, 26], [-1, 12, 9, -1, -1, 30, 71, -1, 58, -1, -1, -1], [98, 48, 52, -1, 76, 6, -1, -1, -1, 92, -1, -1]], "target_index": 83, "target_rc": [6, 11], "target_value": 70, "confidence": 0.8156372663557063, "module_label": "A8"}