{"grid": [[66, 118, 36, 1, 83, -1, 24, 17, -1, -1, -1, 42], [-1, -1, -1, -1, 53, -1, 114, -1, 11, -1, 67, 77], [-1, 31, 103, 94, -1, 23, 3, -1, -1, 35, 27, 59], [2, -1, 86, 85, 10, -1, 100, -1, 117, 89, -1, 64], [32, -1, -1, 15, 28, 101, -1, 63, 18, -1, -1, -1], [-1, -1, -1, 110, -1, -1, -1, 7, 73, -1, -1, 97], [-1, -1, 79, 115, 5, -1, 46, -1, 30, -1, 87, -1], [34, -1, -1, -1, 47, 80, -1, -1, -1, 82, 81, -1], [43, 98, 37, -1, -1, 49, 8, -1, -1, -1, -1, -1], [-1, 29, -1, -1, -1, 50, 25, -1, 12, -1, 19, -1]], "target_index": 79, "target_rc": [6, 7], "target_value": 22, "confidence": 0.9133817520591347, "module_label": "A5"}