{"grid": [[22, -1, 59, 99, 20, 17, -1, -1, -1, 108, -1, 80], [69, 86, 16, 51, -1, -1, -1, -1, -1, 64, 42, 53], [90, -1, 76, -1, 97, 55, 38, 105, 4, -1, -1, 100], [-1, 102, 31, -1, -1, -1, 95, -1, -1, -1, 119, -1], [-1, -1, 109, 43, -1, 81, 112, -1, 113, -1, -1, -1], [12, 13, 3, 21, 14, -1, -1, -1, -1, 91, 107, -1], [-1, 37, -1, 30, -1, -1, 63, 117, -1, 26, -1, -1], [82, -1, 40, 73, -1, 116, 79, -1, -1, -1, 15, -1], [88, -1, 35, 62, 41, -1, -1, 89, -1, 101, -1, -1], [-1, 106, 50, -1, -1, 96, 77, 36, -1, -1, -1, -1]], "target_index": 116, "target_rc": [9, 8], "target_value": 74, "confidence": 0.8345724803917436, "module_label": "A8"}