{"grid": [[3, 12, -1, 88, -1, 10, -1, -1, 51, -1, -1, 35], [-1, 76, 40, -1, 90, -1, -1, 115, -1, 86, -1, 55], [1, 7, 5, 85, 96, 21, 31, -1, -1, 13, 16, 17], [-1, -1, -1, 113, 100, -1, 29, -1, -1, 24, -1, 102], [72, 118, -1, 70, 59, 65, 58, -1, -1, 107, 42, -1], [-1, 75, -1, 92, -1, -1, 79, 112, -1, 52, 104, 62], [49, -1, -1, -1, -1, -1, 6, -1, -1, 54, -1, -1], [111, 71, -1, -1, -1, 119, -1, 63, 9, -1, -1, -1], [-1, 19, 38, -1, 97, -1, 56, -1, -1, 32, 95, -1], [-1, -1, 66, -1, -1, 47, -1, -1, 28, -1, 44, -1]], "target_index": 82, "target_rc": [6, 10], "target_value": 34, "confidence": 0.9082736395557186, "module_label": "A5"}