{"grid": [[-1, -1, -1, 107, 29, -1, -1, 9, -1, -1, 47, -1], [61, 45, 7, -1, -1, -1, -1, 79, 73, 67, -1, -1], [36, 2, 42, 84, 65, 28, 14, 53, -1, 22, 80, -1], [60, -1, 109, 115, 16, 48, 102, 66, 118, -1, -1, 27], [-1, 26, 83, -1, -1, 35, 5, -1, -1, -1, -1, 40], [120, -1, 87, 106, 39, -1, 23, -1, 24, 37, -1, 44], [-1, -1, -1, -1, 25, -1, -1, -1, 58, -1, 34, 96], [21, 74, 112, 1, -1, -1, -1, 62, 89, -1, -1, 64], [-1, 50, 55, -1, 76, -1, -1, 8, -1, -1, 20, -1], [-1, -1, -1, -1, 33, -1, -1, -1, -1, -1, 94, -1]], "target_index": 111, "target_rc": [9, 3], "target_value": 82, "confidence": 0.821835262296852, "module_label": "A5"}