{"grid": [[-1, 40, 63, 34, -1, 87, 48, -1, 85, -1, -1, -1], [105, 35, -1, -1, 39, -1, -1, -1, -1, -1, -1, 61], [86, 69, -1, 58, -1, -1, -1, 19, 25, -1, -1, 55], [-1, -1, 50, -1, -1, -1, 99, 52, 43, -1, 74, -1], [79, 56, 84, 117, 46, -1, -1, -1, -1, 66, -1, -1], [70, 95, 8, 100, -1, -1, 5, -1, 92, 76, 10, -1], [44, 78, 67, -1, -1, 24, 47, 90, 7, -1, -1, -1], [-1, 31, 98, -1, 59, 21, -1, 23, -1, 115, -1, -1], [81, -1, 27, -1, -1, 89, -1, 112, 72, 113, -1, 33], [-1, -1, 32, -1, -1, 2, 80, 53, -1, -1, -1, 41]], "target_index": 116, "target_rc": [9, 8], "target_value": 103, "confidence": 0.9914069275150911, "module_label": "A8"}