{"grid": [[73, -1, 59, 115, -1, -1, -1, -1, -1, 74, 114, 103], [63, 42, -1, -1, -1, 99, 25, 28, 44, -1, -1, -1], [21, 90, 53, 35, -1, -1, -1, -1, -1, 30, 87, -1], [66, -1, 67, -1, -1, 106, -1, 5, -1, 118, 38, -1], [8, -1, 9, 49, -1, -1, -1, 47, 20, -1, 85, 36], [37, 12, -1, 34, -1, -1, 94, -1, 40, 56, -1, -1], [-1, -1, 26, -1, 48, -1, -1, -1, -1, 97, 14, 29], [61, -1, 4, -1, 41, -1, 39, -1, 91, 109, -1, 93], [-1, 15, 76, -1, -1, -1, 2, -1, 72, 96, -1, -1], [7, 110, 101, -1, 23, -1, 119, -1, -1, -1, -1, 31]], "target_index": 75, "target_rc": [6, 3], "target_value": 45, "confidence": 0.9900906012381684, "module_label": "A8"}