{"grid": [[-1, -1, 45, 55, 35, -1, 3, 84, 73, 75, -1, -1], [94, -1, -1, -1, 30, 77, -1, 112, -1, 95, -1, -1], [15, -1, 105, 47, 7, -1, -1, -1, 49, -1, 34, -1], [81, -1, -1, -1, -1, 8, -1, -1, 117, 51, 31, 10], [-1, 32, -1, -1, -1, -1, 90, -1, -1, 119, 65, -1], [106, 64, -1, -1, 28, 33, 91, -1, 63, -1, -1, -1], [52, -1, 46, -1, 18, 50, 101, 1, 6, -1, 69, -1], [114, 29, 116, -1, -1, 57, -1, -1, 20, 27, -1, -1], [66, -1, 107, 44, 98, -1, -1, 100, -1, -1, 39, -1], [108, 78, -1, -1, 92, -1, -1, 113, 54, 23, -1, -1]], "target_index": 56, "target_rc": [4, 8], "target_value": 97, "confidence": 0.9454992241706371, "module_label": "M8"}