{"grid": [[94, -1, 89, -1, 60, 71, -1, 46, 16, -1, -1, 78], [-1, 114, 92, -1, -1, 51, -1, 35, 58, 111, 25, 8], [-1, 80, 75, 14, 77, -1, 45, -1, 116, -1, -1, -1], [22, -1, -1, 11, -1, -1, 28, -1, -1, -1, 13, 50], [-1, 67, -1, 104, 44, -1, -1, 84, -1, -1, -1, 109], [29, -1, 91, -1, -1, 27, -1, -1, -1, 12, 57, -1], [-1, 112, 38, -1, 62, 15, -1, -1, 5, -1, -1, -1], [93, -1, -1, -1, 4, 119, 76, 42, -1, -1, 6, 79], [-1, -1, -1, -1, 105, -1, 49, 96, -1, 18, 41, 61], [54, -1, 1, 47, 53, -1, -1, -1, -1, 31, 68, -1]], "target_index": 71, "target_rc": [5, 11], "target_value": 30, "confidence": 0.9731431694825174, "module_label": "M2"}