{"grid": [[43, -1, -1, 110, 40, 67, 27, -1, -1, -1, 41, -1], [109, -1, -1, 100, 68, -1, -1, -1, -1, 79, 96, -1], [-1, -1, -1, -1, 70, -1, 52, 61, -1, -1, 5, 9], [48, 56, -1, 35, 112, -1, 21, -1, -1, -1, -1, 119], [101, 114, 28, -1, -1, -1, -1, 26, -1, -1, -1, -1], [-1, -1, 113, -1, -1, -1, 10, 31, -1, -1, -1, -1], [-1, -1, 22, 120, 46, -1, 37, 6, -1, 24, -1, 58], [73, 53, 102, 95, -1, -1, -1, 39, 17, 11, 23, 86], [69, -1, 75, -1, 108, -1, 76, -1, 20, -1, 105, 13], [71, 118, 47, -1, 98, 89, -1, 83, -1, 62, -1, 30]], "target_index": 97, "target_rc": [8, 1], "target_value": 51, "confidence": 0.9421480159808928, "module_label": "M8"}