{"grid": [[112, -1, 52, -1, 102, 101, -1, -1, 30, -1, -1, 63], [45, -1, 29, -1, -1, 57, 80, 38, -1, 65, -1, 64], [23, -1, 48, -1, 75, -1, -1, -1, -1, -1, -1, -1], [47, 85, 25, 76, -1, -1, -1, -1, -1, 53, 50, 81], [-1, 107, -1, -1, 13, 97, 120, 35, 24, 94, -1, -1], [-1, -1, 72, -1, -1, -1, -1, -1, 2, 78, 27, -1], [106, -1, 77, 31, 26, -1, 119, 33, 88, -1, -1, 14], [89, 91, -1, 58, -1, -1, -1, 39, 56, 11, 44, 68], [-1, 55, -1, -1, -1, 32, -1, -1, -1, 42, 20, 15], [-1, -1, -1, 93, 90, -1, -1, 54, -1, 40, 8, -1]], "target_index": 33, "target_rc": [2, 9], "target_value": 18, "confidence": 0.8413204171596737, "module_label": "A8"}