{"grid": [[-1, 34, -1, 9, -1, -1, -1, -1, 110, -1, -1, 79], [-1, 72, -1, -1, 86, 111, 40, 57, -1, 120, 46, -1], [91, -1, 114, 22, -1, -1, 80, 20, 58, -1, -1, -1], [56, -1, 16, -1, 27, -1, -1, 52, -1, 97, 63, 38], [44, -1, 4, -1, -1, 8, 50, -1, 25, -1, 61, 15], [6, 104, -1, -1, 23, -1, -1, 119, -1, -1, -1, -1], [36, 21, -1, 55, 68, -1, 2, -1, -1, -1, -1, 87], [-1, -1, 19, 32, -1, 83, 7, 94, 116, 41, 77, 89], [118, -1, -1, -1, -1, 103, -1, -1, 76, -1, 29, -1], [74, 54, 48, 69, -1, -1, -1, 81, -1, -1, -1, 71]], "target_index": 62, "target_rc": [5, 2], "target_value": 17, "confidence": 0.9282493595483751, "module_label": "A5"}