{"grid": [[-1, -1, -1, 11, -1, 112, -1, -1, -1, 118, -1, -1], [44, -1, -1, -1, -1, -1, -1, -1, 55, 24, 117, -1], [40, 48, -1, -1, 46, -1, -1, 63, 31, -1, -1, -1], [-1, -1, 32, 7, -1, -1, -1, 89, -1, 37, 47, -1], [90, 70, 84, 88, 42, -1, 74, 16, -1, -1, 116, 105], [91, -1, 65, -1, -1, -1, -1, -1, -1, 82, 60, -1], [78, 75, -1, -1, 108, 107, -1, -1, 111, 58, 29, -1], [-1, -1, 113, 28, -1, 97, 101, 103, 120, -1, 15, 34], [-1, 19, -1, 66, 69, 33, 104, 59, 21, 109, 64, -1], [-1, -1, 51, -1, 76, 25, 49, -1, -1, 52, 106, -1]], "target_index": 8, "target_rc": [0, 8], "target_value": 83, "confidence": 0.9689742676698676, "module_label": "A8"}