{"grid": [[-1, 28, 115, -1, 49, 53, 104, 14, -1, 63, -1, -1], [8, -1, 91, -1, 99, 79, 30, -1, 31, 12, -1, 113], [80, -1, -1, 108, -1, -1, -1, 106, 65, 41, -1, -1], [-1, -1, 18, 19, -1, 58, 15, -1, -1, 21, -1, -1], [-1, -1, -1, -1, 109, -1, 84, -1, -1, 26, 95, 100], [-1, 48, 38, 27, 42, -1, 29, -1, -1, 66, -1, -1], [-1, -1, -1, -1, 83, 16, -1, 46, 110, -1, 93, -1], [-1, 55, 72, -1, 64, 97, 36, -1, -1, -1, -1, 62], [87, -1, 74, -1, 9, -1, 73, 10, 98, -1, 50, -1], [45, -1, 61, 105, -1, 103, 34, -1, -1, -1, -1, 7]], "target_index": 3, "target_rc": [0, 3], "target_value": 23, "confidence": 0.9511810837380376, "module_label": "M2"}