{"grid": [[-1, 9, -1, 19, 34, 33, 105, -1, -1, 81, -1, 27], [56, 84, -1, 39, -1, 14, -1, 46, 79, -1, -1, -1], [-1, -1, -1, 90, 104, -1, 82, 59, -1, -1, 25, 28], [88, -1, 37, 49, -1, 110, 74, 119, -1, -1, -1, -1], [53, 63, -1, -1, -1, 112, 78, -1, 61, -1, -1, 18], [72, -1, 115, 65, 100, 73, -1, -1, -1, 62, 116, 107], [-1, 57, -1, 32, -1, -1, 94, 5, -1, -1, 99, -1], [-1, -1, 93, -1, -1, 16, 77, -1, -1, -1, 15, -1], [-1, -1, 12, 3, -1, 13, -1, 109, -1, -1, -1, -1], [-1, 113, -1, -1, 20, 85, 70, 83, 95, 60, -1, 51]], "target_index": 68, "target_rc": [5, 8], "target_value": 48, "confidence": 0.9327197974663648, "module_label": "A5"}