{"grid": [[11, -1, 16, 38, -1, -1, -1, 30, 58, -1, -1, -1], [60, 116, -1, 111, 19, -1, -1, -1, 18, -1, 20, 51], [79, 90, -1, 82, -1, -1, 95, -1, -1, -1, 114, 105], [-1, 96, 46, 100, 104, -1, -1, 37, 108, 7, 74, -1], [-1, 77, 29, -1, 53, 83, -1, -1, 4, 69, 47, 71], [70, 28, 109, 117, -1, 42, 35, 65, -1, 93, -1, -1], [78, 50, -1, 99, -1, 27, 1, -1, -1, -1, -1, -1], [17, -1, 107, 80, 22, 26, 75, -1, -1, -1, -1, -1], [101, -1, -1, 48, 41, -1, 32, -1, 34, -1, -1, -1], [21, -1, -1, -1, -1, -1, -1, 2, -1, -1, -1, -1]], "target_index": 95, "target_rc": [7, 11], "target_value": 6, "confidence": 0.9388249075198031, "module_label": "M8"}