{"grid": [[-1, -1, -1, -1, 60, 106, -1, -1, 3, 18, 107, 33], [114, -1, -1, 37, 115, 66, -1, 27, -1, 56, -1, 30], [26, 102, -1, -1, 20, 8, 110, -1, -1, -1, -1, -1], [82, -1, -1, -1, -1, -1, 29, 93, 32, -1, -1, -1], [-1, 79, 9, 112, 81, 70, -1, -1, 86, 6, 67, 57], [119, -1, -1, -1, -1, 69, -1, -1, 83, -1, 51, -1], [117, 120, 75, 11, -1, 47, 55, -1, 113, -1, 78, 98], [-1, 80, -1, -1, 38, -1, -1, -1, -1, 45, 15, 54], [-1, -1, 91, 85, 61, -1, -1, 42, 87, 22, 96, 71], [-1, 34, 77, 7, -1, -1, -1, -1, -1, -1, -1, -1]], "target_index": 113, "target_rc": [9, 5], "target_value": 31, "confidence": 0.8615812728485495, "module_label": "A5"}