{"grid": [[-1, -1, 36, 17, -1, -1, -1, 22, -1, -1, -1, 112], [29, 113, -1, 59, -1, -1, 46, -1, 96, 91, 11, -1], [106, -1, -1, 72, -1, 97, -1, -1, 4, 49, -1, 56], [98, -1, -1, -1, -1, -1, 114, -1, 120, 54, -1, -1], [86, -1, -1, 15, -1, 100, 77, 20, 5, -1, -1, -1], [-1, 79, 88, 14, -1, 68, 32, 55, -1, -1, 73, 94], [67, 81, 10, -1, 25, -1, 16, 6, 28, 51, 60, 30], [-1, 12, -1, -1, 105, -1, 108, -1, -1, -1, -1, -1], [-1, 70, -1, 101, -1, -1, 90, 118, 99, -1, 69, 45], [-1, -1, -1, 80, -1, 89, -1, 40, 111, -1, -1, 52]], "target_index": 40, "target_rc": [3, 4], "target_value": 23, "confidence": 0.8251308227476942, "module_label": "M2"}