{"grid": [[6, 118, 98, 43, 37, -1, -1, -1, 85, -1, 44, 21], [-1, 5, 11, 10, -1, -1, -1, 24, 25, 76, -1, 41], [88, 86, -1, -1, 49, -1, -1, -1, -1, -1, 69, -1], [-1, -1, -1, 31, 13, 52, 19, 59, -1, -1, 68, 29], [38, 97, -1, 48, 1, -1, -1, -1, -1, 110, -1, 23], [105, -1, -1, 82, -1, 72, 75, 47, 46, -1, 70, -1], [100, -1, -1, 57, 22, -1, -1, 8, 60, -1, 53, -1], [-1, -1, -1, 54, 28, -1, -1, 65, 20, -1, -1, 2], [-1, 106, 62, -1, 67, -1, -1, -1, -1, 77, 103, 93], [-1, -1, 71, -1, -1, -1, -1, -1, 83, -1, 32, 84]], "target_index": 96, "target_rc": [8, 0], "target_value": 9, "confidence": 0.876548773905834, "module_label": "M2"}