{"grid": [[46, -1, -1, 16, 118, 30, -1, 100, 117, 107, -1, -1], [-1, -1, -1, -1, -1, -1, -1, -1, -1, 73, -1, 109], [112, -1, -1, 24, -1, 34, -1, -1, -1, 71, 8, 41], [40, -1, 115, -1, -1, -1, 27, 78, 81, -1, 110, -1], [-1, 59, 97, -1, 56, 74, 92, -1, -1, 36, 94, -1], [26, 19, -1, -1, 54, -1, 102, -1, -1, 93, 2, -1], [105, -1, 85, -1, -1, 76, 111, 28, -1, 42, 18, 77], [79, 29, 9, 95, 103, -1, -1, 47, -1, -1, -1, -1], [-1, 6, 68, -1, -1, -1, -1, -1, 66, 70, 51, -1], [99, 33, 72, 49, 3, 57, 44, -1, -1, -1, -1, -1]], "target_index": 93, "target_rc": [7, 9], "target_value": 119, "confidence": 0.9169917758625022, "module_label": "A8"}