{"grid": [[2, 91, 52, 82, 81, -1, -1, 44, -1, 72, -1, 112], [-1, 29, 21, -1, -1, -1, 110, 53, 115, 40, -1, -1], [107, 25, -1, -1, 94, 88, 10, -1, 119, 26, -1, -1], [-1, -1, 55, -1, 58, 74, -1, -1, -1, -1, 96, -1], [-1, -1, 105, -1, -1, -1, 80, 66, -1, 23, -1, 7], [43, -1, 16, 45, 14, 92, 15, -1, -1, -1, -1, 1], [49, 59, 86, -1, -1, -1, -1, 103, -1, -1, 63, -1], [-1, 27, -1, 118, -1, 8, 3, -1, 32, -1, 101, -1], [-1, 46, 114, -1, -1, 89, -1, -1, 4, -1, 93, 6], [75, 83, -1, 99, 113, -1, 34, -1, -1, 17, -1, -1]], "target_index": 86, "target_rc": [7, 2], "target_value": 41, "confidence": 0.8435553861918043, "module_label": "A5"}