{"grid": [[5, -1, 56, 62, 84, 11, -1, -1, -1, 39, 44, -1], [118, 101, -1, 41, 21, -1, 97, -1, -1, 79, 113, -1], [98, 16, 37, -1, -1, 43, 68, -1, -1, -1, 114, -1], [-1, 82, 69, 57, -1, -1, -1, 95, -1, 48, -1, 12], [-1, -1, 42, -1, -1, 36, -1, -1, -1, -1, -1, 28], [-1, -1, 120, 22, -1, -1, 109, -1, -1, 85, 80, -1], [-1, 77, 51, -1, -1, -1, 92, -1, -1, 46, 87, 73], [38, 76, 108, 13, -1, -1, -1, -1, 3, -1, 59, 33], [-1, -1, 86, 74, 7, -1, -1, -1, -1, 99, 72, 47], [66, 93, -1, 1, 88, -1, 117, -1, 18, 58, -1, -1]], "target_index": 51, "target_rc": [4, 3], "target_value": 29, "confidence": 0.9960188735151566, "module_label": "A8"}