{"grid": [[39, 80, 9, 117, -1, -1, -1, -1, -1, 94, 114, -1], [-1, 99, 52, 10, -1, 37, 48, -1, 44, -1, -1, -1], [-1, 64, 40, -1, -1, -1, 83, 91, 46, 1, -1, 19], [107, -1, 38, 66, 93, -1, 75, -1, 23, 5, 12, -1], [106, -1, 49, 28, 14, -1, -1, 3, -1, -1, -1, -1], [111, 84, -1, -1, 34, -1, -1, 20, 77, -1, -1, 55], [33, -1, -1, -1, -1, -1, 16, 45, 86, -1, 92, 74], [-1, 118, -1, 63, 54, -1, -1, 8, 53, -1, -1, -1], [89, 15, -1, -1, -1, 76, -1, -1, 17, 78, 25, -1], [56, -1, -1, -1, -1, -1, 69, -1, 110, 70, 60, -1]], "target_index": 77, "target_rc": [6, 5], "target_value": 67, "confidence": 0.8476085717543829, "module_label": "A5"}