{"grid": [[-1, -1, -1, -1, 74, 49, 87, 108, 71, 53, 22, 34], [-1, 106, -1, -1, 15, 7, 61, -1, -1, -1, 6, 109], [-1, -1, -1, -1, -1, 14, -1, 2, -1, 27, -1, -1], [111, -1, -1, -1, 93, 116, -1, -1, -1, -1, -1, -1], [-1, -1, 21, 63, -1, -1, -1, -1, 86, 42, 5, 78], [-1, 95, 77, 18, 35, -1, 94, 102, -1, 90, 9, -1], [-1, 19, 33, 83, 97, 79, -1, 110, 119, -1, 101, 4], [-1, 69, 20, -1, -1, 98, 84, 82, -1, -1, 11, 12], [-1, 88, -1, -1, -1, 38, 57, -1, -1, 56, -1, 81], [46, -1, -1, 13, -1, 25, 118, -1, -1, -1, -1, 70]], "target_index": 96, "target_rc": [8, 0], "target_value": 36, "confidence": 0.9549396011778438, "module_label": "M2"}