{"grid": [[88, 1, 29, -1, -1, -1, -1, 56, -1, -1, 85, 41], [81, 79, -1, -1, 105, -1, 23, -1, 76, -1, 30, -1], [16, -1, 47, -1, 13, 39, 24, -1, -1, -1, -1, -1], [-1, -1, -1, 8, -1, 113, -1, -1, -1, -1, -1, 101], [63, 18, -1, 66, 118, -1, -1, -1, -1, 117, 112, -1], [-1, -1, -1, 36, 68, -1, 107, 97, 43, 28, -1, -1], [103, -1, -1, 106, 10, 20, 25, -1, 54, -1, 48, -1], [-1, 70, -1, -1, -1, -1, 22, 119, 60, -1, 58, 98], [-1, -1, 62, -1, 42, 3, 26, 73, -1, -1, 33, -1], [-1, 11, 95, 80, -1, 99, 77, 61, 34, 32, -1, 96]], "target_index": 99, "target_rc": [8, 3], "target_value": 64, "confidence": 0.8201580762501705, "module_label": "M2"}