{"grid": [[72, 110, 67, 107, -1, -1, -1, -1, 38, -1, 28, 90], [50, 83, -1, -1, -1, -1, 61, -1, -1, 46, 22, -1], [3, -1, -1, 111, -1, -1, -1, 112, 84, 60, -1, -1], [-1, 77, -1, -1, -1, 97, 79, -1, -1, -1, 118, 65], [-1, -1, -1, 45, 31, 80, -1, -1, -1, 95, 103, -1], [55, -1, 115, 37, 23, 24, 62, 102, 89, -1, 63, 20], [119, -1, -1, -1, 85, 30, -1, 29, 71, 91, -1, 87], [-1, 21, -1, -1, 100, -1, 74, 33, -1, 73, -1, -1], [-1, 41, 5, 114, -1, -1, -1, -1, -1, 4, -1, -1], [70, -1, 99, -1, -1, 106, 44, 68, 75, -1, -1, 59]], "target_index": 4, "target_rc": [0, 4], "target_value": 42, "confidence": 0.8046920007761383, "module_label": "M2"}