{"grid": [[27, 64, -1, 90, 95, 116, 109, 70, 46, -1, 15, -1], [44, 58, 9, -1, 110, 104, -1, -1, -1, -1, 118, 115], [79, -1, -1, -1, -1, 111, 60, -1, -1, 99, -1, -1], [53, 35, -1, -1, -1, 4, -1, 88, 42, 54, -1, -1], [52, 105, 43, 47, 3, -1, 62, -1, -1, 2, 101, -1], [-1, 66, 38, -1, 22, 68, 21, -1, -1, -1, -1, 48], [-1, -1, -1, -1, 33, 81, 45, -1, -1, 72, 100, -1], [-1, 26, 119, -1, 31, 56, -1, -1, -1, -1, -1, 11], [94, -1, -1, -1, -1, 32, -1, 51, 40, 75, -1, -1], [-1, -1, -1, -1, 120, -1, -1, 82, -1, 102, 78, 12]], "target_index": 72, "target_rc": [6, 0], "target_value": 1, "confidence": 0.9342010015232399, "module_label": "A8"}