{"grid": [[-1, -1, -1, 97, 61, -1, 49, -1, -1, -1, 72, 80], [-1, 112, 12, -1, 77, -1, 115, -1, -1, -1, -1, 50], [6, 107, 21, 60, 82, -1, -1, 4, 96, -1, 74, -1], [73, -1, -1, 40, 5, -1, 68, 22, -1, 13, 69, -1], [41, 103, -1, -1, -1, -1, -1, -1, -1, 108, 120, -1], [18, -1, -1, 36, 95, 90, 28, -1, 98, -1, 100, -1], [104, 53, -1, -1, 105, -1, 32, -1, -1, 109, 57, -1], [46, 94, -1, -1, -1, 44, 7, -1, 106, 117, 116, 9], [-1, -1, 2, 102, 79, -1, -1, -1, -1, 26, 16, -1], [-1, -1, -1, -1, 1, 38, 19, -1, 33, 101, -1, -1]], "target_index": 83, "target_rc": [6, 11], "target_value": 11, "confidence": 0.8161782997823244, "module_label": "M2"}