{"grid": [[-1, -1, 81, -1, 67, -1, 88, 23, 62, -1, -1, -1], [-1, -1, 93, 109, -1, 20, 14, 115, 101, -1, -1, -1], [-1, 44, 75, -1, -1, -1, 74, 46, -1, 27, 107, 102], [-1, 86, 70, -1, -1, -1, -1, -1, -1, -1, 33, -1], [9, -1, -1, 59, -1, -1, 94, 119, 32, -1, 103, -1], [-1, -1, 22, -1, 76, -1, 111, 79, 110, -1, 98, 5], [-1, 52, 28, -1, 92, 15, 117, -1, 113, 47, -1, 80], [40, 29, 91, 13, 100, -1, 106, 35, 57, 56, 66, -1], [78, -1, -1, 71, -1, 19, -1, -1, -1, -1, 104, -1], [-1, -1, 120, -1, -1, 64, -1, 17, -1, 118, -1, -1]], "target_index": 100, "target_rc": [8, 4], "target_value": 69, "confidence": 0.9859128617112601, "module_label": "M2"}