{"grid": [[-1, -1, 55, -1, 30, -1, -1, 38, 101, -1, 2, 10], [74, 93, -1, 31, -1, 22, -1, 108, 8, 60, -1, 100], [3, 114, -1, -1, -1, -1, -1, 5, 20, -1, 51, -1], [-1, 104, -1, 58, -1, 52, -1, -1, -1, 113, 13, 19], [41, -1, -1, -1, 32, 23, 66, 61, 26, -1, -1, -1], [103, -1, 12, 70, 9, -1, 118, -1, -1, 29, -1, -1], [97, 95, -1, -1, -1, -1, -1, 39, 71, -1, -1, 86], [-1, -1, 47, -1, 115, 40, -1, 107, -1, 69, 82, 28], [-1, -1, 6, -1, -1, 7, 81, -1, -1, 94, 56, -1], [75, -1, -1, 45, -1, -1, 24, -1, 63, -1, 112, 91]], "target_index": 58, "target_rc": [4, 10], "target_value": 109, "confidence": 0.9449082923697533, "module_label": "A8"}