{"grid": [[-1, 28, 4, 23, -1, 37, 16, -1, -1, -1, -1, -1], [81, 29, -1, 64, -1, -1, -1, 63, -1, -1, 69, 75], [-1, 33, 58, -1, -1, 76, -1, -1, 79, -1, 20, -1], [-1, -1, 70, 12, 1, 26, 78, -1, -1, 62, 91, -1], [67, -1, 94, -1, -1, -1, -1, -1, -1, -1, 80, -1], [11, 108, 113, -1, -1, -1, -1, -1, 13, -1, 65, 24], [31, 106, 107, -1, -1, 43, 109, 52, 59, -1, -1, -1], [27, 73, -1, 112, -1, -1, -1, -1, -1, 71, 95, 17], [-1, 9, 54, 97, 101, -1, -1, 57, 61, 3, -1, -1], [-1, 82, 100, -1, 60, 83, -1, 89, 98, 14, 66, -1]], "target_index": 30, "target_rc": [2, 6], "target_value": 15, "confidence": 0.9367568796333812, "module_label": "A8"}