特徵,模型,遮蔽格,樣本數,命中率,模型檔
basic,logistic,2,100,0.016666666666666666,models/model_basic_logistic_mask2_n100.joblib
basic,logistic,2,300,0.018253968253968255,models/model_basic_logistic_mask2_n300.joblib
basic,logistic,2,500,0.01904761904761905,models/model_basic_logistic_mask2_n500.joblib
basic,logistic,3,100,0.022222222222222223,models/model_basic_logistic_mask3_n100.joblib
basic,logistic,3,300,0.0164021164021164,models/model_basic_logistic_mask3_n300.joblib
basic,logistic,3,500,0.022857142857142857,models/model_basic_logistic_mask3_n500.joblib
basic,logistic,4,100,0.02142857142857143,models/model_basic_logistic_mask4_n100.joblib
basic,logistic,4,300,0.015873015873015872,models/model_basic_logistic_mask4_n300.joblib
basic,logistic,4,500,0.023333333333333334,models/model_basic_logistic_mask4_n500.joblib
basic,rf,2,100,0.36666666666666664,models/model_basic_rf_mask2_n100.joblib
basic,rf,2,300,0.38015873015873014,models/model_basic_rf_mask2_n300.joblib
basic,rf,2,500,0.38,models/model_basic_rf_mask2_n500.joblib
basic,rf,3,100,0.3476190476190476,models/model_basic_rf_mask3_n100.joblib
basic,rf,3,300,0.3968253968253968,models/model_basic_rf_mask3_n300.joblib
basic,rf,3,500,0.39936507936507937,models/model_basic_rf_mask3_n500.joblib
basic,rf,4,100,0.375,models/model_basic_rf_mask4_n100.joblib
basic,rf,4,300,0.3821428571428571,models/model_basic_rf_mask4_n300.joblib
basic,rf,4,500,0.3964285714285714,models/model_basic_rf_mask4_n500.joblib
tail,logistic,2,100,0.009523809523809525,models/model_tail_logistic_mask2_n100.joblib
tail,logistic,2,300,0.024603174603174603,models/model_tail_logistic_mask2_n300.joblib
tail,logistic,2,500,0.02857142857142857,models/model_tail_logistic_mask2_n500.joblib
tail,logistic,3,100,0.006349206349206349,models/model_tail_logistic_mask3_n100.joblib
tail,logistic,3,300,0.03756613756613757,models/model_tail_logistic_mask3_n300.joblib
tail,logistic,3,500,0.026349206349206348,models/model_tail_logistic_mask3_n500.joblib
tail,logistic,4,100,0.02738095238095238,models/model_tail_logistic_mask4_n100.joblib
tail,logistic,4,300,0.023809523809523808,models/model_tail_logistic_mask4_n300.joblib
tail,logistic,4,500,0.02,models/model_tail_logistic_mask4_n500.joblib
tail,rf,2,100,0.3380952380952381,models/model_tail_rf_mask2_n100.joblib
tail,rf,2,300,0.396031746031746,models/model_tail_rf_mask2_n300.joblib
tail,rf,2,500,0.3919047619047619,models/model_tail_rf_mask2_n500.joblib
tail,rf,3,100,0.3349206349206349,models/model_tail_rf_mask3_n100.joblib
tail,rf,3,300,0.39365079365079364,models/model_tail_rf_mask3_n300.joblib
tail,rf,3,500,0.4053968253968254,models/model_tail_rf_mask3_n500.joblib
tail,rf,4,100,0.35,models/model_tail_rf_mask4_n100.joblib
tail,rf,4,300,0.4,models/model_tail_rf_mask4_n300.joblib
tail,rf,4,500,0.39666666666666667,models/model_tail_rf_mask4_n500.joblib
odd_even,logistic,2,100,0.016666666666666666,models/model_odd_even_logistic_mask2_n100.joblib
odd_even,logistic,2,300,0.024603174603174603,models/model_odd_even_logistic_mask2_n300.joblib
odd_even,logistic,2,500,0.019523809523809523,models/model_odd_even_logistic_mask2_n500.joblib
odd_even,logistic,3,100,0.023809523809523808,models/model_odd_even_logistic_mask3_n100.joblib
odd_even,logistic,3,300,0.021164021164021163,models/model_odd_even_logistic_mask3_n300.joblib
odd_even,logistic,3,500,0.040634920634920635,models/model_odd_even_logistic_mask3_n500.joblib
odd_even,logistic,4,100,0.025,models/model_odd_even_logistic_mask4_n100.joblib
odd_even,logistic,4,300,0.02142857142857143,models/model_odd_even_logistic_mask4_n300.joblib
odd_even,logistic,4,500,0.025238095238095237,models/model_odd_even_logistic_mask4_n500.joblib
odd_even,rf,2,100,0.30238095238095236,models/model_odd_even_rf_mask2_n100.joblib
odd_even,rf,2,300,0.37222222222222223,models/model_odd_even_rf_mask2_n300.joblib
odd_even,rf,2,500,0.3976190476190476,models/model_odd_even_rf_mask2_n500.joblib
odd_even,rf,3,100,0.3396825396825397,models/model_odd_even_rf_mask3_n100.joblib
odd_even,rf,3,300,0.37354497354497357,models/model_odd_even_rf_mask3_n300.joblib
odd_even,rf,3,500,0.39111111111111113,models/model_odd_even_rf_mask3_n500.joblib
odd_even,rf,4,100,0.3607142857142857,models/model_odd_even_rf_mask4_n100.joblib
odd_even,rf,4,300,0.3876984126984127,models/model_odd_even_rf_mask4_n300.joblib
odd_even,rf,4,500,0.3911904761904762,models/model_odd_even_rf_mask4_n500.joblib
zone,logistic,2,100,0.02142857142857143,models/model_zone_logistic_mask2_n100.joblib
zone,logistic,2,300,0.02142857142857143,models/model_zone_logistic_mask2_n300.joblib
zone,logistic,2,500,0.03619047619047619,models/model_zone_logistic_mask2_n500.joblib
zone,logistic,3,100,0.03015873015873016,models/model_zone_logistic_mask3_n100.joblib
zone,logistic,3,300,0.028042328042328042,models/model_zone_logistic_mask3_n300.joblib
zone,logistic,3,500,0.025396825396825397,models/model_zone_logistic_mask3_n500.joblib
zone,logistic,4,100,0.02976190476190476,models/model_zone_logistic_mask4_n100.joblib
zone,logistic,4,300,0.029365079365079365,models/model_zone_logistic_mask4_n300.joblib
zone,logistic,4,500,0.02,models/model_zone_logistic_mask4_n500.joblib
zone,rf,2,100,0.35,models/model_zone_rf_mask2_n100.joblib
zone,rf,2,300,0.3976190476190476,models/model_zone_rf_mask2_n300.joblib
zone,rf,2,500,0.39571428571428574,models/model_zone_rf_mask2_n500.joblib
zone,rf,3,100,0.3412698412698413,models/model_zone_rf_mask3_n100.joblib
zone,rf,3,300,0.3931216931216931,models/model_zone_rf_mask3_n300.joblib
zone,rf,3,500,0.39365079365079364,models/model_zone_rf_mask3_n500.joblib
zone,rf,4,100,0.3892857142857143,models/model_zone_rf_mask4_n100.joblib
zone,rf,4,300,0.3900793650793651,models/model_zone_rf_mask4_n300.joblib
zone,rf,4,500,0.39261904761904765,models/model_zone_rf_mask4_n500.joblib
full,logistic,2,100,0.009523809523809525,models/model_full_logistic_mask2_n100.joblib
full,logistic,2,300,0.03015873015873016,models/model_full_logistic_mask2_n300.joblib
full,logistic,2,500,0.01619047619047619,models/model_full_logistic_mask2_n500.joblib
full,logistic,3,100,0.020634920634920634,models/model_full_logistic_mask3_n100.joblib
full,logistic,3,300,0.021164021164021163,models/model_full_logistic_mask3_n300.joblib
full,logistic,3,500,0.03333333333333333,models/model_full_logistic_mask3_n500.joblib
full,logistic,4,100,0.017857142857142856,models/model_full_logistic_mask4_n100.joblib
full,logistic,4,300,0.021825396825396824,models/model_full_logistic_mask4_n300.joblib
full,logistic,4,500,0.02119047619047619,models/model_full_logistic_mask4_n500.joblib
full,rf,2,100,0.35714285714285715,models/model_full_rf_mask2_n100.joblib
full,rf,2,300,0.3825396825396825,models/model_full_rf_mask2_n300.joblib
full,rf,2,500,0.38952380952380955,models/model_full_rf_mask2_n500.joblib
full,rf,3,100,0.3476190476190476,models/model_full_rf_mask3_n100.joblib
full,rf,3,300,0.3952380952380952,models/model_full_rf_mask3_n300.joblib
full,rf,3,500,0.3907936507936508,models/model_full_rf_mask3_n500.joblib
full,rf,4,100,0.3821428571428571,models/model_full_rf_mask4_n100.joblib
full,rf,4,300,0.4031746031746032,models/model_full_rf_mask4_n300.joblib
full,rf,4,500,0.3773809523809524,models/model_full_rf_mask4_n500.joblib
